source_symbol,numeric_alias,source_label,label_evidence,proposed_owner,proposed_destination,disposition,default_bindings,default_evidence,persisted_context_policy,legacy_G_route,legacy_S_route,legacy_E_route,legacy_V_route,legacy_A_route,exceptions,target_eligibility,definition,consumer_evidence
"AUDIO_COMMIT_ALT","1000","Commit alt","https://github.com/altqx/hikari/blob/20d647c4c769ab7f5d383cf3c1c33f03876a94e9/HikariSub/HotkeysNaming.cpp#L48","Audio timing/audition","Audio timing/audition — retain operation: Commit alt","retain-operation-proposed","AUDIO_HOTKEY:G","https://github.com/altqx/hikari/blob/20d647c4c769ab7f5d383cf3c1c33f03876a94e9/HikariSub/Hotkeys.cpp#L201","Keep source G/S/E/V/A independently of numeric family; no blanket eligibility or new precedence approved","R-G: dispatch through active tab window handler; resource gates apply","R-S: Grid ConnectAcc; ALT IDs below1010 connect using ID+10","R-E: installed; Audio command handling not established here","R-V: installed; Audio command handling not established here","R-A: Audio table; own Audio handlers; additionally Grid receives A-context entry (handler support separately gated)","ALT ID retained separately; Grid connects handler ID+10 ; G route with absent Audio can fall through to Video by source else-if chain; not normalized","Requires operation-specific active Document, selection, format, resource and protection checks; not inferred from registry or default context","https://github.com/altqx/hikari/blob/20d647c4c769ab7f5d383cf3c1c33f03876a94e9/HikariSub/Hotkeys.h#L27","No direct symbol consumer found; retain unresolved handler availability"
"AUDIO_PLAY_ALT","1001","Play alt","https://github.com/altqx/hikari/blob/20d647c4c769ab7f5d383cf3c1c33f03876a94e9/HikariSub/HotkeysNaming.cpp#L54","Audio timing/audition","Audio timing/audition — retain operation: Play alt","retain-operation-proposed","AUDIO_HOTKEY:S","https://github.com/altqx/hikari/blob/20d647c4c769ab7f5d383cf3c1c33f03876a94e9/HikariSub/Hotkeys.cpp#L207","Keep source G/S/E/V/A independently of numeric family; no blanket eligibility or new precedence approved","R-G: dispatch through active tab window handler; resource gates apply","R-S: Grid ConnectAcc; ALT IDs below1010 connect using ID+10","R-E: installed; Audio command handling not established here","R-V: installed; Audio command handling not established here","R-A: Audio table; own Audio handlers; additionally Grid receives A-context entry (handler support separately gated)","ALT ID retained separately; Grid connects handler ID+10 ; G route with absent Audio can fall through to Video by source else-if chain; not normalized","Requires operation-specific active Document, selection, format, resource and protection checks; not inferred from registry or default context","https://github.com/altqx/hikari/blob/20d647c4c769ab7f5d383cf3c1c33f03876a94e9/HikariSub/Hotkeys.h#L28","No direct symbol consumer found; retain unresolved handler availability"
"AUDIO_PLAY_LINE_ALT","1002","Play line alt","https://github.com/altqx/hikari/blob/20d647c4c769ab7f5d383cf3c1c33f03876a94e9/HikariSub/HotkeysNaming.cpp#L56","Audio timing/audition","Audio timing/audition — retain operation: Play line alt","retain-operation-proposed","AUDIO_HOTKEY:R","https://github.com/altqx/hikari/blob/20d647c4c769ab7f5d383cf3c1c33f03876a94e9/HikariSub/Hotkeys.cpp#L209","Keep source G/S/E/V/A independently of numeric family; no blanket eligibility or new precedence approved","R-G: dispatch through active tab window handler; resource gates apply","R-S: Grid ConnectAcc; ALT IDs below1010 connect using ID+10","R-E: installed; Audio command handling not established here","R-V: installed; Audio command handling not established here","R-A: Audio table; own Audio handlers; additionally Grid receives A-context entry (handler support separately gated)","ALT ID retained separately; Grid connects handler ID+10 ; G route with absent Audio can fall through to Video by source else-if chain; not normalized","Requires operation-specific active Document, selection, format, resource and protection checks; not inferred from registry or default context","https://github.com/altqx/hikari/blob/20d647c4c769ab7f5d383cf3c1c33f03876a94e9/HikariSub/Hotkeys.h#L29","No direct symbol consumer found; retain unresolved handler availability"
"AUDIO_PREVIOUS_ALT","1003","Previous line alt","https://github.com/altqx/hikari/blob/20d647c4c769ab7f5d383cf3c1c33f03876a94e9/HikariSub/HotkeysNaming.cpp#L50","Audio timing/audition","Audio timing/audition — retain operation: Previous line alt","retain-operation-proposed","AUDIO_HOTKEY:Z","https://github.com/altqx/hikari/blob/20d647c4c769ab7f5d383cf3c1c33f03876a94e9/HikariSub/Hotkeys.cpp#L203","Keep source G/S/E/V/A independently of numeric family; no blanket eligibility or new precedence approved","R-G: dispatch through active tab window handler; resource gates apply","R-S: Grid ConnectAcc; ALT IDs below1010 connect using ID+10","R-E: installed; Audio command handling not established here","R-V: installed; Audio command handling not established here","R-A: Audio table; own Audio handlers; additionally Grid receives A-context entry (handler support separately gated)","ALT ID retained separately; Grid connects handler ID+10 ; G route with absent Audio can fall through to Video by source else-if chain; not normalized","Requires operation-specific active Document, selection, format, resource and protection checks; not inferred from registry or default context","https://github.com/altqx/hikari/blob/20d647c4c769ab7f5d383cf3c1c33f03876a94e9/HikariSub/Hotkeys.h#L30","No direct symbol consumer found; retain unresolved handler availability"
"AUDIO_NEXT_ALT","1004","Next line alt","https://github.com/altqx/hikari/blob/20d647c4c769ab7f5d383cf3c1c33f03876a94e9/HikariSub/HotkeysNaming.cpp#L52","Audio timing/audition","Audio timing/audition — retain operation: Next line alt","retain-operation-proposed","AUDIO_HOTKEY:X","https://github.com/altqx/hikari/blob/20d647c4c769ab7f5d383cf3c1c33f03876a94e9/HikariSub/Hotkeys.cpp#L205","Keep source G/S/E/V/A independently of numeric family; no blanket eligibility or new precedence approved","R-G: dispatch through active tab window handler; resource gates apply","R-S: Grid ConnectAcc; ALT IDs below1010 connect using ID+10","R-E: installed; Audio command handling not established here","R-V: installed; Audio command handling not established here","R-A: Audio table; own Audio handlers; additionally Grid receives A-context entry (handler support separately gated)","ALT ID retained separately; Grid connects handler ID+10 ; G route with absent Audio can fall through to Video by source else-if chain; not normalized","Requires operation-specific active Document, selection, format, resource and protection checks; not inferred from registry or default context","https://github.com/altqx/hikari/blob/20d647c4c769ab7f5d383cf3c1c33f03876a94e9/HikariSub/Hotkeys.h#L31","No direct symbol consumer found; retain unresolved handler availability"
"AUDIO_COMMIT","1010","Commit","https://github.com/altqx/hikari/blob/20d647c4c769ab7f5d383cf3c1c33f03876a94e9/HikariSub/HotkeysNaming.cpp#L47","Audio timing/audition","Audio timing/audition — retain operation: Commit","retain-operation-proposed","AUDIO_HOTKEY:Enter","https://github.com/altqx/hikari/blob/20d647c4c769ab7f5d383cf3c1c33f03876a94e9/HikariSub/Hotkeys.cpp#L200","Keep source G/S/E/V/A independently of numeric family; no blanket eligibility or new precedence approved","R-G: dispatch through active tab window handler; resource gates apply","R-S: omitted from Grid accelerator table","R-E: installed; Audio command handling not established here","R-V: installed; Audio command handling not established here","R-A: Audio table; own Audio handlers; additionally not installed in Grid","G route with absent Audio can fall through to Video by source else-if chain; not normalized","Requires operation-specific active Document, selection, format, resource and protection checks; not inferred from registry or default context","https://github.com/altqx/hikari/blob/20d647c4c769ab7f5d383cf3c1c33f03876a94e9/HikariSub/Hotkeys.h#L32","https://github.com/altqx/hikari/blob/20d647c4c769ab7f5d383cf3c1c33f03876a94e9/HikariSub/AudioBox.cpp#L189 ; https://github.com/altqx/hikari/blob/20d647c4c769ab7f5d383cf3c1c33f03876a94e9/HikariSub/TabPanel.cpp#L169"
"AUDIO_PLAY","1011","Play","https://github.com/altqx/hikari/blob/20d647c4c769ab7f5d383cf3c1c33f03876a94e9/HikariSub/HotkeysNaming.cpp#L53","Audio timing/audition","Audio timing/audition — retain operation: Play","retain-operation-proposed","AUDIO_HOTKEY:Down","https://github.com/altqx/hikari/blob/20d647c4c769ab7f5d383cf3c1c33f03876a94e9/HikariSub/Hotkeys.cpp#L206","Keep source G/S/E/V/A independently of numeric family; no blanket eligibility or new precedence approved","R-G: dispatch through active tab window handler; resource gates apply","R-S: omitted from Grid accelerator table","R-E: installed; Audio command handling not established here","R-V: installed; Audio command handling not established here","R-A: Audio table; own Audio handlers; additionally not installed in Grid","G route with absent Audio can fall through to Video by source else-if chain; not normalized","Requires operation-specific active Document, selection, format, resource and protection checks; not inferred from registry or default context","https://github.com/altqx/hikari/blob/20d647c4c769ab7f5d383cf3c1c33f03876a94e9/HikariSub/Hotkeys.h#L33","https://github.com/altqx/hikari/blob/20d647c4c769ab7f5d383cf3c1c33f03876a94e9/HikariSub/AudioBox.cpp#L157"
"AUDIO_PLAY_LINE","1012","Play line","https://github.com/altqx/hikari/blob/20d647c4c769ab7f5d383cf3c1c33f03876a94e9/HikariSub/HotkeysNaming.cpp#L55","Audio timing/audition","Audio timing/audition — retain operation: Play line","retain-operation-proposed","AUDIO_HOTKEY:Up","https://github.com/altqx/hikari/blob/20d647c4c769ab7f5d383cf3c1c33f03876a94e9/HikariSub/Hotkeys.cpp#L208","Keep source G/S/E/V/A independently of numeric family; no blanket eligibility or new precedence approved","R-G: dispatch through active tab window handler; resource gates apply","R-S: omitted from Grid accelerator table","R-E: installed; Audio command handling not established here","R-V: installed; Audio command handling not established here","R-A: Audio table; own Audio handlers; additionally not installed in Grid","G route with absent Audio can fall through to Video by source else-if chain; not normalized","Requires operation-specific active Document, selection, format, resource and protection checks; not inferred from registry or default context","https://github.com/altqx/hikari/blob/20d647c4c769ab7f5d383cf3c1c33f03876a94e9/HikariSub/Hotkeys.h#L34","https://github.com/altqx/hikari/blob/20d647c4c769ab7f5d383cf3c1c33f03876a94e9/HikariSub/AudioBox.cpp#L161"
"AUDIO_PREVIOUS","1013","Previous line","https://github.com/altqx/hikari/blob/20d647c4c769ab7f5d383cf3c1c33f03876a94e9/HikariSub/HotkeysNaming.cpp#L49","Audio timing/audition","Audio timing/audition — retain operation: Previous line","retain-operation-proposed","AUDIO_HOTKEY:Left","https://github.com/altqx/hikari/blob/20d647c4c769ab7f5d383cf3c1c33f03876a94e9/HikariSub/Hotkeys.cpp#L202","Keep source G/S/E/V/A independently of numeric family; no blanket eligibility or new precedence approved","R-G: dispatch through active tab window handler; resource gates apply","R-S: omitted from Grid accelerator table","R-E: installed; Audio command handling not established here","R-V: installed; Audio command handling not established here","R-A: Audio table; own Audio handlers; additionally not installed in Grid","G route with absent Audio can fall through to Video by source else-if chain; not normalized","Requires operation-specific active Document, selection, format, resource and protection checks; not inferred from registry or default context","https://github.com/altqx/hikari/blob/20d647c4c769ab7f5d383cf3c1c33f03876a94e9/HikariSub/Hotkeys.h#L35","https://github.com/altqx/hikari/blob/20d647c4c769ab7f5d383cf3c1c33f03876a94e9/HikariSub/AudioBox.cpp#L149"
"AUDIO_NEXT","1014","Next line","https://github.com/altqx/hikari/blob/20d647c4c769ab7f5d383cf3c1c33f03876a94e9/HikariSub/HotkeysNaming.cpp#L51","Audio timing/audition","Audio timing/audition — retain operation: Next line","retain-operation-proposed","AUDIO_HOTKEY:Right","https://github.com/altqx/hikari/blob/20d647c4c769ab7f5d383cf3c1c33f03876a94e9/HikariSub/Hotkeys.cpp#L204","Keep source G/S/E/V/A independently of numeric family; no blanket eligibility or new precedence approved","R-G: dispatch through active tab window handler; resource gates apply","R-S: omitted from Grid accelerator table","R-E: installed; Audio command handling not established here","R-V: installed; Audio command handling not established here","R-A: Audio table; own Audio handlers; additionally not installed in Grid","G route with absent Audio can fall through to Video by source else-if chain; not normalized","Requires operation-specific active Document, selection, format, resource and protection checks; not inferred from registry or default context","https://github.com/altqx/hikari/blob/20d647c4c769ab7f5d383cf3c1c33f03876a94e9/HikariSub/Hotkeys.h#L36","https://github.com/altqx/hikari/blob/20d647c4c769ab7f5d383cf3c1c33f03876a94e9/HikariSub/AudioBox.cpp#L153 ; https://github.com/altqx/hikari/blob/20d647c4c769ab7f5d383cf3c1c33f03876a94e9/HikariSub/TabPanel.cpp#L169"
"AUDIO_STOP","1015","Stop","https://github.com/altqx/hikari/blob/20d647c4c769ab7f5d383cf3c1c33f03876a94e9/HikariSub/HotkeysNaming.cpp#L57","Audio timing/audition","Audio timing/audition — retain operation: Stop","retain-operation-proposed","AUDIO_HOTKEY:H","https://github.com/altqx/hikari/blob/20d647c4c769ab7f5d383cf3c1c33f03876a94e9/HikariSub/Hotkeys.cpp#L210","Keep source G/S/E/V/A independently of numeric family; no blanket eligibility or new precedence approved","R-G: dispatch through active tab window handler; resource gates apply","R-S: Grid ConnectAcc; ALT IDs below1010 connect using ID+10","R-E: installed; Audio command handling not established here","R-V: installed; Audio command handling not established here","R-A: Audio table; own Audio handlers; additionally Grid receives A-context entry (handler support separately gated)","G route with absent Audio can fall through to Video by source else-if chain; not normalized","Requires operation-specific active Document, selection, format, resource and protection checks; not inferred from registry or default context","https://github.com/altqx/hikari/blob/20d647c4c769ab7f5d383cf3c1c33f03876a94e9/HikariSub/Hotkeys.h#L37","https://github.com/altqx/hikari/blob/20d647c4c769ab7f5d383cf3c1c33f03876a94e9/HikariSub/AudioBox.cpp#L165"
"AUDIO_PLAY_BEFORE_MARK","1016","Play before the marker","https://github.com/altqx/hikari/blob/20d647c4c769ab7f5d383cf3c1c33f03876a94e9/HikariSub/HotkeysNaming.cpp#L61","Audio timing/audition","Audio timing/audition — retain operation: Play before the marker","retain-operation-proposed","AUDIO_HOTKEY:Num 0","https://github.com/altqx/hikari/blob/20d647c4c769ab7f5d383cf3c1c33f03876a94e9/HikariSub/Hotkeys.cpp#L214","Keep source G/S/E/V/A independently of numeric family; no blanket eligibility or new precedence approved","R-G: dispatch through active tab window handler; resource gates apply","R-S: Grid ConnectAcc; ALT IDs below1010 connect using ID+10","R-E: installed; Audio command handling not established here","R-V: installed; Audio command handling not established here","R-A: Audio table; own Audio handlers; additionally Grid receives A-context entry (handler support separately gated)","G route with absent Audio can fall through to Video by source else-if chain; not normalized","Requires operation-specific active Document, selection, format, resource and protection checks; not inferred from registry or default context","https://github.com/altqx/hikari/blob/20d647c4c769ab7f5d383cf3c1c33f03876a94e9/HikariSub/Hotkeys.h#L38","https://github.com/altqx/hikari/blob/20d647c4c769ab7f5d383cf3c1c33f03876a94e9/HikariSub/AudioBox.cpp#L168"
"AUDIO_PLAY_AFTER_MARK","1017","Play after the marker","https://github.com/altqx/hikari/blob/20d647c4c769ab7f5d383cf3c1c33f03876a94e9/HikariSub/HotkeysNaming.cpp#L62","Audio timing/audition","Audio timing/audition — retain operation: Play after the marker","retain-operation-proposed","AUDIO_HOTKEY:Num .","https://github.com/altqx/hikari/blob/20d647c4c769ab7f5d383cf3c1c33f03876a94e9/HikariSub/Hotkeys.cpp#L215","Keep source G/S/E/V/A independently of numeric family; no blanket eligibility or new precedence approved","R-G: dispatch through active tab window handler; resource gates apply","R-S: Grid ConnectAcc; ALT IDs below1010 connect using ID+10","R-E: installed; Audio command handling not established here","R-V: installed; Audio command handling not established here","R-A: Audio table; own Audio handlers; additionally Grid receives A-context entry (handler support separately gated)","G route with absent Audio can fall through to Video by source else-if chain; not normalized","Requires operation-specific active Document, selection, format, resource and protection checks; not inferred from registry or default context","https://github.com/altqx/hikari/blob/20d647c4c769ab7f5d383cf3c1c33f03876a94e9/HikariSub/Hotkeys.h#L39","https://github.com/altqx/hikari/blob/20d647c4c769ab7f5d383cf3c1c33f03876a94e9/HikariSub/AudioBox.cpp#L170"
"AUDIO_PLAY_500MS_BEFORE","1018","Play 500ms before","https://github.com/altqx/hikari/blob/20d647c4c769ab7f5d383cf3c1c33f03876a94e9/HikariSub/HotkeysNaming.cpp#L65","Audio timing/audition","Audio timing/audition — retain operation: Play 500ms before","retain-operation-proposed","AUDIO_HOTKEY:Q","https://github.com/altqx/hikari/blob/20d647c4c769ab7f5d383cf3c1c33f03876a94e9/HikariSub/Hotkeys.cpp#L218","Keep source G/S/E/V/A independently of numeric family; no blanket eligibility or new precedence approved","R-G: dispatch through active tab window handler; resource gates apply","R-S: Grid ConnectAcc; ALT IDs below1010 connect using ID+10","R-E: installed; Audio command handling not established here","R-V: installed; Audio command handling not established here","R-A: Audio table; own Audio handlers; additionally Grid receives A-context entry (handler support separately gated)","G route with absent Audio can fall through to Video by source else-if chain; not normalized","Requires operation-specific active Document, selection, format, resource and protection checks; not inferred from registry or default context","https://github.com/altqx/hikari/blob/20d647c4c769ab7f5d383cf3c1c33f03876a94e9/HikariSub/Hotkeys.h#L40","https://github.com/altqx/hikari/blob/20d647c4c769ab7f5d383cf3c1c33f03876a94e9/HikariSub/AudioBox.cpp#L173"
"AUDIO_PLAY_500MS_AFTER","1019","Play 500ms after","https://github.com/altqx/hikari/blob/20d647c4c769ab7f5d383cf3c1c33f03876a94e9/HikariSub/HotkeysNaming.cpp#L66","Audio timing/audition","Audio timing/audition — retain operation: Play 500ms after","retain-operation-proposed","AUDIO_HOTKEY:W","https://github.com/altqx/hikari/blob/20d647c4c769ab7f5d383cf3c1c33f03876a94e9/HikariSub/Hotkeys.cpp#L219","Keep source G/S/E/V/A independently of numeric family; no blanket eligibility or new precedence approved","R-G: dispatch through active tab window handler; resource gates apply","R-S: Grid ConnectAcc; ALT IDs below1010 connect using ID+10","R-E: installed; Audio command handling not established here","R-V: installed; Audio command handling not established here","R-A: Audio table; own Audio handlers; additionally Grid receives A-context entry (handler support separately gated)","G route with absent Audio can fall through to Video by source else-if chain; not normalized","Requires operation-specific active Document, selection, format, resource and protection checks; not inferred from registry or default context","https://github.com/altqx/hikari/blob/20d647c4c769ab7f5d383cf3c1c33f03876a94e9/HikariSub/Hotkeys.h#L41","https://github.com/altqx/hikari/blob/20d647c4c769ab7f5d383cf3c1c33f03876a94e9/HikariSub/AudioBox.cpp#L179"
"AUDIO_PLAY_500MS_FIRST","1020","Play first 500ms","https://github.com/altqx/hikari/blob/20d647c4c769ab7f5d383cf3c1c33f03876a94e9/HikariSub/HotkeysNaming.cpp#L63","Audio timing/audition","Audio timing/audition — retain operation: Play first 500ms","retain-operation-proposed","AUDIO_HOTKEY:E","https://github.com/altqx/hikari/blob/20d647c4c769ab7f5d383cf3c1c33f03876a94e9/HikariSub/Hotkeys.cpp#L216","Keep source G/S/E/V/A independently of numeric family; no blanket eligibility or new precedence approved","R-G: dispatch through active tab window handler; resource gates apply","R-S: Grid ConnectAcc; ALT IDs below1010 connect using ID+10","R-E: installed; Audio command handling not established here","R-V: installed; Audio command handling not established here","R-A: Audio table; own Audio handlers; additionally Grid receives A-context entry (handler support separately gated)","G route with absent Audio can fall through to Video by source else-if chain; not normalized","Requires operation-specific active Document, selection, format, resource and protection checks; not inferred from registry or default context","https://github.com/altqx/hikari/blob/20d647c4c769ab7f5d383cf3c1c33f03876a94e9/HikariSub/Hotkeys.h#L42","https://github.com/altqx/hikari/blob/20d647c4c769ab7f5d383cf3c1c33f03876a94e9/HikariSub/AudioBox.cpp#L175"
"AUDIO_PLAY_500MS_LAST","1021","Play last 500ms","https://github.com/altqx/hikari/blob/20d647c4c769ab7f5d383cf3c1c33f03876a94e9/HikariSub/HotkeysNaming.cpp#L64","Audio timing/audition","Audio timing/audition — retain operation: Play last 500ms","retain-operation-proposed","AUDIO_HOTKEY:D","https://github.com/altqx/hikari/blob/20d647c4c769ab7f5d383cf3c1c33f03876a94e9/HikariSub/Hotkeys.cpp#L217","Keep source G/S/E/V/A independently of numeric family; no blanket eligibility or new precedence approved","R-G: dispatch through active tab window handler; resource gates apply","R-S: Grid ConnectAcc; ALT IDs below1010 connect using ID+10","R-E: installed; Audio command handling not established here","R-V: installed; Audio command handling not established here","R-A: Audio table; own Audio handlers; additionally Grid receives A-context entry (handler support separately gated)","G route with absent Audio can fall through to Video by source else-if chain; not normalized","Requires operation-specific active Document, selection, format, resource and protection checks; not inferred from registry or default context","https://github.com/altqx/hikari/blob/20d647c4c769ab7f5d383cf3c1c33f03876a94e9/HikariSub/Hotkeys.h#L43","https://github.com/altqx/hikari/blob/20d647c4c769ab7f5d383cf3c1c33f03876a94e9/HikariSub/AudioBox.cpp#L177"
"AUDIO_PLAY_TO_END","1022","Play to the end","https://github.com/altqx/hikari/blob/20d647c4c769ab7f5d383cf3c1c33f03876a94e9/HikariSub/HotkeysNaming.cpp#L67","Audio timing/audition","Audio timing/audition — retain operation: Play to the end","retain-operation-proposed","AUDIO_HOTKEY:T","https://github.com/altqx/hikari/blob/20d647c4c769ab7f5d383cf3c1c33f03876a94e9/HikariSub/Hotkeys.cpp#L220","Keep source G/S/E/V/A independently of numeric family; no blanket eligibility or new precedence approved","R-G: dispatch through active tab window handler; resource gates apply","R-S: Grid ConnectAcc; ALT IDs below1010 connect using ID+10","R-E: installed; Audio command handling not established here","R-V: installed; Audio command handling not established here","R-A: Audio table; own Audio handlers; additionally Grid receives A-context entry (handler support separately gated)","G route with absent Audio can fall through to Video by source else-if chain; not normalized","Requires operation-specific active Document, selection, format, resource and protection checks; not inferred from registry or default context","https://github.com/altqx/hikari/blob/20d647c4c769ab7f5d383cf3c1c33f03876a94e9/HikariSub/Hotkeys.h#L44","https://github.com/altqx/hikari/blob/20d647c4c769ab7f5d383cf3c1c33f03876a94e9/HikariSub/AudioBox.cpp#L181"
"AUDIO_SCROLL_LEFT","1023","Scroll right","https://github.com/altqx/hikari/blob/20d647c4c769ab7f5d383cf3c1c33f03876a94e9/HikariSub/HotkeysNaming.cpp#L60","Audio timing/audition","Audio timing/audition — retain operation: Scroll right","retain-operation-proposed","AUDIO_HOTKEY:F","https://github.com/altqx/hikari/blob/20d647c4c769ab7f5d383cf3c1c33f03876a94e9/HikariSub/Hotkeys.cpp#L213","Keep source G/S/E/V/A independently of numeric family; no blanket eligibility or new precedence approved","R-G: dispatch through active tab window handler; resource gates apply","R-S: Grid ConnectAcc; ALT IDs below1010 connect using ID+10","R-E: installed; Audio command handling not established here","R-V: installed; Audio command handling not established here","R-A: Audio table; own Audio handlers; additionally Grid receives A-context entry (handler support separately gated)","G route with absent Audio can fall through to Video by source else-if chain; not normalized","Requires operation-specific active Document, selection, format, resource and protection checks; not inferred from registry or default context","https://github.com/altqx/hikari/blob/20d647c4c769ab7f5d383cf3c1c33f03876a94e9/HikariSub/Hotkeys.h#L45","https://github.com/altqx/hikari/blob/20d647c4c769ab7f5d383cf3c1c33f03876a94e9/HikariSub/AudioBox.cpp#L693"
"AUDIO_SCROLL_RIGHT","1024","Scroll left","https://github.com/altqx/hikari/blob/20d647c4c769ab7f5d383cf3c1c33f03876a94e9/HikariSub/HotkeysNaming.cpp#L59","Audio timing/audition","Audio timing/audition — retain operation: Scroll left","retain-operation-proposed","AUDIO_HOTKEY:A","https://github.com/altqx/hikari/blob/20d647c4c769ab7f5d383cf3c1c33f03876a94e9/HikariSub/Hotkeys.cpp#L212","Keep source G/S/E/V/A independently of numeric family; no blanket eligibility or new precedence approved","R-G: dispatch through active tab window handler; resource gates apply","R-S: Grid ConnectAcc; ALT IDs below1010 connect using ID+10","R-E: installed; Audio command handling not established here","R-V: installed; Audio command handling not established here","R-A: Audio table; own Audio handlers; additionally Grid receives A-context entry (handler support separately gated)","G route with absent Audio can fall through to Video by source else-if chain; not normalized","Requires operation-specific active Document, selection, format, resource and protection checks; not inferred from registry or default context","https://github.com/altqx/hikari/blob/20d647c4c769ab7f5d383cf3c1c33f03876a94e9/HikariSub/Hotkeys.h#L46","https://github.com/altqx/hikari/blob/20d647c4c769ab7f5d383cf3c1c33f03876a94e9/HikariSub/AudioBox.cpp#L579"
"AUDIO_GOTO","1025","Go to selection","https://github.com/altqx/hikari/blob/20d647c4c769ab7f5d383cf3c1c33f03876a94e9/HikariSub/HotkeysNaming.cpp#L58","Audio timing/audition","Audio timing/audition — retain operation: Go to selection","retain-operation-proposed","AUDIO_HOTKEY:B","https://github.com/altqx/hikari/blob/20d647c4c769ab7f5d383cf3c1c33f03876a94e9/HikariSub/Hotkeys.cpp#L211","Keep source G/S/E/V/A independently of numeric family; no blanket eligibility or new precedence approved","R-G: dispatch through active tab window handler; resource gates apply","R-S: Grid ConnectAcc; ALT IDs below1010 connect using ID+10","R-E: installed; Audio command handling not established here","R-V: installed; Audio command handling not established here","R-A: Audio table; own Audio handlers; additionally Grid receives A-context entry (handler support separately gated)","G route with absent Audio can fall through to Video by source else-if chain; not normalized","Requires operation-specific active Document, selection, format, resource and protection checks; not inferred from registry or default context","https://github.com/altqx/hikari/blob/20d647c4c769ab7f5d383cf3c1c33f03876a94e9/HikariSub/Hotkeys.h#L47","https://github.com/altqx/hikari/blob/20d647c4c769ab7f5d383cf3c1c33f03876a94e9/HikariSub/AudioBox.cpp#L193"
"AUDIO_LEAD_IN","1026","Add lead-in","https://github.com/altqx/hikari/blob/20d647c4c769ab7f5d383cf3c1c33f03876a94e9/HikariSub/HotkeysNaming.cpp#L68","Audio timing/audition","Audio timing/audition — retain operation: Add lead-in","retain-operation-proposed","AUDIO_HOTKEY:C","https://github.com/altqx/hikari/blob/20d647c4c769ab7f5d383cf3c1c33f03876a94e9/HikariSub/Hotkeys.cpp#L221","Keep source G/S/E/V/A independently of numeric family; no blanket eligibility or new precedence approved","R-G: dispatch through active tab window handler; resource gates apply","R-S: Grid ConnectAcc; ALT IDs below1010 connect using ID+10","R-E: installed; Audio command handling not established here","R-V: installed; Audio command handling not established here","R-A: Audio table; own Audio handlers; additionally Grid receives A-context entry (handler support separately gated)","G route with absent Audio can fall through to Video by source else-if chain; not normalized","Requires operation-specific active Document, selection, format, resource and protection checks; not inferred from registry or default context","https://github.com/altqx/hikari/blob/20d647c4c769ab7f5d383cf3c1c33f03876a94e9/HikariSub/Hotkeys.h#L48","https://github.com/altqx/hikari/blob/20d647c4c769ab7f5d383cf3c1c33f03876a94e9/HikariSub/AudioBox.cpp#L184"
"AUDIO_LEAD_OUT","1027","Add lead-out","https://github.com/altqx/hikari/blob/20d647c4c769ab7f5d383cf3c1c33f03876a94e9/HikariSub/HotkeysNaming.cpp#L69","Audio timing/audition","Audio timing/audition — retain operation: Add lead-out","retain-operation-proposed","AUDIO_HOTKEY:V","https://github.com/altqx/hikari/blob/20d647c4c769ab7f5d383cf3c1c33f03876a94e9/HikariSub/Hotkeys.cpp#L222","Keep source G/S/E/V/A independently of numeric family; no blanket eligibility or new precedence approved","R-G: dispatch through active tab window handler; resource gates apply","R-S: Grid ConnectAcc; ALT IDs below1010 connect using ID+10","R-E: installed; Audio command handling not established here","R-V: installed; Audio command handling not established here","R-A: Audio table; own Audio handlers; additionally Grid receives A-context entry (handler support separately gated)","G route with absent Audio can fall through to Video by source else-if chain; not normalized","Requires operation-specific active Document, selection, format, resource and protection checks; not inferred from registry or default context","https://github.com/altqx/hikari/blob/20d647c4c769ab7f5d383cf3c1c33f03876a94e9/HikariSub/Hotkeys.h#L49","https://github.com/altqx/hikari/blob/20d647c4c769ab7f5d383cf3c1c33f03876a94e9/HikariSub/AudioBox.cpp#L186"
"VIDEO_PLAY_PAUSE","2000","Play / Pause","https://github.com/altqx/hikari/blob/20d647c4c769ab7f5d383cf3c1c33f03876a94e9/HikariSub/HotkeysNaming.cpp#L261","Video transport and visual tools","Video transport and visual tools — retain operation: Play / Pause","retain-operation-proposed","VIDEO_HOTKEY:Space","https://github.com/altqx/hikari/blob/20d647c4c769ab7f5d383cf3c1c33f03876a94e9/HikariSub/Hotkeys.cpp#L177","Keep source G/S/E/V/A independently of numeric family; no blanket eligibility or new precedence approved","R-G: dispatch through active tab window handler; resource gates apply","R-S: bind Video handler from Grid","R-E: bind Video handler from Editor","R-V: Video ConnectAcc; IDs2000..2003 also installed in Grid","R-A: Audio table binds Video handler; additionally Grid receives A-context entry (handler support separately gated)","V-context binding copied into Grid","Requires operation-specific active Document, selection, format, resource and protection checks; not inferred from registry or default context","https://github.com/altqx/hikari/blob/20d647c4c769ab7f5d383cf3c1c33f03876a94e9/HikariSub/Hotkeys.h#L50","https://github.com/altqx/hikari/blob/20d647c4c769ab7f5d383cf3c1c33f03876a94e9/HikariSub/DshowRenderer.cpp#L94 ; https://github.com/altqx/hikari/blob/20d647c4c769ab7f5d383cf3c1c33f03876a94e9/HikariSub/OptionsDialog.cpp#L95 ; https://github.com/altqx/hikari/blob/20d647c4c769ab7f5d383cf3c1c33f03876a94e9/HikariSub/RendererGStreamer.cpp#L420"
"VIDEO_STOP","2001","Stop","https://github.com/altqx/hikari/blob/20d647c4c769ab7f5d383cf3c1c33f03876a94e9/HikariSub/HotkeysNaming.cpp#L272","Video transport and visual tools","Video transport and visual tools — retain operation: Stop","retain-operation-proposed","No explicit default binding","None in LoadDefault","Keep source G/S/E/V/A independently of numeric family; no blanket eligibility or new precedence approved","R-G: dispatch through active tab window handler; resource gates apply","R-S: bind Video handler from Grid","R-E: bind Video handler from Editor","R-V: Video ConnectAcc; IDs2000..2003 also installed in Grid","R-A: Audio table binds Video handler; additionally Grid receives A-context entry (handler support separately gated)","V-context binding copied into Grid","Requires operation-specific active Document, selection, format, resource and protection checks; not inferred from registry or default context","https://github.com/altqx/hikari/blob/20d647c4c769ab7f5d383cf3c1c33f03876a94e9/HikariSub/Hotkeys.h#L51","https://github.com/altqx/hikari/blob/20d647c4c769ab7f5d383cf3c1c33f03876a94e9/HikariSub/VideoBox.cpp#L163 ; https://github.com/altqx/hikari/blob/20d647c4c769ab7f5d383cf3c1c33f03876a94e9/HikariSub/VideoFullscreen.cpp#L64"
"VIDEO_5_SECONDS_FORWARD","2002","5 seconds forward","https://github.com/altqx/hikari/blob/20d647c4c769ab7f5d383cf3c1c33f03876a94e9/HikariSub/HotkeysNaming.cpp#L263","Video transport and visual tools","Video transport and visual tools — retain operation: 5 seconds forward","retain-operation-proposed","VIDEO_HOTKEY:L","https://github.com/altqx/hikari/blob/20d647c4c769ab7f5d383cf3c1c33f03876a94e9/HikariSub/Hotkeys.cpp#L178","Keep source G/S/E/V/A independently of numeric family; no blanket eligibility or new precedence approved","R-G: dispatch through active tab window handler; resource gates apply","R-S: bind Video handler from Grid","R-E: bind Video handler from Editor","R-V: Video ConnectAcc; IDs2000..2003 also installed in Grid","R-A: Audio table binds Video handler; additionally Grid receives A-context entry (handler support separately gated)","V-context binding copied into Grid","Requires operation-specific active Document, selection, format, resource and protection checks; not inferred from registry or default context","https://github.com/altqx/hikari/blob/20d647c4c769ab7f5d383cf3c1c33f03876a94e9/HikariSub/Hotkeys.h#L52","https://github.com/altqx/hikari/blob/20d647c4c769ab7f5d383cf3c1c33f03876a94e9/HikariSub/SubsGrid.cpp#L827 ; https://github.com/altqx/hikari/blob/20d647c4c769ab7f5d383cf3c1c33f03876a94e9/HikariSub/VideoBox.cpp#L1142"
"VIDEO_5_SECONDS_BACKWARD","2003","5 seconds backward","https://github.com/altqx/hikari/blob/20d647c4c769ab7f5d383cf3c1c33f03876a94e9/HikariSub/HotkeysNaming.cpp#L256","Video transport and visual tools","Video transport and visual tools — retain operation: 5 seconds backward","retain-operation-proposed","VIDEO_HOTKEY:;","https://github.com/altqx/hikari/blob/20d647c4c769ab7f5d383cf3c1c33f03876a94e9/HikariSub/Hotkeys.cpp#L179","Keep source G/S/E/V/A independently of numeric family; no blanket eligibility or new precedence approved","R-G: dispatch through active tab window handler; resource gates apply","R-S: bind Video handler from Grid","R-E: bind Video handler from Editor","R-V: Video ConnectAcc; IDs2000..2003 also installed in Grid","R-A: Audio table binds Video handler; additionally Grid receives A-context entry (handler support separately gated)","V-context binding copied into Grid","Requires operation-specific active Document, selection, format, resource and protection checks; not inferred from registry or default context","https://github.com/altqx/hikari/blob/20d647c4c769ab7f5d383cf3c1c33f03876a94e9/HikariSub/Hotkeys.h#L53","https://github.com/altqx/hikari/blob/20d647c4c769ab7f5d383cf3c1c33f03876a94e9/HikariSub/OptionsDialog.cpp#L95 ; https://github.com/altqx/hikari/blob/20d647c4c769ab7f5d383cf3c1c33f03876a94e9/HikariSub/SubsGrid.cpp#L828 ; https://github.com/altqx/hikari/blob/20d647c4c769ab7f5d383cf3c1c33f03876a94e9/HikariSub/TabPanel.cpp#L184"
"VIDEO_MINUTE_BACKWARD","2004","1 minute backward","https://github.com/altqx/hikari/blob/20d647c4c769ab7f5d383cf3c1c33f03876a94e9/HikariSub/HotkeysNaming.cpp#L257","Video transport and visual tools","Video transport and visual tools — retain operation: 1 minute backward","retain-operation-proposed","VIDEO_HOTKEY:Down","https://github.com/altqx/hikari/blob/20d647c4c769ab7f5d383cf3c1c33f03876a94e9/HikariSub/Hotkeys.cpp#L181","Keep source G/S/E/V/A independently of numeric family; no blanket eligibility or new precedence approved","R-G: dispatch through active tab window handler; resource gates apply","R-S: bind Video handler from Grid","R-E: bind Video handler from Editor","R-V: Video ConnectAcc; IDs2000..2003 also installed in Grid","R-A: Audio table binds Video handler; additionally Grid receives A-context entry (handler support separately gated)","Fixed text/control routes and modal/IME handling still apply","Requires operation-specific active Document, selection, format, resource and protection checks; not inferred from registry or default context","https://github.com/altqx/hikari/blob/20d647c4c769ab7f5d383cf3c1c33f03876a94e9/HikariSub/Hotkeys.h#L54","https://github.com/altqx/hikari/blob/20d647c4c769ab7f5d383cf3c1c33f03876a94e9/HikariSub/VideoBox.cpp#L1143"
"VIDEO_MINUTE_FORWARD","2005","1 minute forward","https://github.com/altqx/hikari/blob/20d647c4c769ab7f5d383cf3c1c33f03876a94e9/HikariSub/HotkeysNaming.cpp#L264","Video transport and visual tools","Video transport and visual tools — retain operation: 1 minute forward","retain-operation-proposed","VIDEO_HOTKEY:Up","https://github.com/altqx/hikari/blob/20d647c4c769ab7f5d383cf3c1c33f03876a94e9/HikariSub/Hotkeys.cpp#L180","Keep source G/S/E/V/A independently of numeric family; no blanket eligibility or new precedence approved","R-G: dispatch through active tab window handler; resource gates apply","R-S: bind Video handler from Grid","R-E: bind Video handler from Editor","R-V: Video ConnectAcc; IDs2000..2003 also installed in Grid","R-A: Audio table binds Video handler; additionally Grid receives A-context entry (handler support separately gated)","Fixed text/control routes and modal/IME handling still apply","Requires operation-specific active Document, selection, format, resource and protection checks; not inferred from registry or default context","https://github.com/altqx/hikari/blob/20d647c4c769ab7f5d383cf3c1c33f03876a94e9/HikariSub/Hotkeys.h#L55","https://github.com/altqx/hikari/blob/20d647c4c769ab7f5d383cf3c1c33f03876a94e9/HikariSub/VideoBox.cpp#L1144"
"VIDEO_VOLUME_PLUS","2006","Volume up","https://github.com/altqx/hikari/blob/20d647c4c769ab7f5d383cf3c1c33f03876a94e9/HikariSub/HotkeysNaming.cpp#L269","Video transport and visual tools","Video transport and visual tools — retain operation: Volume up","retain-operation-proposed","VIDEO_HOTKEY:Num .","https://github.com/altqx/hikari/blob/20d647c4c769ab7f5d383cf3c1c33f03876a94e9/HikariSub/Hotkeys.cpp#L184","Keep source G/S/E/V/A independently of numeric family; no blanket eligibility or new precedence approved","R-G: dispatch through active tab window handler; resource gates apply","R-S: bind Video handler from Grid","R-E: bind Video handler from Editor","R-V: Video ConnectAcc; IDs2000..2003 also installed in Grid","R-A: Audio table binds Video handler; additionally Grid receives A-context entry (handler support separately gated)","Fixed text/control routes and modal/IME handling still apply","Requires operation-specific active Document, selection, format, resource and protection checks; not inferred from registry or default context","https://github.com/altqx/hikari/blob/20d647c4c769ab7f5d383cf3c1c33f03876a94e9/HikariSub/Hotkeys.h#L56","https://github.com/altqx/hikari/blob/20d647c4c769ab7f5d383cf3c1c33f03876a94e9/HikariSub/VideoBox.cpp#L1147"
"VIDEO_VOLUME_MINUS","2007","Volume down","https://github.com/altqx/hikari/blob/20d647c4c769ab7f5d383cf3c1c33f03876a94e9/HikariSub/HotkeysNaming.cpp#L270","Video transport and visual tools","Video transport and visual tools — retain operation: Volume down","retain-operation-proposed","VIDEO_HOTKEY:Num 0","https://github.com/altqx/hikari/blob/20d647c4c769ab7f5d383cf3c1c33f03876a94e9/HikariSub/Hotkeys.cpp#L185","Keep source G/S/E/V/A independently of numeric family; no blanket eligibility or new precedence approved","R-G: dispatch through active tab window handler; resource gates apply","R-S: bind Video handler from Grid","R-E: bind Video handler from Editor","R-V: Video ConnectAcc; IDs2000..2003 also installed in Grid","R-A: Audio table binds Video handler; additionally Grid receives A-context entry (handler support separately gated)","Fixed text/control routes and modal/IME handling still apply","Requires operation-specific active Document, selection, format, resource and protection checks; not inferred from registry or default context","https://github.com/altqx/hikari/blob/20d647c4c769ab7f5d383cf3c1c33f03876a94e9/HikariSub/Hotkeys.h#L57","https://github.com/altqx/hikari/blob/20d647c4c769ab7f5d383cf3c1c33f03876a94e9/HikariSub/VideoBox.cpp#L1148"
"VIDEO_PREVIOUS_FILE","2008","Previous file","https://github.com/altqx/hikari/blob/20d647c4c769ab7f5d383cf3c1c33f03876a94e9/HikariSub/HotkeysNaming.cpp#L266","Video transport and visual tools","Video transport and visual tools — retain operation: Previous file","retain-operation-proposed","VIDEO_HOTKEY:,","https://github.com/altqx/hikari/blob/20d647c4c769ab7f5d383cf3c1c33f03876a94e9/HikariSub/Hotkeys.cpp#L183","Keep source G/S/E/V/A independently of numeric family; no blanket eligibility or new precedence approved","R-G: dispatch through active tab window handler; resource gates apply","R-S: bind Video handler from Grid","R-E: bind Video handler from Editor","R-V: Video ConnectAcc; IDs2000..2003 also installed in Grid","R-A: Audio table binds Video handler; additionally Grid receives A-context entry (handler support separately gated)","Fixed text/control routes and modal/IME handling still apply","Requires operation-specific active Document, selection, format, resource and protection checks; not inferred from registry or default context","https://github.com/altqx/hikari/blob/20d647c4c769ab7f5d383cf3c1c33f03876a94e9/HikariSub/Hotkeys.h#L58","https://github.com/altqx/hikari/blob/20d647c4c769ab7f5d383cf3c1c33f03876a94e9/HikariSub/VideoBox.cpp#L157 ; https://github.com/altqx/hikari/blob/20d647c4c769ab7f5d383cf3c1c33f03876a94e9/HikariSub/VideoFullscreen.cpp#L58"
"VIDEO_NEXT_FILE","2009","Next file","https://github.com/altqx/hikari/blob/20d647c4c769ab7f5d383cf3c1c33f03876a94e9/HikariSub/HotkeysNaming.cpp#L260","Video transport and visual tools","Video transport and visual tools — retain operation: Next file","retain-operation-proposed","VIDEO_HOTKEY:.","https://github.com/altqx/hikari/blob/20d647c4c769ab7f5d383cf3c1c33f03876a94e9/HikariSub/Hotkeys.cpp#L182","Keep source G/S/E/V/A independently of numeric family; no blanket eligibility or new precedence approved","R-G: dispatch through active tab window handler; resource gates apply","R-S: bind Video handler from Grid","R-E: bind Video handler from Editor","R-V: Video ConnectAcc; IDs2000..2003 also installed in Grid","R-A: Audio table binds Video handler; additionally Grid receives A-context entry (handler support separately gated)","Fixed text/control routes and modal/IME handling still apply","Requires operation-specific active Document, selection, format, resource and protection checks; not inferred from registry or default context","https://github.com/altqx/hikari/blob/20d647c4c769ab7f5d383cf3c1c33f03876a94e9/HikariSub/Hotkeys.h#L59","https://github.com/altqx/hikari/blob/20d647c4c769ab7f5d383cf3c1c33f03876a94e9/HikariSub/VideoBox.cpp#L165 ; https://github.com/altqx/hikari/blob/20d647c4c769ab7f5d383cf3c1c33f03876a94e9/HikariSub/VideoFullscreen.cpp#L66"
"VIDEO_PREVIOUS_CHAPTER","2010","Previous chapter","https://github.com/altqx/hikari/blob/20d647c4c769ab7f5d383cf3c1c33f03876a94e9/HikariSub/HotkeysNaming.cpp#L265","Video transport and visual tools","Video transport and visual tools — retain operation: Previous chapter","retain-operation-proposed","VIDEO_HOTKEY:N","https://github.com/altqx/hikari/blob/20d647c4c769ab7f5d383cf3c1c33f03876a94e9/HikariSub/Hotkeys.cpp#L187","Keep source G/S/E/V/A independently of numeric family; no blanket eligibility or new precedence approved","R-G: dispatch through active tab window handler; resource gates apply","R-S: bind Video handler from Grid","R-E: bind Video handler from Editor","R-V: Video ConnectAcc; IDs2000..2003 also installed in Grid","R-A: Audio table binds Video handler; additionally Grid receives A-context entry (handler support separately gated)","Fixed text/control routes and modal/IME handling still apply","Requires operation-specific active Document, selection, format, resource and protection checks; not inferred from registry or default context","https://github.com/altqx/hikari/blob/20d647c4c769ab7f5d383cf3c1c33f03876a94e9/HikariSub/Hotkeys.h#L60","https://github.com/altqx/hikari/blob/20d647c4c769ab7f5d383cf3c1c33f03876a94e9/HikariSub/VideoBox.cpp#L1149"
"VIDEO_NEXT_CHAPTER","2011","Next chapter","https://github.com/altqx/hikari/blob/20d647c4c769ab7f5d383cf3c1c33f03876a94e9/HikariSub/HotkeysNaming.cpp#L259","Video transport and visual tools","Video transport and visual tools — retain operation: Next chapter","retain-operation-proposed","VIDEO_HOTKEY:M","https://github.com/altqx/hikari/blob/20d647c4c769ab7f5d383cf3c1c33f03876a94e9/HikariSub/Hotkeys.cpp#L186","Keep source G/S/E/V/A independently of numeric family; no blanket eligibility or new precedence approved","R-G: dispatch through active tab window handler; resource gates apply","R-S: bind Video handler from Grid","R-E: bind Video handler from Editor","R-V: Video ConnectAcc; IDs2000..2003 also installed in Grid","R-A: Audio table binds Video handler; additionally Grid receives A-context entry (handler support separately gated)","Fixed text/control routes and modal/IME handling still apply","Requires operation-specific active Document, selection, format, resource and protection checks; not inferred from registry or default context","https://github.com/altqx/hikari/blob/20d647c4c769ab7f5d383cf3c1c33f03876a94e9/HikariSub/Hotkeys.h#L61","https://github.com/altqx/hikari/blob/20d647c4c769ab7f5d383cf3c1c33f03876a94e9/HikariSub/VideoBox.cpp#L1150"
"VIDEO_FULL_SCREEN","2012","Full screen","https://github.com/altqx/hikari/blob/20d647c4c769ab7f5d383cf3c1c33f03876a94e9/HikariSub/HotkeysNaming.cpp#L268","Video transport and visual tools","Video transport and visual tools — retain operation: Full screen","retain-operation-proposed","No explicit default binding","None in LoadDefault","Keep source G/S/E/V/A independently of numeric family; no blanket eligibility or new precedence approved","R-G: dispatch through active tab window handler; resource gates apply","R-S: bind Video handler from Grid","R-E: bind Video handler from Editor","R-V: Video ConnectAcc; IDs2000..2003 also installed in Grid","R-A: Audio table binds Video handler; additionally Grid receives A-context entry (handler support separately gated)","Fixed text/control routes and modal/IME handling still apply","Requires operation-specific active Document, selection, format, resource and protection checks; not inferred from registry or default context","https://github.com/altqx/hikari/blob/20d647c4c769ab7f5d383cf3c1c33f03876a94e9/HikariSub/Hotkeys.h#L62","https://github.com/altqx/hikari/blob/20d647c4c769ab7f5d383cf3c1c33f03876a94e9/HikariSub/VideoBox.cpp#L938"
"VIDEO_HIDE_PROGRESS_BAR","2013","Show / hide progress bar","https://github.com/altqx/hikari/blob/20d647c4c769ab7f5d383cf3c1c33f03876a94e9/HikariSub/HotkeysNaming.cpp#L258","Video transport and visual tools","Video transport and visual tools — retain operation: Show / hide progress bar","retain-operation-proposed","No explicit default binding","None in LoadDefault","Keep source G/S/E/V/A independently of numeric family; no blanket eligibility or new precedence approved","R-G: dispatch through active tab window handler; resource gates apply","R-S: bind Video handler from Grid","R-E: bind Video handler from Editor","R-V: Video ConnectAcc; IDs2000..2003 also installed in Grid","R-A: Audio table binds Video handler; additionally Grid receives A-context entry (handler support separately gated)","Fixed text/control routes and modal/IME handling still apply","Requires operation-specific active Document, selection, format, resource and protection checks; not inferred from registry or default context","https://github.com/altqx/hikari/blob/20d647c4c769ab7f5d383cf3c1c33f03876a94e9/HikariSub/Hotkeys.h#L63","https://github.com/altqx/hikari/blob/20d647c4c769ab7f5d383cf3c1c33f03876a94e9/HikariSub/VideoBox.cpp#L971"
"VIDEO_DELETE_FILE","2014","Remove video","https://github.com/altqx/hikari/blob/20d647c4c769ab7f5d383cf3c1c33f03876a94e9/HikariSub/HotkeysNaming.cpp#L254","Video transport and visual tools","Video transport and visual tools — retain operation: Remove video","retain-operation-proposed","No explicit default binding","None in LoadDefault","Keep source G/S/E/V/A independently of numeric family; no blanket eligibility or new precedence approved","R-G: dispatch through active tab window handler; resource gates apply","R-S: bind Video handler from Grid","R-E: bind Video handler from Editor","R-V: Video ConnectAcc; IDs2000..2003 also installed in Grid","R-A: Audio table binds Video handler; additionally Grid receives A-context entry (handler support separately gated)","Fixed text/control routes and modal/IME handling still apply","Requires operation-specific active Document, selection, format, resource and protection checks; not inferred from registry or default context","https://github.com/altqx/hikari/blob/20d647c4c769ab7f5d383cf3c1c33f03876a94e9/HikariSub/Hotkeys.h#L64","https://github.com/altqx/hikari/blob/20d647c4c769ab7f5d383cf3c1c33f03876a94e9/HikariSub/VideoBox.cpp#L979"
"VIDEO_ASPECT_RATIO","2015","Change aspect ratio","https://github.com/altqx/hikari/blob/20d647c4c769ab7f5d383cf3c1c33f03876a94e9/HikariSub/HotkeysNaming.cpp#L262","Video transport and visual tools","Video transport and visual tools — retain operation: Change aspect ratio","retain-operation-proposed","No explicit default binding","None in LoadDefault","Keep source G/S/E/V/A independently of numeric family; no blanket eligibility or new precedence approved","R-G: dispatch through active tab window handler; resource gates apply","R-S: bind Video handler from Grid","R-E: bind Video handler from Editor","R-V: Video ConnectAcc; IDs2000..2003 also installed in Grid","R-A: Audio table binds Video handler; additionally Grid receives A-context entry (handler support separately gated)","Fixed text/control routes and modal/IME handling still apply","Requires operation-specific active Document, selection, format, resource and protection checks; not inferred from registry or default context","https://github.com/altqx/hikari/blob/20d647c4c769ab7f5d383cf3c1c33f03876a94e9/HikariSub/Hotkeys.h#L65","https://github.com/altqx/hikari/blob/20d647c4c769ab7f5d383cf3c1c33f03876a94e9/HikariSub/VideoBox.cpp#L972"
"VIDEO_COPY_COORDS","2016","video copy coords","Symbol-derived worksheet label; not an accepted UI label","Video transport and visual tools","Video transport and visual tools — retain operation: video copy coords","retain-operation-proposed","No explicit default binding","None in LoadDefault","Keep source G/S/E/V/A independently of numeric family; no blanket eligibility or new precedence approved","R-G: dispatch through active tab window handler; resource gates apply","R-S: bind Video handler from Grid","R-E: bind Video handler from Editor","R-V: Video ConnectAcc; IDs2000..2003 also installed in Grid","R-A: Audio table binds Video handler; additionally Grid receives A-context entry (handler support separately gated)","Fixed text/control routes and modal/IME handling still apply","Requires operation-specific active Document, selection, format, resource and protection checks; not inferred from registry or default context","https://github.com/altqx/hikari/blob/20d647c4c769ab7f5d383cf3c1c33f03876a94e9/HikariSub/Hotkeys.h#L66","https://github.com/altqx/hikari/blob/20d647c4c769ab7f5d383cf3c1c33f03876a94e9/HikariSub/VideoBox.cpp#L931"
"VIDEO_SAVE_FRAME_TO_PNG","2017","Save frame as PNG","https://github.com/altqx/hikari/blob/20d647c4c769ab7f5d383cf3c1c33f03876a94e9/HikariSub/HotkeysNaming.cpp#L255","Video transport and visual tools","Video transport and visual tools — retain operation: Save frame as PNG","retain-operation-proposed","No explicit default binding","None in LoadDefault","Keep source G/S/E/V/A independently of numeric family; no blanket eligibility or new precedence approved","R-G: dispatch through active tab window handler; resource gates apply","R-S: bind Video handler from Grid","R-E: bind Video handler from Editor","R-V: Video ConnectAcc; IDs2000..2003 also installed in Grid","R-A: Audio table binds Video handler; additionally Grid receives A-context entry (handler support separately gated)","Fixed text/control routes and modal/IME handling still apply","Requires operation-specific active Document, selection, format, resource and protection checks; not inferred from registry or default context","https://github.com/altqx/hikari/blob/20d647c4c769ab7f5d383cf3c1c33f03876a94e9/HikariSub/Hotkeys.h#L67","https://github.com/altqx/hikari/blob/20d647c4c769ab7f5d383cf3c1c33f03876a94e9/HikariSub/RendererVideo.cpp#L1227 ; https://github.com/altqx/hikari/blob/20d647c4c769ab7f5d383cf3c1c33f03876a94e9/HikariSub/VideoBox.cpp#L975"
"VIDEO_COPY_FRAME_TO_CLIPBOARD","2018","Copy frame to clipboard","https://github.com/altqx/hikari/blob/20d647c4c769ab7f5d383cf3c1c33f03876a94e9/HikariSub/HotkeysNaming.cpp#L253","Video transport and visual tools","Video transport and visual tools — retain operation: Copy frame to clipboard","retain-operation-proposed","No explicit default binding","None in LoadDefault","Keep source G/S/E/V/A independently of numeric family; no blanket eligibility or new precedence approved","R-G: dispatch through active tab window handler; resource gates apply","R-S: bind Video handler from Grid","R-E: bind Video handler from Editor","R-V: Video ConnectAcc; IDs2000..2003 also installed in Grid","R-A: Audio table binds Video handler; additionally Grid receives A-context entry (handler support separately gated)","Fixed text/control routes and modal/IME handling still apply","Requires operation-specific active Document, selection, format, resource and protection checks; not inferred from registry or default context","https://github.com/altqx/hikari/blob/20d647c4c769ab7f5d383cf3c1c33f03876a94e9/HikariSub/Hotkeys.h#L68","https://github.com/altqx/hikari/blob/20d647c4c769ab7f5d383cf3c1c33f03876a94e9/HikariSub/RendererVideo.cpp#L1210 ; https://github.com/altqx/hikari/blob/20d647c4c769ab7f5d383cf3c1c33f03876a94e9/HikariSub/VideoBox.cpp#L976"
"VIDEO_SAVE_SUBBED_FRAME_TO_PNG","2019","Save frame with subtitles as PNG","https://github.com/altqx/hikari/blob/20d647c4c769ab7f5d383cf3c1c33f03876a94e9/HikariSub/HotkeysNaming.cpp#L271","Video transport and visual tools","Video transport and visual tools — retain operation: Save frame with subtitles as PNG","retain-operation-proposed","No explicit default binding","None in LoadDefault","Keep source G/S/E/V/A independently of numeric family; no blanket eligibility or new precedence approved","R-G: dispatch through active tab window handler; resource gates apply","R-S: bind Video handler from Grid","R-E: bind Video handler from Editor","R-V: Video ConnectAcc; IDs2000..2003 also installed in Grid","R-A: Audio table binds Video handler; additionally Grid receives A-context entry (handler support separately gated)","Fixed text/control routes and modal/IME handling still apply","Requires operation-specific active Document, selection, format, resource and protection checks; not inferred from registry or default context","https://github.com/altqx/hikari/blob/20d647c4c769ab7f5d383cf3c1c33f03876a94e9/HikariSub/Hotkeys.h#L69","https://github.com/altqx/hikari/blob/20d647c4c769ab7f5d383cf3c1c33f03876a94e9/HikariSub/RendererVideo.cpp#L1227 ; https://github.com/altqx/hikari/blob/20d647c4c769ab7f5d383cf3c1c33f03876a94e9/HikariSub/VideoBox.cpp#L973"
"VIDEO_COPY_SUBBED_FRAME_TO_CLIPBOARD","2020","Copy frame with subtitles to clipboard","https://github.com/altqx/hikari/blob/20d647c4c769ab7f5d383cf3c1c33f03876a94e9/HikariSub/HotkeysNaming.cpp#L267","Video transport and visual tools","Video transport and visual tools — retain operation: Copy frame with subtitles to clipboard","retain-operation-proposed","No explicit default binding","None in LoadDefault","Keep source G/S/E/V/A independently of numeric family; no blanket eligibility or new precedence approved","R-G: dispatch through active tab window handler; resource gates apply","R-S: bind Video handler from Grid","R-E: bind Video handler from Editor","R-V: Video ConnectAcc; IDs2000..2003 also installed in Grid","R-A: Audio table binds Video handler; additionally Grid receives A-context entry (handler support separately gated)","Fixed text/control routes and modal/IME handling still apply","Requires operation-specific active Document, selection, format, resource and protection checks; not inferred from registry or default context","https://github.com/altqx/hikari/blob/20d647c4c769ab7f5d383cf3c1c33f03876a94e9/HikariSub/Hotkeys.h#L70","https://github.com/altqx/hikari/blob/20d647c4c769ab7f5d383cf3c1c33f03876a94e9/HikariSub/VideoBox.cpp#L974"
"EDITBOX_CHANGE_FONT","3000","Font selection","https://github.com/altqx/hikari/blob/20d647c4c769ab7f5d383cf3c1c33f03876a94e9/HikariSub/HotkeysNaming.cpp#L74","ASS editor and translation","ASS editor and translation — retain operation: Font selection","retain-operation-proposed","No explicit default binding","None in LoadDefault","Keep source G/S/E/V/A independently of numeric family; no blanket eligibility or new precedence approved","R-G: dispatch through active tab window handler; resource gates apply","R-S: bind Editor handler from Grid","R-E: Editor table; hidden tag-button slots skipped","R-V: bind Editor handler from Video","R-A: Audio table binds Editor handler; additionally Grid receives A-context entry (handler support separately gated)","Fixed text/control routes and modal/IME handling still apply","Requires operation-specific active Document, selection, format, resource and protection checks; not inferred from registry or default context","https://github.com/altqx/hikari/blob/20d647c4c769ab7f5d383cf3c1c33f03876a94e9/HikariSub/Hotkeys.h#L71","https://github.com/altqx/hikari/blob/20d647c4c769ab7f5d383cf3c1c33f03876a94e9/HikariSub/EditBox.cpp#L166"
"EDITBOX_CHANGE_UNDERLINE","3001","Underline","https://github.com/altqx/hikari/blob/20d647c4c769ab7f5d383cf3c1c33f03876a94e9/HikariSub/HotkeysNaming.cpp#L76","ASS editor and translation","ASS editor and translation — retain operation: Underline","retain-operation-proposed","No explicit default binding","None in LoadDefault","Keep source G/S/E/V/A independently of numeric family; no blanket eligibility or new precedence approved","R-G: dispatch through active tab window handler; resource gates apply","R-S: bind Editor handler from Grid","R-E: Editor table; hidden tag-button slots skipped","R-V: bind Editor handler from Video","R-A: Audio table binds Editor handler; additionally Grid receives A-context entry (handler support separately gated)","Fixed text/control routes and modal/IME handling still apply","Requires operation-specific active Document, selection, format, resource and protection checks; not inferred from registry or default context","https://github.com/altqx/hikari/blob/20d647c4c769ab7f5d383cf3c1c33f03876a94e9/HikariSub/Hotkeys.h#L72","https://github.com/altqx/hikari/blob/20d647c4c769ab7f5d383cf3c1c33f03876a94e9/HikariSub/EditBox.cpp#L175"
"EDITBOX_CHANGE_STRIKEOUT","3002","Strikethrough","https://github.com/altqx/hikari/blob/20d647c4c769ab7f5d383cf3c1c33f03876a94e9/HikariSub/HotkeysNaming.cpp#L75","ASS editor and translation","ASS editor and translation — retain operation: Strikethrough","retain-operation-proposed","No explicit default binding","None in LoadDefault","Keep source G/S/E/V/A independently of numeric family; no blanket eligibility or new precedence approved","R-G: dispatch through active tab window handler; resource gates apply","R-S: bind Editor handler from Grid","R-E: Editor table; hidden tag-button slots skipped","R-V: bind Editor handler from Video","R-A: Audio table binds Editor handler; additionally Grid receives A-context entry (handler support separately gated)","Fixed text/control routes and modal/IME handling still apply","Requires operation-specific active Document, selection, format, resource and protection checks; not inferred from registry or default context","https://github.com/altqx/hikari/blob/20d647c4c769ab7f5d383cf3c1c33f03876a94e9/HikariSub/Hotkeys.h#L73","https://github.com/altqx/hikari/blob/20d647c4c769ab7f5d383cf3c1c33f03876a94e9/HikariSub/EditBox.cpp#L178"
"EDITBOX_PASTE_ALL_TO_TRANSLATION","3003","Paste all","https://github.com/altqx/hikari/blob/20d647c4c769ab7f5d383cf3c1c33f03876a94e9/HikariSub/HotkeysNaming.cpp#L84","ASS editor and translation","ASS editor and translation — retain operation: Paste all","retain-operation-proposed","No explicit default binding","None in LoadDefault","Keep source G/S/E/V/A independently of numeric family; no blanket eligibility or new precedence approved","R-G: dispatch through active tab window handler; resource gates apply","R-S: bind Editor handler from Grid","R-E: Editor table; hidden tag-button slots skipped","R-V: bind Editor handler from Video","R-A: Audio table binds Editor handler; additionally Grid receives A-context entry (handler support separately gated)","Fixed text/control routes and modal/IME handling still apply","Requires operation-specific active Document, selection, format, resource and protection checks; not inferred from registry or default context","https://github.com/altqx/hikari/blob/20d647c4c769ab7f5d383cf3c1c33f03876a94e9/HikariSub/Hotkeys.h#L74","https://github.com/altqx/hikari/blob/20d647c4c769ab7f5d383cf3c1c33f03876a94e9/HikariSub/EditBox.cpp#L242"
"EDITBOX_PASTE_SELECTION_TO_TRANSLATION","3004","Paste the selected","https://github.com/altqx/hikari/blob/20d647c4c769ab7f5d383cf3c1c33f03876a94e9/HikariSub/HotkeysNaming.cpp#L85","ASS editor and translation","ASS editor and translation — retain operation: Paste the selected","retain-operation-proposed","No explicit default binding","None in LoadDefault","Keep source G/S/E/V/A independently of numeric family; no blanket eligibility or new precedence approved","R-G: dispatch through active tab window handler; resource gates apply","R-S: bind Editor handler from Grid","R-E: Editor table; hidden tag-button slots skipped","R-V: bind Editor handler from Video","R-A: Audio table binds Editor handler; additionally Grid receives A-context entry (handler support separately gated)","Fixed text/control routes and modal/IME handling still apply","Requires operation-specific active Document, selection, format, resource and protection checks; not inferred from registry or default context","https://github.com/altqx/hikari/blob/20d647c4c769ab7f5d383cf3c1c33f03876a94e9/HikariSub/Hotkeys.h#L75","https://github.com/altqx/hikari/blob/20d647c4c769ab7f5d383cf3c1c33f03876a94e9/HikariSub/EditBox.cpp#L244"
"EDITBOX_HIDE_ORIGINAL","3005","Hide original","https://github.com/altqx/hikari/blob/20d647c4c769ab7f5d383cf3c1c33f03876a94e9/HikariSub/HotkeysNaming.cpp#L81","ASS editor and translation","ASS editor and translation — retain operation: Hide original","retain-operation-proposed","No explicit default binding","None in LoadDefault","Keep source G/S/E/V/A independently of numeric family; no blanket eligibility or new precedence approved","R-G: dispatch through active tab window handler; resource gates apply","R-S: bind Editor handler from Grid","R-E: Editor table; hidden tag-button slots skipped","R-V: bind Editor handler from Video","R-A: Audio table binds Editor handler; additionally Grid receives A-context entry (handler support separately gated)","Fixed text/control routes and modal/IME handling still apply","Requires operation-specific active Document, selection, format, resource and protection checks; not inferred from registry or default context","https://github.com/altqx/hikari/blob/20d647c4c769ab7f5d383cf3c1c33f03876a94e9/HikariSub/Hotkeys.h#L76","https://github.com/altqx/hikari/blob/20d647c4c769ab7f5d383cf3c1c33f03876a94e9/HikariSub/EditBox.cpp#L246"
"EDITBOX_CHANGE_COLOR_PRIMARY","3006","Primary color","https://github.com/altqx/hikari/blob/20d647c4c769ab7f5d383cf3c1c33f03876a94e9/HikariSub/HotkeysNaming.cpp#L71","ASS editor and translation","ASS editor and translation — retain operation: Primary color","retain-operation-proposed","No explicit default binding","None in LoadDefault","Keep source G/S/E/V/A independently of numeric family; no blanket eligibility or new precedence approved","R-G: dispatch through active tab window handler; resource gates apply","R-S: bind Editor handler from Grid","R-E: Editor table; hidden tag-button slots skipped","R-V: bind Editor handler from Video","R-A: Audio table binds Editor handler; additionally Grid receives A-context entry (handler support separately gated)","Fixed text/control routes and modal/IME handling still apply","Requires operation-specific active Document, selection, format, resource and protection checks; not inferred from registry or default context","https://github.com/altqx/hikari/blob/20d647c4c769ab7f5d383cf3c1c33f03876a94e9/HikariSub/Hotkeys.h#L77","https://github.com/altqx/hikari/blob/20d647c4c769ab7f5d383cf3c1c33f03876a94e9/HikariSub/EditBox.cpp#L181"
"EDITBOX_CHANGE_COLOR_SECONDARY","3007","Secondary color for karaoke","https://github.com/altqx/hikari/blob/20d647c4c769ab7f5d383cf3c1c33f03876a94e9/HikariSub/HotkeysNaming.cpp#L72","ASS editor and translation","ASS editor and translation — retain operation: Secondary color for karaoke","retain-operation-proposed","No explicit default binding","None in LoadDefault","Keep source G/S/E/V/A independently of numeric family; no blanket eligibility or new precedence approved","R-G: dispatch through active tab window handler; resource gates apply","R-S: bind Editor handler from Grid","R-E: Editor table; hidden tag-button slots skipped","R-V: bind Editor handler from Video","R-A: Audio table binds Editor handler; additionally Grid receives A-context entry (handler support separately gated)","Fixed text/control routes and modal/IME handling still apply","Requires operation-specific active Document, selection, format, resource and protection checks; not inferred from registry or default context","https://github.com/altqx/hikari/blob/20d647c4c769ab7f5d383cf3c1c33f03876a94e9/HikariSub/Hotkeys.h#L78","https://github.com/altqx/hikari/blob/20d647c4c769ab7f5d383cf3c1c33f03876a94e9/HikariSub/EditBox.cpp#L185"
"EDITBOX_CHANGE_COLOR_OUTLINE","3008","Border color","https://github.com/altqx/hikari/blob/20d647c4c769ab7f5d383cf3c1c33f03876a94e9/HikariSub/HotkeysNaming.cpp#L70","ASS editor and translation","ASS editor and translation — retain operation: Border color","retain-operation-proposed","No explicit default binding","None in LoadDefault","Keep source G/S/E/V/A independently of numeric family; no blanket eligibility or new precedence approved","R-G: dispatch through active tab window handler; resource gates apply","R-S: bind Editor handler from Grid","R-E: Editor table; hidden tag-button slots skipped","R-V: bind Editor handler from Video","R-A: Audio table binds Editor handler; additionally Grid receives A-context entry (handler support separately gated)","Fixed text/control routes and modal/IME handling still apply","Requires operation-specific active Document, selection, format, resource and protection checks; not inferred from registry or default context","https://github.com/altqx/hikari/blob/20d647c4c769ab7f5d383cf3c1c33f03876a94e9/HikariSub/Hotkeys.h#L79","https://github.com/altqx/hikari/blob/20d647c4c769ab7f5d383cf3c1c33f03876a94e9/HikariSub/EditBox.cpp#L189"
"EDITBOX_CHANGE_COLOR_SHADOW","3009","Shadow color","https://github.com/altqx/hikari/blob/20d647c4c769ab7f5d383cf3c1c33f03876a94e9/HikariSub/HotkeysNaming.cpp#L73","ASS editor and translation","ASS editor and translation — retain operation: Shadow color","retain-operation-proposed","No explicit default binding","None in LoadDefault","Keep source G/S/E/V/A independently of numeric family; no blanket eligibility or new precedence approved","R-G: dispatch through active tab window handler; resource gates apply","R-S: bind Editor handler from Grid","R-E: Editor table; hidden tag-button slots skipped","R-V: bind Editor handler from Video","R-A: Audio table binds Editor handler; additionally Grid receives A-context entry (handler support separately gated)","Fixed text/control routes and modal/IME handling still apply","Requires operation-specific active Document, selection, format, resource and protection checks; not inferred from registry or default context","https://github.com/altqx/hikari/blob/20d647c4c769ab7f5d383cf3c1c33f03876a94e9/HikariSub/Hotkeys.h#L80","https://github.com/altqx/hikari/blob/20d647c4c769ab7f5d383cf3c1c33f03876a94e9/HikariSub/EditBox.cpp#L193"
"EDITBOX_COMMIT","3010","Apply changes","https://github.com/altqx/hikari/blob/20d647c4c769ab7f5d383cf3c1c33f03876a94e9/HikariSub/HotkeysNaming.cpp#L77","ASS editor and translation","ASS editor and translation — retain operation: Apply changes","retain-operation-proposed","EDITBOX_HOTKEY:Ctrl-Enter","https://github.com/altqx/hikari/blob/20d647c4c769ab7f5d383cf3c1c33f03876a94e9/HikariSub/Hotkeys.cpp#L196","Keep source G/S/E/V/A independently of numeric family; no blanket eligibility or new precedence approved","R-G: dispatch through active tab window handler; resource gates apply","R-S: bind Editor handler from Grid","R-E: Editor table; hidden tag-button slots skipped","R-V: bind Editor handler from Video","R-A: Audio table binds Editor handler; additionally Grid receives A-context entry (handler support separately gated)","fixed NumEnter/Ctrl-NumEnter; editor plain Enter survives remapping","Requires operation-specific active Document, selection, format, resource and protection checks; not inferred from registry or default context","https://github.com/altqx/hikari/blob/20d647c4c769ab7f5d383cf3c1c33f03876a94e9/HikariSub/Hotkeys.h#L81","https://github.com/altqx/hikari/blob/20d647c4c769ab7f5d383cf3c1c33f03876a94e9/HikariSub/EditBox.cpp#L335 ; https://github.com/altqx/hikari/blob/20d647c4c769ab7f5d383cf3c1c33f03876a94e9/HikariSub/TabPanel.cpp#L110"
"EDITBOX_COMMIT_GO_NEXT_LINE","3011","Apply the changes and go to the next line","https://github.com/altqx/hikari/blob/20d647c4c769ab7f5d383cf3c1c33f03876a94e9/HikariSub/HotkeysNaming.cpp#L78","ASS editor and translation","ASS editor and translation — retain operation: Apply the changes and go to the next line","retain-operation-proposed","EDITBOX_HOTKEY:Enter","https://github.com/altqx/hikari/blob/20d647c4c769ab7f5d383cf3c1c33f03876a94e9/HikariSub/Hotkeys.cpp#L197","Keep source G/S/E/V/A independently of numeric family; no blanket eligibility or new precedence approved","R-G: dispatch through active tab window handler; resource gates apply","R-S: bind Editor handler from Grid","R-E: Editor table; hidden tag-button slots skipped","R-V: bind Editor handler from Video","R-A: Audio table binds Editor handler; additionally Grid receives A-context entry (handler support separately gated)","fixed NumEnter/Ctrl-NumEnter; editor plain Enter survives remapping","Requires operation-specific active Document, selection, format, resource and protection checks; not inferred from registry or default context","https://github.com/altqx/hikari/blob/20d647c4c769ab7f5d383cf3c1c33f03876a94e9/HikariSub/Hotkeys.h#L82","https://github.com/altqx/hikari/blob/20d647c4c769ab7f5d383cf3c1c33f03876a94e9/HikariSub/DialogueTextEditor.cpp#L74 ; https://github.com/altqx/hikari/blob/20d647c4c769ab7f5d383cf3c1c33f03876a94e9/HikariSub/EditBox.cpp#L336 ; https://github.com/altqx/hikari/blob/20d647c4c769ab7f5d383cf3c1c33f03876a94e9/HikariSub/TabPanel.cpp#L111"
"EDITBOX_INSERT_BOLD","3012","Add bold","https://github.com/altqx/hikari/blob/20d647c4c769ab7f5d383cf3c1c33f03876a94e9/HikariSub/HotkeysNaming.cpp#L82","ASS editor and translation","ASS editor and translation — retain operation: Add bold","retain-operation-proposed","EDITBOX_HOTKEY:Ctrl-B","https://github.com/altqx/hikari/blob/20d647c4c769ab7f5d383cf3c1c33f03876a94e9/HikariSub/Hotkeys.cpp#L188","Keep source G/S/E/V/A independently of numeric family; no blanket eligibility or new precedence approved","R-G: dispatch through active tab window handler; resource gates apply","R-S: bind Editor handler from Grid","R-E: Editor table; hidden tag-button slots skipped","R-V: bind Editor handler from Video","R-A: Audio table binds Editor handler; additionally Grid receives A-context entry (handler support separately gated)","Fixed text/control routes and modal/IME handling still apply","Requires operation-specific active Document, selection, format, resource and protection checks; not inferred from registry or default context","https://github.com/altqx/hikari/blob/20d647c4c769ab7f5d383cf3c1c33f03876a94e9/HikariSub/Hotkeys.h#L83","https://github.com/altqx/hikari/blob/20d647c4c769ab7f5d383cf3c1c33f03876a94e9/HikariSub/EditBox.cpp#L169"
"EDITBOX_INSERT_ITALIC","3013","Add italic","https://github.com/altqx/hikari/blob/20d647c4c769ab7f5d383cf3c1c33f03876a94e9/HikariSub/HotkeysNaming.cpp#L83","ASS editor and translation","ASS editor and translation — retain operation: Add italic","retain-operation-proposed","EDITBOX_HOTKEY:Ctrl-I","https://github.com/altqx/hikari/blob/20d647c4c769ab7f5d383cf3c1c33f03876a94e9/HikariSub/Hotkeys.cpp#L189","Keep source G/S/E/V/A independently of numeric family; no blanket eligibility or new precedence approved","R-G: dispatch through active tab window handler; resource gates apply","R-S: bind Editor handler from Grid","R-E: Editor table; hidden tag-button slots skipped","R-V: bind Editor handler from Video","R-A: Audio table binds Editor handler; additionally Grid receives A-context entry (handler support separately gated)","Fixed text/control routes and modal/IME handling still apply","Requires operation-specific active Document, selection, format, resource and protection checks; not inferred from registry or default context","https://github.com/altqx/hikari/blob/20d647c4c769ab7f5d383cf3c1c33f03876a94e9/HikariSub/Hotkeys.h#L84","https://github.com/altqx/hikari/blob/20d647c4c769ab7f5d383cf3c1c33f03876a94e9/HikariSub/EditBox.cpp#L172"
"EDITBOX_SPLIT_LINE","3014","Add line wrap","https://github.com/altqx/hikari/blob/20d647c4c769ab7f5d383cf3c1c33f03876a94e9/HikariSub/HotkeysNaming.cpp#L88","ASS editor and translation","ASS editor and translation — retain operation: Add line wrap","retain-operation-proposed","EDITBOX_HOTKEY:Shift-Enter","https://github.com/altqx/hikari/blob/20d647c4c769ab7f5d383cf3c1c33f03876a94e9/HikariSub/Hotkeys.cpp#L190","Keep source G/S/E/V/A independently of numeric family; no blanket eligibility or new precedence approved","R-G: dispatch through active tab window handler; resource gates apply","R-S: bind Editor handler from Grid","R-E: Editor table; hidden tag-button slots skipped","R-V: bind Editor handler from Video","R-A: Audio table binds Editor handler; additionally Grid receives A-context entry (handler support separately gated)","Fixed text/control routes and modal/IME handling still apply","Requires operation-specific active Document, selection, format, resource and protection checks; not inferred from registry or default context","https://github.com/altqx/hikari/blob/20d647c4c769ab7f5d383cf3c1c33f03876a94e9/HikariSub/Hotkeys.h#L85","https://github.com/altqx/hikari/blob/20d647c4c769ab7f5d383cf3c1c33f03876a94e9/HikariSub/EditBox.cpp#L340"
"EDITBOX_START_DIFFERENCE","3015","Insert difference from the start","https://github.com/altqx/hikari/blob/20d647c4c769ab7f5d383cf3c1c33f03876a94e9/HikariSub/HotkeysNaming.cpp#L89","ASS editor and translation","ASS editor and translation — retain operation: Insert difference from the start","retain-operation-proposed","EDITBOX_HOTKEY:Ctrl-,","https://github.com/altqx/hikari/blob/20d647c4c769ab7f5d383cf3c1c33f03876a94e9/HikariSub/Hotkeys.cpp#L191","Keep source G/S/E/V/A independently of numeric family; no blanket eligibility or new precedence approved","R-G: dispatch through active tab window handler; resource gates apply","R-S: bind Editor handler from Grid","R-E: Editor table; hidden tag-button slots skipped","R-V: bind Editor handler from Video","R-A: Audio table binds Editor handler; additionally Grid receives A-context entry (handler support separately gated)","Fixed text/control routes and modal/IME handling still apply","Requires operation-specific active Document, selection, format, resource and protection checks; not inferred from registry or default context","https://github.com/altqx/hikari/blob/20d647c4c769ab7f5d383cf3c1c33f03876a94e9/HikariSub/Hotkeys.h#L86","https://github.com/altqx/hikari/blob/20d647c4c769ab7f5d383cf3c1c33f03876a94e9/HikariSub/EditBox.cpp#L341 ; https://github.com/altqx/hikari/blob/20d647c4c769ab7f5d383cf3c1c33f03876a94e9/HikariSub/VisualAllTags.cpp#L90"
"EDITBOX_END_DIFFERENCE","3016","Insert difference to the end","https://github.com/altqx/hikari/blob/20d647c4c769ab7f5d383cf3c1c33f03876a94e9/HikariSub/HotkeysNaming.cpp#L86","ASS editor and translation","ASS editor and translation — retain operation: Insert difference to the end","retain-operation-proposed","EDITBOX_HOTKEY:Ctrl-.","https://github.com/altqx/hikari/blob/20d647c4c769ab7f5d383cf3c1c33f03876a94e9/HikariSub/Hotkeys.cpp#L192","Keep source G/S/E/V/A independently of numeric family; no blanket eligibility or new precedence approved","R-G: dispatch through active tab window handler; resource gates apply","R-S: bind Editor handler from Grid","R-E: Editor table; hidden tag-button slots skipped","R-V: bind Editor handler from Video","R-A: Audio table binds Editor handler; additionally Grid receives A-context entry (handler support separately gated)","Fixed text/control routes and modal/IME handling still apply","Requires operation-specific active Document, selection, format, resource and protection checks; not inferred from registry or default context","https://github.com/altqx/hikari/blob/20d647c4c769ab7f5d383cf3c1c33f03876a94e9/HikariSub/Hotkeys.h#L87","https://github.com/altqx/hikari/blob/20d647c4c769ab7f5d383cf3c1c33f03876a94e9/HikariSub/EditBox.cpp#L341 ; https://github.com/altqx/hikari/blob/20d647c4c769ab7f5d383cf3c1c33f03876a94e9/HikariSub/VisualAllTags.cpp#L91"
"EDITBOX_FIND_NEXT_DOUBTFUL","3017","Next unconfirmed line","https://github.com/altqx/hikari/blob/20d647c4c769ab7f5d383cf3c1c33f03876a94e9/HikariSub/HotkeysNaming.cpp#L79","ASS editor and translation","ASS editor and translation — retain operation: Next unconfirmed line","retain-operation-proposed","EDITBOX_HOTKEY:Ctrl-D","https://github.com/altqx/hikari/blob/20d647c4c769ab7f5d383cf3c1c33f03876a94e9/HikariSub/Hotkeys.cpp#L193","Keep source G/S/E/V/A independently of numeric family; no blanket eligibility or new precedence approved","R-G: dispatch through active tab window handler; resource gates apply","R-S: bind Editor handler from Grid","R-E: Editor table; hidden tag-button slots skipped","R-V: bind Editor handler from Video","R-A: Audio table binds Editor handler; additionally Grid receives A-context entry (handler support separately gated)","Fixed text/control routes and modal/IME handling still apply","Requires operation-specific active Document, selection, format, resource and protection checks; not inferred from registry or default context","https://github.com/altqx/hikari/blob/20d647c4c769ab7f5d383cf3c1c33f03876a94e9/HikariSub/Hotkeys.h#L88","https://github.com/altqx/hikari/blob/20d647c4c769ab7f5d383cf3c1c33f03876a94e9/HikariSub/EditBox.cpp#L337"
"EDITBOX_FIND_NEXT_UNTRANSLATED","3018","Next untranslated line","https://github.com/altqx/hikari/blob/20d647c4c769ab7f5d383cf3c1c33f03876a94e9/HikariSub/HotkeysNaming.cpp#L80","ASS editor and translation","ASS editor and translation — retain operation: Next untranslated line","retain-operation-proposed","EDITBOX_HOTKEY:Ctrl-R","https://github.com/altqx/hikari/blob/20d647c4c769ab7f5d383cf3c1c33f03876a94e9/HikariSub/Hotkeys.cpp#L194","Keep source G/S/E/V/A independently of numeric family; no blanket eligibility or new precedence approved","R-G: dispatch through active tab window handler; resource gates apply","R-S: bind Editor handler from Grid","R-E: Editor table; hidden tag-button slots skipped","R-V: bind Editor handler from Video","R-A: Audio table binds Editor handler; additionally Grid receives A-context entry (handler support separately gated)","Fixed text/control routes and modal/IME handling still apply","Requires operation-specific active Document, selection, format, resource and protection checks; not inferred from registry or default context","https://github.com/altqx/hikari/blob/20d647c4c769ab7f5d383cf3c1c33f03876a94e9/HikariSub/Hotkeys.h#L89","https://github.com/altqx/hikari/blob/20d647c4c769ab7f5d383cf3c1c33f03876a94e9/HikariSub/EditBox.cpp#L338"
"EDITBOX_SET_DOUBTFUL","3019","Mark as unconfirmed and go to the next line","https://github.com/altqx/hikari/blob/20d647c4c769ab7f5d383cf3c1c33f03876a94e9/HikariSub/HotkeysNaming.cpp#L87","ASS editor and translation","ASS editor and translation — retain operation: Mark as unconfirmed and go to the next line","retain-operation-proposed","EDITBOX_HOTKEY:Alt-Down","https://github.com/altqx/hikari/blob/20d647c4c769ab7f5d383cf3c1c33f03876a94e9/HikariSub/Hotkeys.cpp#L195","Keep source G/S/E/V/A independently of numeric family; no blanket eligibility or new precedence approved","R-G: dispatch through active tab window handler; resource gates apply","R-S: bind Editor handler from Grid","R-E: Editor table; hidden tag-button slots skipped","R-V: bind Editor handler from Video","R-A: Audio table binds Editor handler; additionally Grid receives A-context entry (handler support separately gated)","Fixed text/control routes and modal/IME handling still apply","Requires operation-specific active Document, selection, format, resource and protection checks; not inferred from registry or default context","https://github.com/altqx/hikari/blob/20d647c4c769ab7f5d383cf3c1c33f03876a94e9/HikariSub/Hotkeys.h#L90","https://github.com/altqx/hikari/blob/20d647c4c769ab7f5d383cf3c1c33f03876a94e9/HikariSub/EditBox.cpp#L339"
"EDITBOX_TAG_BUTTON1","3100","First tag button","https://github.com/altqx/hikari/blob/20d647c4c769ab7f5d383cf3c1c33f03876a94e9/HikariSub/HotkeysNaming.cpp#L90","ASS editor and translation","ASS editor and translation — retain operation: First tag button","retain-operation-proposed","No explicit default binding","None in LoadDefault","Keep source G/S/E/V/A independently of numeric family; no blanket eligibility or new precedence approved","R-G: dispatch through active tab window handler; resource gates apply","R-S: bind Editor handler from Grid","R-E: Editor table; hidden tag-button slots skipped","R-V: bind Editor handler from Video","R-A: Audio table binds Editor handler; additionally Grid receives A-context entry (handler support separately gated)","E-only visibility filter is bypassed by earlier cross-domain branches; preserve slots","Requires operation-specific active Document, selection, format, resource and protection checks; not inferred from registry or default context","https://github.com/altqx/hikari/blob/20d647c4c769ab7f5d383cf3c1c33f03876a94e9/HikariSub/Hotkeys.h#L91","https://github.com/altqx/hikari/blob/20d647c4c769ab7f5d383cf3c1c33f03876a94e9/HikariSub/EditBox.cpp#L1105 ; https://github.com/altqx/hikari/blob/20d647c4c769ab7f5d383cf3c1c33f03876a94e9/HikariSub/TabPanel.cpp#L163"
"EDITBOX_TAG_BUTTON2","3101","Second tag button","https://github.com/altqx/hikari/blob/20d647c4c769ab7f5d383cf3c1c33f03876a94e9/HikariSub/HotkeysNaming.cpp#L91","ASS editor and translation","ASS editor and translation — retain operation: Second tag button","retain-operation-proposed","No explicit default binding","None in LoadDefault","Keep source G/S/E/V/A independently of numeric family; no blanket eligibility or new precedence approved","R-G: dispatch through active tab window handler; resource gates apply","R-S: bind Editor handler from Grid","R-E: Editor table; hidden tag-button slots skipped","R-V: bind Editor handler from Video","R-A: Audio table binds Editor handler; additionally Grid receives A-context entry (handler support separately gated)","E-only visibility filter is bypassed by earlier cross-domain branches; preserve slots","Requires operation-specific active Document, selection, format, resource and protection checks; not inferred from registry or default context","https://github.com/altqx/hikari/blob/20d647c4c769ab7f5d383cf3c1c33f03876a94e9/HikariSub/Hotkeys.h#L92","https://github.com/altqx/hikari/blob/20d647c4c769ab7f5d383cf3c1c33f03876a94e9/HikariSub/EditBox.cpp#L1106"
"EDITBOX_TAG_BUTTON3","3102","Third tag button","https://github.com/altqx/hikari/blob/20d647c4c769ab7f5d383cf3c1c33f03876a94e9/HikariSub/HotkeysNaming.cpp#L92","ASS editor and translation","ASS editor and translation — retain operation: Third tag button","retain-operation-proposed","No explicit default binding","None in LoadDefault","Keep source G/S/E/V/A independently of numeric family; no blanket eligibility or new precedence approved","R-G: dispatch through active tab window handler; resource gates apply","R-S: bind Editor handler from Grid","R-E: Editor table; hidden tag-button slots skipped","R-V: bind Editor handler from Video","R-A: Audio table binds Editor handler; additionally Grid receives A-context entry (handler support separately gated)","E-only visibility filter is bypassed by earlier cross-domain branches; preserve slots","Requires operation-specific active Document, selection, format, resource and protection checks; not inferred from registry or default context","https://github.com/altqx/hikari/blob/20d647c4c769ab7f5d383cf3c1c33f03876a94e9/HikariSub/Hotkeys.h#L93","https://github.com/altqx/hikari/blob/20d647c4c769ab7f5d383cf3c1c33f03876a94e9/HikariSub/EditBox.cpp#L1107"
"EDITBOX_TAG_BUTTON4","3103","4th tag button","https://github.com/altqx/hikari/blob/20d647c4c769ab7f5d383cf3c1c33f03876a94e9/HikariSub/HotkeysNaming.cpp#L93","ASS editor and translation","ASS editor and translation — retain operation: 4th tag button","retain-operation-proposed","No explicit default binding","None in LoadDefault","Keep source G/S/E/V/A independently of numeric family; no blanket eligibility or new precedence approved","R-G: dispatch through active tab window handler; resource gates apply","R-S: bind Editor handler from Grid","R-E: Editor table; hidden tag-button slots skipped","R-V: bind Editor handler from Video","R-A: Audio table binds Editor handler; additionally Grid receives A-context entry (handler support separately gated)","E-only visibility filter is bypassed by earlier cross-domain branches; preserve slots","Requires operation-specific active Document, selection, format, resource and protection checks; not inferred from registry or default context","https://github.com/altqx/hikari/blob/20d647c4c769ab7f5d383cf3c1c33f03876a94e9/HikariSub/Hotkeys.h#L94","https://github.com/altqx/hikari/blob/20d647c4c769ab7f5d383cf3c1c33f03876a94e9/HikariSub/EditBox.cpp#L1108"
"EDITBOX_TAG_BUTTON5","3104","5th tag button","https://github.com/altqx/hikari/blob/20d647c4c769ab7f5d383cf3c1c33f03876a94e9/HikariSub/HotkeysNaming.cpp#L94","ASS editor and translation","ASS editor and translation — retain operation: 5th tag button","retain-operation-proposed","No explicit default binding","None in LoadDefault","Keep source G/S/E/V/A independently of numeric family; no blanket eligibility or new precedence approved","R-G: dispatch through active tab window handler; resource gates apply","R-S: bind Editor handler from Grid","R-E: Editor table; hidden tag-button slots skipped","R-V: bind Editor handler from Video","R-A: Audio table binds Editor handler; additionally Grid receives A-context entry (handler support separately gated)","E-only visibility filter is bypassed by earlier cross-domain branches; preserve slots","Requires operation-specific active Document, selection, format, resource and protection checks; not inferred from registry or default context","https://github.com/altqx/hikari/blob/20d647c4c769ab7f5d383cf3c1c33f03876a94e9/HikariSub/Hotkeys.h#L95","https://github.com/altqx/hikari/blob/20d647c4c769ab7f5d383cf3c1c33f03876a94e9/HikariSub/EditBox.cpp#L1109"
"EDITBOX_TAG_BUTTON6","3105","6th tag button","https://github.com/altqx/hikari/blob/20d647c4c769ab7f5d383cf3c1c33f03876a94e9/HikariSub/HotkeysNaming.cpp#L95","ASS editor and translation","ASS editor and translation — retain operation: 6th tag button","retain-operation-proposed","No explicit default binding","None in LoadDefault","Keep source G/S/E/V/A independently of numeric family; no blanket eligibility or new precedence approved","R-G: dispatch through active tab window handler; resource gates apply","R-S: bind Editor handler from Grid","R-E: Editor table; hidden tag-button slots skipped","R-V: bind Editor handler from Video","R-A: Audio table binds Editor handler; additionally Grid receives A-context entry (handler support separately gated)","E-only visibility filter is bypassed by earlier cross-domain branches; preserve slots","Requires operation-specific active Document, selection, format, resource and protection checks; not inferred from registry or default context","https://github.com/altqx/hikari/blob/20d647c4c769ab7f5d383cf3c1c33f03876a94e9/HikariSub/Hotkeys.h#L96","https://github.com/altqx/hikari/blob/20d647c4c769ab7f5d383cf3c1c33f03876a94e9/HikariSub/EditBox.cpp#L1110"
"EDITBOX_TAG_BUTTON7","3106","7th tag button","https://github.com/altqx/hikari/blob/20d647c4c769ab7f5d383cf3c1c33f03876a94e9/HikariSub/HotkeysNaming.cpp#L96","ASS editor and translation","ASS editor and translation — retain operation: 7th tag button","retain-operation-proposed","No explicit default binding","None in LoadDefault","Keep source G/S/E/V/A independently of numeric family; no blanket eligibility or new precedence approved","R-G: dispatch through active tab window handler; resource gates apply","R-S: bind Editor handler from Grid","R-E: Editor table; hidden tag-button slots skipped","R-V: bind Editor handler from Video","R-A: Audio table binds Editor handler; additionally Grid receives A-context entry (handler support separately gated)","E-only visibility filter is bypassed by earlier cross-domain branches; preserve slots","Requires operation-specific active Document, selection, format, resource and protection checks; not inferred from registry or default context","https://github.com/altqx/hikari/blob/20d647c4c769ab7f5d383cf3c1c33f03876a94e9/HikariSub/Hotkeys.h#L97","https://github.com/altqx/hikari/blob/20d647c4c769ab7f5d383cf3c1c33f03876a94e9/HikariSub/EditBox.cpp#L1111"
"EDITBOX_TAG_BUTTON8","3107","8th tag button","https://github.com/altqx/hikari/blob/20d647c4c769ab7f5d383cf3c1c33f03876a94e9/HikariSub/HotkeysNaming.cpp#L97","ASS editor and translation","ASS editor and translation — retain operation: 8th tag button","retain-operation-proposed","No explicit default binding","None in LoadDefault","Keep source G/S/E/V/A independently of numeric family; no blanket eligibility or new precedence approved","R-G: dispatch through active tab window handler; resource gates apply","R-S: bind Editor handler from Grid","R-E: Editor table; hidden tag-button slots skipped","R-V: bind Editor handler from Video","R-A: Audio table binds Editor handler; additionally Grid receives A-context entry (handler support separately gated)","E-only visibility filter is bypassed by earlier cross-domain branches; preserve slots","Requires operation-specific active Document, selection, format, resource and protection checks; not inferred from registry or default context","https://github.com/altqx/hikari/blob/20d647c4c769ab7f5d383cf3c1c33f03876a94e9/HikariSub/Hotkeys.h#L98","https://github.com/altqx/hikari/blob/20d647c4c769ab7f5d383cf3c1c33f03876a94e9/HikariSub/EditBox.cpp#L1112"
"EDITBOX_TAG_BUTTON9","3108","9th tag button","https://github.com/altqx/hikari/blob/20d647c4c769ab7f5d383cf3c1c33f03876a94e9/HikariSub/HotkeysNaming.cpp#L98","ASS editor and translation","ASS editor and translation — retain operation: 9th tag button","retain-operation-proposed","No explicit default binding","None in LoadDefault","Keep source G/S/E/V/A independently of numeric family; no blanket eligibility or new precedence approved","R-G: dispatch through active tab window handler; resource gates apply","R-S: bind Editor handler from Grid","R-E: Editor table; hidden tag-button slots skipped","R-V: bind Editor handler from Video","R-A: Audio table binds Editor handler; additionally Grid receives A-context entry (handler support separately gated)","E-only visibility filter is bypassed by earlier cross-domain branches; preserve slots","Requires operation-specific active Document, selection, format, resource and protection checks; not inferred from registry or default context","https://github.com/altqx/hikari/blob/20d647c4c769ab7f5d383cf3c1c33f03876a94e9/HikariSub/Hotkeys.h#L99","https://github.com/altqx/hikari/blob/20d647c4c769ab7f5d383cf3c1c33f03876a94e9/HikariSub/EditBox.cpp#L1113"
"EDITBOX_TAG_BUTTON10","3109","10th tag button","https://github.com/altqx/hikari/blob/20d647c4c769ab7f5d383cf3c1c33f03876a94e9/HikariSub/HotkeysNaming.cpp#L99","ASS editor and translation","ASS editor and translation — retain operation: 10th tag button","retain-operation-proposed","No explicit default binding","None in LoadDefault","Keep source G/S/E/V/A independently of numeric family; no blanket eligibility or new precedence approved","R-G: dispatch through active tab window handler; resource gates apply","R-S: bind Editor handler from Grid","R-E: Editor table; hidden tag-button slots skipped","R-V: bind Editor handler from Video","R-A: Audio table binds Editor handler; additionally Grid receives A-context entry (handler support separately gated)","E-only visibility filter is bypassed by earlier cross-domain branches; preserve slots","Requires operation-specific active Document, selection, format, resource and protection checks; not inferred from registry or default context","https://github.com/altqx/hikari/blob/20d647c4c769ab7f5d383cf3c1c33f03876a94e9/HikariSub/Hotkeys.h#L100","https://github.com/altqx/hikari/blob/20d647c4c769ab7f5d383cf3c1c33f03876a94e9/HikariSub/EditBox.cpp#L1114"
"EDITBOX_TAG_BUTTON11","3110","11th tag button","https://github.com/altqx/hikari/blob/20d647c4c769ab7f5d383cf3c1c33f03876a94e9/HikariSub/HotkeysNaming.cpp#L100","ASS editor and translation","ASS editor and translation — retain operation: 11th tag button","retain-operation-proposed","No explicit default binding","None in LoadDefault","Keep source G/S/E/V/A independently of numeric family; no blanket eligibility or new precedence approved","R-G: dispatch through active tab window handler; resource gates apply","R-S: bind Editor handler from Grid","R-E: Editor table; hidden tag-button slots skipped","R-V: bind Editor handler from Video","R-A: Audio table binds Editor handler; additionally Grid receives A-context entry (handler support separately gated)","E-only visibility filter is bypassed by earlier cross-domain branches; preserve slots","Requires operation-specific active Document, selection, format, resource and protection checks; not inferred from registry or default context","https://github.com/altqx/hikari/blob/20d647c4c769ab7f5d383cf3c1c33f03876a94e9/HikariSub/Hotkeys.h#L101","https://github.com/altqx/hikari/blob/20d647c4c769ab7f5d383cf3c1c33f03876a94e9/HikariSub/EditBox.cpp#L1115"
"EDITBOX_TAG_BUTTON12","3111","12th tag button","https://github.com/altqx/hikari/blob/20d647c4c769ab7f5d383cf3c1c33f03876a94e9/HikariSub/HotkeysNaming.cpp#L101","ASS editor and translation","ASS editor and translation — retain operation: 12th tag button","retain-operation-proposed","No explicit default binding","None in LoadDefault","Keep source G/S/E/V/A independently of numeric family; no blanket eligibility or new precedence approved","R-G: dispatch through active tab window handler; resource gates apply","R-S: bind Editor handler from Grid","R-E: Editor table; hidden tag-button slots skipped","R-V: bind Editor handler from Video","R-A: Audio table binds Editor handler; additionally Grid receives A-context entry (handler support separately gated)","E-only visibility filter is bypassed by earlier cross-domain branches; preserve slots","Requires operation-specific active Document, selection, format, resource and protection checks; not inferred from registry or default context","https://github.com/altqx/hikari/blob/20d647c4c769ab7f5d383cf3c1c33f03876a94e9/HikariSub/Hotkeys.h#L102","https://github.com/altqx/hikari/blob/20d647c4c769ab7f5d383cf3c1c33f03876a94e9/HikariSub/EditBox.cpp#L1116"
"EDITBOX_TAG_BUTTON13","3112","13th tag button","https://github.com/altqx/hikari/blob/20d647c4c769ab7f5d383cf3c1c33f03876a94e9/HikariSub/HotkeysNaming.cpp#L102","ASS editor and translation","ASS editor and translation — retain operation: 13th tag button","retain-operation-proposed","No explicit default binding","None in LoadDefault","Keep source G/S/E/V/A independently of numeric family; no blanket eligibility or new precedence approved","R-G: dispatch through active tab window handler; resource gates apply","R-S: bind Editor handler from Grid","R-E: Editor table; hidden tag-button slots skipped","R-V: bind Editor handler from Video","R-A: Audio table binds Editor handler; additionally Grid receives A-context entry (handler support separately gated)","E-only visibility filter is bypassed by earlier cross-domain branches; preserve slots","Requires operation-specific active Document, selection, format, resource and protection checks; not inferred from registry or default context","https://github.com/altqx/hikari/blob/20d647c4c769ab7f5d383cf3c1c33f03876a94e9/HikariSub/Hotkeys.h#L103","https://github.com/altqx/hikari/blob/20d647c4c769ab7f5d383cf3c1c33f03876a94e9/HikariSub/EditBox.cpp#L1117"
"EDITBOX_TAG_BUTTON14","3113","14th tag button","https://github.com/altqx/hikari/blob/20d647c4c769ab7f5d383cf3c1c33f03876a94e9/HikariSub/HotkeysNaming.cpp#L103","ASS editor and translation","ASS editor and translation — retain operation: 14th tag button","retain-operation-proposed","No explicit default binding","None in LoadDefault","Keep source G/S/E/V/A independently of numeric family; no blanket eligibility or new precedence approved","R-G: dispatch through active tab window handler; resource gates apply","R-S: bind Editor handler from Grid","R-E: Editor table; hidden tag-button slots skipped","R-V: bind Editor handler from Video","R-A: Audio table binds Editor handler; additionally Grid receives A-context entry (handler support separately gated)","E-only visibility filter is bypassed by earlier cross-domain branches; preserve slots","Requires operation-specific active Document, selection, format, resource and protection checks; not inferred from registry or default context","https://github.com/altqx/hikari/blob/20d647c4c769ab7f5d383cf3c1c33f03876a94e9/HikariSub/Hotkeys.h#L104","https://github.com/altqx/hikari/blob/20d647c4c769ab7f5d383cf3c1c33f03876a94e9/HikariSub/EditBox.cpp#L1118"
"EDITBOX_TAG_BUTTON15","3114","15th tag button","https://github.com/altqx/hikari/blob/20d647c4c769ab7f5d383cf3c1c33f03876a94e9/HikariSub/HotkeysNaming.cpp#L104","ASS editor and translation","ASS editor and translation — retain operation: 15th tag button","retain-operation-proposed","No explicit default binding","None in LoadDefault","Keep source G/S/E/V/A independently of numeric family; no blanket eligibility or new precedence approved","R-G: dispatch through active tab window handler; resource gates apply","R-S: bind Editor handler from Grid","R-E: Editor table; hidden tag-button slots skipped","R-V: bind Editor handler from Video","R-A: Audio table binds Editor handler; additionally Grid receives A-context entry (handler support separately gated)","E-only visibility filter is bypassed by earlier cross-domain branches; preserve slots","Requires operation-specific active Document, selection, format, resource and protection checks; not inferred from registry or default context","https://github.com/altqx/hikari/blob/20d647c4c769ab7f5d383cf3c1c33f03876a94e9/HikariSub/Hotkeys.h#L105","https://github.com/altqx/hikari/blob/20d647c4c769ab7f5d383cf3c1c33f03876a94e9/HikariSub/EditBox.cpp#L1119"
"EDITBOX_TAG_BUTTON16","3115","16th tag button","https://github.com/altqx/hikari/blob/20d647c4c769ab7f5d383cf3c1c33f03876a94e9/HikariSub/HotkeysNaming.cpp#L105","ASS editor and translation","ASS editor and translation — retain operation: 16th tag button","retain-operation-proposed","No explicit default binding","None in LoadDefault","Keep source G/S/E/V/A independently of numeric family; no blanket eligibility or new precedence approved","R-G: dispatch through active tab window handler; resource gates apply","R-S: bind Editor handler from Grid","R-E: Editor table; hidden tag-button slots skipped","R-V: bind Editor handler from Video","R-A: Audio table binds Editor handler; additionally Grid receives A-context entry (handler support separately gated)","E-only visibility filter is bypassed by earlier cross-domain branches; preserve slots","Requires operation-specific active Document, selection, format, resource and protection checks; not inferred from registry or default context","https://github.com/altqx/hikari/blob/20d647c4c769ab7f5d383cf3c1c33f03876a94e9/HikariSub/Hotkeys.h#L106","https://github.com/altqx/hikari/blob/20d647c4c769ab7f5d383cf3c1c33f03876a94e9/HikariSub/EditBox.cpp#L1120"
"EDITBOX_TAG_BUTTON17","3116","17th tag button","https://github.com/altqx/hikari/blob/20d647c4c769ab7f5d383cf3c1c33f03876a94e9/HikariSub/HotkeysNaming.cpp#L106","ASS editor and translation","ASS editor and translation — retain operation: 17th tag button","retain-operation-proposed","No explicit default binding","None in LoadDefault","Keep source G/S/E/V/A independently of numeric family; no blanket eligibility or new precedence approved","R-G: dispatch through active tab window handler; resource gates apply","R-S: bind Editor handler from Grid","R-E: Editor table; hidden tag-button slots skipped","R-V: bind Editor handler from Video","R-A: Audio table binds Editor handler; additionally Grid receives A-context entry (handler support separately gated)","E-only visibility filter is bypassed by earlier cross-domain branches; preserve slots","Requires operation-specific active Document, selection, format, resource and protection checks; not inferred from registry or default context","https://github.com/altqx/hikari/blob/20d647c4c769ab7f5d383cf3c1c33f03876a94e9/HikariSub/Hotkeys.h#L107","https://github.com/altqx/hikari/blob/20d647c4c769ab7f5d383cf3c1c33f03876a94e9/HikariSub/EditBox.cpp#L1121"
"EDITBOX_TAG_BUTTON18","3117","18th tag button","https://github.com/altqx/hikari/blob/20d647c4c769ab7f5d383cf3c1c33f03876a94e9/HikariSub/HotkeysNaming.cpp#L107","ASS editor and translation","ASS editor and translation — retain operation: 18th tag button","retain-operation-proposed","No explicit default binding","None in LoadDefault","Keep source G/S/E/V/A independently of numeric family; no blanket eligibility or new precedence approved","R-G: dispatch through active tab window handler; resource gates apply","R-S: bind Editor handler from Grid","R-E: Editor table; hidden tag-button slots skipped","R-V: bind Editor handler from Video","R-A: Audio table binds Editor handler; additionally Grid receives A-context entry (handler support separately gated)","E-only visibility filter is bypassed by earlier cross-domain branches; preserve slots","Requires operation-specific active Document, selection, format, resource and protection checks; not inferred from registry or default context","https://github.com/altqx/hikari/blob/20d647c4c769ab7f5d383cf3c1c33f03876a94e9/HikariSub/Hotkeys.h#L108","https://github.com/altqx/hikari/blob/20d647c4c769ab7f5d383cf3c1c33f03876a94e9/HikariSub/EditBox.cpp#L1122"
"EDITBOX_TAG_BUTTON19","3118","19th tag button","https://github.com/altqx/hikari/blob/20d647c4c769ab7f5d383cf3c1c33f03876a94e9/HikariSub/HotkeysNaming.cpp#L108","ASS editor and translation","ASS editor and translation — retain operation: 19th tag button","retain-operation-proposed","No explicit default binding","None in LoadDefault","Keep source G/S/E/V/A independently of numeric family; no blanket eligibility or new precedence approved","R-G: dispatch through active tab window handler; resource gates apply","R-S: bind Editor handler from Grid","R-E: Editor table; hidden tag-button slots skipped","R-V: bind Editor handler from Video","R-A: Audio table binds Editor handler; additionally Grid receives A-context entry (handler support separately gated)","E-only visibility filter is bypassed by earlier cross-domain branches; preserve slots","Requires operation-specific active Document, selection, format, resource and protection checks; not inferred from registry or default context","https://github.com/altqx/hikari/blob/20d647c4c769ab7f5d383cf3c1c33f03876a94e9/HikariSub/Hotkeys.h#L109","https://github.com/altqx/hikari/blob/20d647c4c769ab7f5d383cf3c1c33f03876a94e9/HikariSub/EditBox.cpp#L1123"
"EDITBOX_TAG_BUTTON20","3119","20th tag button","https://github.com/altqx/hikari/blob/20d647c4c769ab7f5d383cf3c1c33f03876a94e9/HikariSub/HotkeysNaming.cpp#L109","ASS editor and translation","ASS editor and translation — retain operation: 20th tag button","retain-operation-proposed","No explicit default binding","None in LoadDefault","Keep source G/S/E/V/A independently of numeric family; no blanket eligibility or new precedence approved","R-G: dispatch through active tab window handler; resource gates apply","R-S: bind Editor handler from Grid","R-E: Editor table; hidden tag-button slots skipped","R-V: bind Editor handler from Video","R-A: Audio table binds Editor handler; additionally Grid receives A-context entry (handler support separately gated)","E-only visibility filter is bypassed by earlier cross-domain branches; preserve slots","Requires operation-specific active Document, selection, format, resource and protection checks; not inferred from registry or default context","https://github.com/altqx/hikari/blob/20d647c4c769ab7f5d383cf3c1c33f03876a94e9/HikariSub/Hotkeys.h#L110","https://github.com/altqx/hikari/blob/20d647c4c769ab7f5d383cf3c1c33f03876a94e9/HikariSub/EditBox.cpp#L1124 ; https://github.com/altqx/hikari/blob/20d647c4c769ab7f5d383cf3c1c33f03876a94e9/HikariSub/TabPanel.cpp#L163"
"GRID_HIDE_LAYER","4001","Hide layer","https://github.com/altqx/hikari/blob/20d647c4c769ab7f5d383cf3c1c33f03876a94e9/HikariSub/HotkeysNaming.cpp#L130","Grid and Document operations","Grid and Document operations — retain operation: Hide layer","retain-operation-proposed","No explicit default binding","None in LoadDefault","Keep source G/S/E/V/A independently of numeric family; no blanket eligibility or new precedence approved","R-G: dispatch through active tab window handler; resource gates apply","R-S: Grid table and ConnectAcc","R-E: source anomaly: unreachable branch drops Editor-context Grid IDs","R-V: bind Grid handler from Video","R-A: Audio table binds Grid handler; additionally Grid receives A-context entry (handler support separately gated)","Fixed text/control routes and modal/IME handling still apply","Requires operation-specific active Document, selection, format, resource and protection checks; not inferred from registry or default context","https://github.com/altqx/hikari/blob/20d647c4c769ab7f5d383cf3c1c33f03876a94e9/HikariSub/Hotkeys.h#L111","https://github.com/altqx/hikari/blob/20d647c4c769ab7f5d383cf3c1c33f03876a94e9/HikariSub/SubsGrid.cpp#L91"
"GRID_HIDE_START","4002","Hide start time","https://github.com/altqx/hikari/blob/20d647c4c769ab7f5d383cf3c1c33f03876a94e9/HikariSub/HotkeysNaming.cpp#L134","Grid and Document operations","Grid and Document operations — retain operation: Hide start time","retain-operation-proposed","No explicit default binding","None in LoadDefault","Keep source G/S/E/V/A independently of numeric family; no blanket eligibility or new precedence approved","R-G: dispatch through active tab window handler; resource gates apply","R-S: Grid table and ConnectAcc","R-E: source anomaly: unreachable branch drops Editor-context Grid IDs","R-V: bind Grid handler from Video","R-A: Audio table binds Grid handler; additionally Grid receives A-context entry (handler support separately gated)","Fixed text/control routes and modal/IME handling still apply","Requires operation-specific active Document, selection, format, resource and protection checks; not inferred from registry or default context","https://github.com/altqx/hikari/blob/20d647c4c769ab7f5d383cf3c1c33f03876a94e9/HikariSub/Hotkeys.h#L112","https://github.com/altqx/hikari/blob/20d647c4c769ab7f5d383cf3c1c33f03876a94e9/HikariSub/SubsGrid.cpp#L191"
"GRID_HIDE_END","4004","Hide end time","https://github.com/altqx/hikari/blob/20d647c4c769ab7f5d383cf3c1c33f03876a94e9/HikariSub/HotkeysNaming.cpp#L128","Grid and Document operations","Grid and Document operations — retain operation: Hide end time","retain-operation-proposed","No explicit default binding","None in LoadDefault","Keep source G/S/E/V/A independently of numeric family; no blanket eligibility or new precedence approved","R-G: dispatch through active tab window handler; resource gates apply","R-S: Grid table and ConnectAcc","R-E: source anomaly: unreachable branch drops Editor-context Grid IDs","R-V: bind Grid handler from Video","R-A: Audio table binds Grid handler; additionally Grid receives A-context entry (handler support separately gated)","Fixed text/control routes and modal/IME handling still apply","Requires operation-specific active Document, selection, format, resource and protection checks; not inferred from registry or default context","https://github.com/altqx/hikari/blob/20d647c4c769ab7f5d383cf3c1c33f03876a94e9/HikariSub/Hotkeys.h#L113","https://github.com/altqx/hikari/blob/20d647c4c769ab7f5d383cf3c1c33f03876a94e9/HikariSub/SubsGrid.cpp#L192"
"GRID_HIDE_ACTOR","4016","Hide actor","https://github.com/altqx/hikari/blob/20d647c4c769ab7f5d383cf3c1c33f03876a94e9/HikariSub/HotkeysNaming.cpp#L126","Grid and Document operations","Grid and Document operations — retain operation: Hide actor","retain-operation-proposed","No explicit default binding","None in LoadDefault","Keep source G/S/E/V/A independently of numeric family; no blanket eligibility or new precedence approved","R-G: dispatch through active tab window handler; resource gates apply","R-S: Grid table and ConnectAcc","R-E: source anomaly: unreachable branch drops Editor-context Grid IDs","R-V: bind Grid handler from Video","R-A: Audio table binds Grid handler; additionally Grid receives A-context entry (handler support separately gated)","Fixed text/control routes and modal/IME handling still apply","Requires operation-specific active Document, selection, format, resource and protection checks; not inferred from registry or default context","https://github.com/altqx/hikari/blob/20d647c4c769ab7f5d383cf3c1c33f03876a94e9/HikariSub/Hotkeys.h#L114","https://github.com/altqx/hikari/blob/20d647c4c769ab7f5d383cf3c1c33f03876a94e9/HikariSub/SubsGrid.cpp#L193"
"GRID_HIDE_STYLE","4008","Hide style","https://github.com/altqx/hikari/blob/20d647c4c769ab7f5d383cf3c1c33f03876a94e9/HikariSub/HotkeysNaming.cpp#L135","Grid and Document operations","Grid and Document operations — retain operation: Hide style","retain-operation-proposed","No explicit default binding","None in LoadDefault","Keep source G/S/E/V/A independently of numeric family; no blanket eligibility or new precedence approved","R-G: dispatch through active tab window handler; resource gates apply","R-S: Grid table and ConnectAcc","R-E: source anomaly: unreachable branch drops Editor-context Grid IDs","R-V: bind Grid handler from Video","R-A: Audio table binds Grid handler; additionally Grid receives A-context entry (handler support separately gated)","Fixed text/control routes and modal/IME handling still apply","Requires operation-specific active Document, selection, format, resource and protection checks; not inferred from registry or default context","https://github.com/altqx/hikari/blob/20d647c4c769ab7f5d383cf3c1c33f03876a94e9/HikariSub/Hotkeys.h#L115","https://github.com/altqx/hikari/blob/20d647c4c769ab7f5d383cf3c1c33f03876a94e9/HikariSub/SubsGrid.cpp#L194"
"GRID_HIDE_MARGINL","4032","Hide left margin","https://github.com/altqx/hikari/blob/20d647c4c769ab7f5d383cf3c1c33f03876a94e9/HikariSub/HotkeysNaming.cpp#L131","Grid and Document operations","Grid and Document operations — retain operation: Hide left margin","retain-operation-proposed","No explicit default binding","None in LoadDefault","Keep source G/S/E/V/A independently of numeric family; no blanket eligibility or new precedence approved","R-G: dispatch through active tab window handler; resource gates apply","R-S: Grid table and ConnectAcc","R-E: source anomaly: unreachable branch drops Editor-context Grid IDs","R-V: bind Grid handler from Video","R-A: Audio table binds Grid handler; additionally Grid receives A-context entry (handler support separately gated)","Fixed text/control routes and modal/IME handling still apply","Requires operation-specific active Document, selection, format, resource and protection checks; not inferred from registry or default context","https://github.com/altqx/hikari/blob/20d647c4c769ab7f5d383cf3c1c33f03876a94e9/HikariSub/Hotkeys.h#L116","https://github.com/altqx/hikari/blob/20d647c4c769ab7f5d383cf3c1c33f03876a94e9/HikariSub/SubsGrid.cpp#L195"
"GRID_HIDE_MARGINR","4064","Hide right margin","https://github.com/altqx/hikari/blob/20d647c4c769ab7f5d383cf3c1c33f03876a94e9/HikariSub/HotkeysNaming.cpp#L132","Grid and Document operations","Grid and Document operations — retain operation: Hide right margin","retain-operation-proposed","No explicit default binding","None in LoadDefault","Keep source G/S/E/V/A independently of numeric family; no blanket eligibility or new precedence approved","R-G: dispatch through active tab window handler; resource gates apply","R-S: Grid table and ConnectAcc","R-E: source anomaly: unreachable branch drops Editor-context Grid IDs","R-V: bind Grid handler from Video","R-A: Audio table binds Grid handler; additionally Grid receives A-context entry (handler support separately gated)","Fixed text/control routes and modal/IME handling still apply","Requires operation-specific active Document, selection, format, resource and protection checks; not inferred from registry or default context","https://github.com/altqx/hikari/blob/20d647c4c769ab7f5d383cf3c1c33f03876a94e9/HikariSub/Hotkeys.h#L117","https://github.com/altqx/hikari/blob/20d647c4c769ab7f5d383cf3c1c33f03876a94e9/HikariSub/SubsGrid.cpp#L196"
"GRID_HIDE_MARGINV","4128","Hide vertical margin","https://github.com/altqx/hikari/blob/20d647c4c769ab7f5d383cf3c1c33f03876a94e9/HikariSub/HotkeysNaming.cpp#L133","Grid and Document operations","Grid and Document operations — retain operation: Hide vertical margin","retain-operation-proposed","No explicit default binding","None in LoadDefault","Keep source G/S/E/V/A independently of numeric family; no blanket eligibility or new precedence approved","R-G: dispatch through active tab window handler; resource gates apply","R-S: Grid table and ConnectAcc","R-E: source anomaly: unreachable branch drops Editor-context Grid IDs","R-V: bind Grid handler from Video","R-A: Audio table binds Grid handler; additionally Grid receives A-context entry (handler support separately gated)","Fixed text/control routes and modal/IME handling still apply","Requires operation-specific active Document, selection, format, resource and protection checks; not inferred from registry or default context","https://github.com/altqx/hikari/blob/20d647c4c769ab7f5d383cf3c1c33f03876a94e9/HikariSub/Hotkeys.h#L118","https://github.com/altqx/hikari/blob/20d647c4c769ab7f5d383cf3c1c33f03876a94e9/HikariSub/SubsGrid.cpp#L197"
"GRID_HIDE_EFFECT","4256","Hide effect","https://github.com/altqx/hikari/blob/20d647c4c769ab7f5d383cf3c1c33f03876a94e9/HikariSub/HotkeysNaming.cpp#L129","Grid and Document operations","Grid and Document operations — retain operation: Hide effect","retain-operation-proposed","No explicit default binding","None in LoadDefault","Keep source G/S/E/V/A independently of numeric family; no blanket eligibility or new precedence approved","R-G: dispatch through active tab window handler; resource gates apply","R-S: Grid table and ConnectAcc","R-E: source anomaly: unreachable branch drops Editor-context Grid IDs","R-V: bind Grid handler from Video","R-A: Audio table binds Grid handler; additionally Grid receives A-context entry (handler support separately gated)","Fixed text/control routes and modal/IME handling still apply","Requires operation-specific active Document, selection, format, resource and protection checks; not inferred from registry or default context","https://github.com/altqx/hikari/blob/20d647c4c769ab7f5d383cf3c1c33f03876a94e9/HikariSub/Hotkeys.h#L119","https://github.com/altqx/hikari/blob/20d647c4c769ab7f5d383cf3c1c33f03876a94e9/HikariSub/SubsGrid.cpp#L198"
"GRID_HIDE_CPS","4512","Hide characters per second","https://github.com/altqx/hikari/blob/20d647c4c769ab7f5d383cf3c1c33f03876a94e9/HikariSub/HotkeysNaming.cpp#L127","Grid and Document operations","Grid and Document operations — retain operation: Hide characters per second","retain-operation-proposed","No explicit default binding","None in LoadDefault","Keep source G/S/E/V/A independently of numeric family; no blanket eligibility or new precedence approved","R-G: dispatch through active tab window handler; resource gates apply","R-S: Grid table and ConnectAcc","R-E: source anomaly: unreachable branch drops Editor-context Grid IDs","R-V: bind Grid handler from Video","R-A: Audio table binds Grid handler; additionally Grid receives A-context entry (handler support separately gated)","Fixed text/control routes and modal/IME handling still apply","Requires operation-specific active Document, selection, format, resource and protection checks; not inferred from registry or default context","https://github.com/altqx/hikari/blob/20d647c4c769ab7f5d383cf3c1c33f03876a94e9/HikariSub/Hotkeys.h#L120","https://github.com/altqx/hikari/blob/20d647c4c769ab7f5d383cf3c1c33f03876a94e9/HikariSub/SubsGrid.cpp#L199"
"GRID_HIDE_WRAPS","4513","grid hide wraps","Symbol-derived worksheet label; not an accepted UI label","Grid and Document operations","Grid and Document operations — retain operation: grid hide wraps","retain-operation-proposed","No explicit default binding","None in LoadDefault","Keep source G/S/E/V/A independently of numeric family; no blanket eligibility or new precedence approved","R-G: dispatch through active tab window handler; resource gates apply","R-S: Grid table and ConnectAcc","R-E: source anomaly: unreachable branch drops Editor-context Grid IDs","R-V: bind Grid handler from Video","R-A: Audio table binds Grid handler; additionally Grid receives A-context entry (handler support separately gated)","Fixed text/control routes and modal/IME handling still apply","Requires operation-specific active Document, selection, format, resource and protection checks; not inferred from registry or default context","https://github.com/altqx/hikari/blob/20d647c4c769ab7f5d383cf3c1c33f03876a94e9/HikariSub/Hotkeys.h#L121","https://github.com/altqx/hikari/blob/20d647c4c769ab7f5d383cf3c1c33f03876a94e9/HikariSub/SubsGrid.cpp#L200"
"GRID_INSERT_BEFORE","4514","Insert before","https://github.com/altqx/hikari/blob/20d647c4c769ab7f5d383cf3c1c33f03876a94e9/HikariSub/HotkeysNaming.cpp#L142","Grid and Document operations","Grid and Document operations — retain operation: Insert before","retain-operation-proposed","No explicit default binding","None in LoadDefault","Keep source G/S/E/V/A independently of numeric family; no blanket eligibility or new precedence approved","R-G: dispatch through active tab window handler; resource gates apply","R-S: Grid table and ConnectAcc","R-E: source anomaly: unreachable branch drops Editor-context Grid IDs","R-V: bind Grid handler from Video","R-A: Audio table binds Grid handler; additionally Grid receives A-context entry (handler support separately gated)","Fixed text/control routes and modal/IME handling still apply","Requires operation-specific active Document, selection, format, resource and protection checks; not inferred from registry or default context","https://github.com/altqx/hikari/blob/20d647c4c769ab7f5d383cf3c1c33f03876a94e9/HikariSub/Hotkeys.h#L122","https://github.com/altqx/hikari/blob/20d647c4c769ab7f5d383cf3c1c33f03876a94e9/HikariSub/SubsGrid.cpp#L91"
"GRID_INSERT_AFTER","4515","Insert after","https://github.com/altqx/hikari/blob/20d647c4c769ab7f5d383cf3c1c33f03876a94e9/HikariSub/HotkeysNaming.cpp#L139","Grid and Document operations","Grid and Document operations — retain operation: Insert after","retain-operation-proposed","No explicit default binding","None in LoadDefault","Keep source G/S/E/V/A independently of numeric family; no blanket eligibility or new precedence approved","R-G: dispatch through active tab window handler; resource gates apply","R-S: Grid table and ConnectAcc","R-E: source anomaly: unreachable branch drops Editor-context Grid IDs","R-V: bind Grid handler from Video","R-A: Audio table binds Grid handler; additionally Grid receives A-context entry (handler support separately gated)","Fixed text/control routes and modal/IME handling still apply","Requires operation-specific active Document, selection, format, resource and protection checks; not inferred from registry or default context","https://github.com/altqx/hikari/blob/20d647c4c769ab7f5d383cf3c1c33f03876a94e9/HikariSub/Hotkeys.h#L123","https://github.com/altqx/hikari/blob/20d647c4c769ab7f5d383cf3c1c33f03876a94e9/HikariSub/SubsGrid.cpp#L243"
"GRID_INSERT_BEFORE_VIDEO","4516","Insert before with video time","https://github.com/altqx/hikari/blob/20d647c4c769ab7f5d383cf3c1c33f03876a94e9/HikariSub/HotkeysNaming.cpp#L143","Grid and Document operations","Grid and Document operations — retain operation: Insert before with video time","retain-operation-proposed","No explicit default binding","None in LoadDefault","Keep source G/S/E/V/A independently of numeric family; no blanket eligibility or new precedence approved","R-G: dispatch through active tab window handler; resource gates apply","R-S: Grid table and ConnectAcc","R-E: source anomaly: unreachable branch drops Editor-context Grid IDs","R-V: bind Grid handler from Video","R-A: Audio table binds Grid handler; additionally Grid receives A-context entry (handler support separately gated)","Fixed text/control routes and modal/IME handling still apply","Requires operation-specific active Document, selection, format, resource and protection checks; not inferred from registry or default context","https://github.com/altqx/hikari/blob/20d647c4c769ab7f5d383cf3c1c33f03876a94e9/HikariSub/Hotkeys.h#L124","https://github.com/altqx/hikari/blob/20d647c4c769ab7f5d383cf3c1c33f03876a94e9/HikariSub/SubsGrid.cpp#L245"
"GRID_INSERT_AFTER_VIDEO","4517","Insert after with video time","https://github.com/altqx/hikari/blob/20d647c4c769ab7f5d383cf3c1c33f03876a94e9/HikariSub/HotkeysNaming.cpp#L140","Grid and Document operations","Grid and Document operations — retain operation: Insert after with video time","retain-operation-proposed","No explicit default binding","None in LoadDefault","Keep source G/S/E/V/A independently of numeric family; no blanket eligibility or new precedence approved","R-G: dispatch through active tab window handler; resource gates apply","R-S: Grid table and ConnectAcc","R-E: source anomaly: unreachable branch drops Editor-context Grid IDs","R-V: bind Grid handler from Video","R-A: Audio table binds Grid handler; additionally Grid receives A-context entry (handler support separately gated)","Fixed text/control routes and modal/IME handling still apply","Requires operation-specific active Document, selection, format, resource and protection checks; not inferred from registry or default context","https://github.com/altqx/hikari/blob/20d647c4c769ab7f5d383cf3c1c33f03876a94e9/HikariSub/Hotkeys.h#L125","https://github.com/altqx/hikari/blob/20d647c4c769ab7f5d383cf3c1c33f03876a94e9/HikariSub/SubsGrid.cpp#L246"
"GRID_INSERT_BEFORE_WITH_VIDEO_FRAME","4518","Insert before with video frame time","https://github.com/altqx/hikari/blob/20d647c4c769ab7f5d383cf3c1c33f03876a94e9/HikariSub/HotkeysNaming.cpp#L144","Grid and Document operations","Grid and Document operations — retain operation: Insert before with video frame time","retain-operation-proposed","No explicit default binding","None in LoadDefault","Keep source G/S/E/V/A independently of numeric family; no blanket eligibility or new precedence approved","R-G: dispatch through active tab window handler; resource gates apply","R-S: Grid table and ConnectAcc","R-E: source anomaly: unreachable branch drops Editor-context Grid IDs","R-V: bind Grid handler from Video","R-A: Audio table binds Grid handler; additionally Grid receives A-context entry (handler support separately gated)","Fixed text/control routes and modal/IME handling still apply","Requires operation-specific active Document, selection, format, resource and protection checks; not inferred from registry or default context","https://github.com/altqx/hikari/blob/20d647c4c769ab7f5d383cf3c1c33f03876a94e9/HikariSub/Hotkeys.h#L126","https://github.com/altqx/hikari/blob/20d647c4c769ab7f5d383cf3c1c33f03876a94e9/HikariSub/SubsGrid.cpp#L247"
"GRID_INSERT_AFTER_WITH_VIDEO_FRAME","4519","Insert after with video frame time","https://github.com/altqx/hikari/blob/20d647c4c769ab7f5d383cf3c1c33f03876a94e9/HikariSub/HotkeysNaming.cpp#L141","Grid and Document operations","Grid and Document operations — retain operation: Insert after with video frame time","retain-operation-proposed","No explicit default binding","None in LoadDefault","Keep source G/S/E/V/A independently of numeric family; no blanket eligibility or new precedence approved","R-G: dispatch through active tab window handler; resource gates apply","R-S: Grid table and ConnectAcc","R-E: source anomaly: unreachable branch drops Editor-context Grid IDs","R-V: bind Grid handler from Video","R-A: Audio table binds Grid handler; additionally Grid receives A-context entry (handler support separately gated)","Fixed text/control routes and modal/IME handling still apply","Requires operation-specific active Document, selection, format, resource and protection checks; not inferred from registry or default context","https://github.com/altqx/hikari/blob/20d647c4c769ab7f5d383cf3c1c33f03876a94e9/HikariSub/Hotkeys.h#L127","https://github.com/altqx/hikari/blob/20d647c4c769ab7f5d383cf3c1c33f03876a94e9/HikariSub/SubsGrid.cpp#L248"
"GRID_SELECT_VISIBLE_LINES","4520","Select all lines visible on video","https://github.com/altqx/hikari/blob/20d647c4c769ab7f5d383cf3c1c33f03876a94e9/HikariSub/HotkeysNaming.cpp#L137","Grid and Document operations","Grid and Document operations — retain operation: Select all lines visible on video","retain-operation-proposed","No explicit default binding","None in LoadDefault","Keep source G/S/E/V/A independently of numeric family; no blanket eligibility or new precedence approved","R-G: dispatch through active tab window handler; resource gates apply","R-S: Grid table and ConnectAcc","R-E: source anomaly: unreachable branch drops Editor-context Grid IDs","R-V: bind Grid handler from Video","R-A: Audio table binds Grid handler; additionally Grid receives A-context entry (handler support separately gated)","Fixed text/control routes and modal/IME handling still apply","Requires operation-specific active Document, selection, format, resource and protection checks; not inferred from registry or default context","https://github.com/altqx/hikari/blob/20d647c4c769ab7f5d383cf3c1c33f03876a94e9/HikariSub/Hotkeys.h#L128","https://github.com/altqx/hikari/blob/20d647c4c769ab7f5d383cf3c1c33f03876a94e9/HikariSub/SubsGrid.cpp#L265"
"GRID_SPLIT_BY_VIDEO_TIME","4521","Split line at video time","https://github.com/altqx/hikari/blob/20d647c4c769ab7f5d383cf3c1c33f03876a94e9/HikariSub/HotkeysNaming.cpp#L155","Grid and Document operations","Grid and Document operations — retain operation: Split line at video time","retain-operation-proposed","No explicit default binding","None in LoadDefault","Keep source G/S/E/V/A independently of numeric family; no blanket eligibility or new precedence approved","R-G: dispatch through active tab window handler; resource gates apply","R-S: Grid table and ConnectAcc","R-E: source anomaly: unreachable branch drops Editor-context Grid IDs","R-V: bind Grid handler from Video","R-A: Audio table binds Grid handler; additionally Grid receives A-context entry (handler support separately gated)","Fixed text/control routes and modal/IME handling still apply","Requires operation-specific active Document, selection, format, resource and protection checks; not inferred from registry or default context","https://github.com/altqx/hikari/blob/20d647c4c769ab7f5d383cf3c1c33f03876a94e9/HikariSub/Hotkeys.h#L129","https://github.com/altqx/hikari/blob/20d647c4c769ab7f5d383cf3c1c33f03876a94e9/HikariSub/SubsGrid.cpp#L204"
"GRID_SPLIT_BY_FRAME","4522","Split lines into frames","https://github.com/altqx/hikari/blob/20d647c4c769ab7f5d383cf3c1c33f03876a94e9/HikariSub/HotkeysNaming.cpp#L156","Grid and Document operations","Grid and Document operations — retain operation: Split lines into frames","retain-operation-proposed","No explicit default binding","None in LoadDefault","Keep source G/S/E/V/A independently of numeric family; no blanket eligibility or new precedence approved","R-G: dispatch through active tab window handler; resource gates apply","R-S: Grid table and ConnectAcc","R-E: source anomaly: unreachable branch drops Editor-context Grid IDs","R-V: bind Grid handler from Video","R-A: Audio table binds Grid handler; additionally Grid receives A-context entry (handler support separately gated)","Fixed text/control routes and modal/IME handling still apply","Requires operation-specific active Document, selection, format, resource and protection checks; not inferred from registry or default context","https://github.com/altqx/hikari/blob/20d647c4c769ab7f5d383cf3c1c33f03876a94e9/HikariSub/Hotkeys.h#L130","https://github.com/altqx/hikari/blob/20d647c4c769ab7f5d383cf3c1c33f03876a94e9/HikariSub/SubsGrid.cpp#L206"
"GRID_SPLIT_BY_CHARS","4523","Split lines into characters","https://github.com/altqx/hikari/blob/20d647c4c769ab7f5d383cf3c1c33f03876a94e9/HikariSub/HotkeysNaming.cpp#L157","Grid and Document operations","Grid and Document operations — retain operation: Split lines into characters","retain-operation-proposed","No explicit default binding","None in LoadDefault","Keep source G/S/E/V/A independently of numeric family; no blanket eligibility or new precedence approved","R-G: dispatch through active tab window handler; resource gates apply","R-S: Grid table and ConnectAcc","R-E: source anomaly: unreachable branch drops Editor-context Grid IDs","R-V: bind Grid handler from Video","R-A: Audio table binds Grid handler; additionally Grid receives A-context entry (handler support separately gated)","Fixed text/control routes and modal/IME handling still apply","Requires operation-specific active Document, selection, format, resource and protection checks; not inferred from registry or default context","https://github.com/altqx/hikari/blob/20d647c4c769ab7f5d383cf3c1c33f03876a94e9/HikariSub/Hotkeys.h#L131","https://github.com/altqx/hikari/blob/20d647c4c769ab7f5d383cf3c1c33f03876a94e9/HikariSub/SubsGrid.cpp#L208"
"GRID_SPLIT_BY_WORDS","4524","Split lines into words","https://github.com/altqx/hikari/blob/20d647c4c769ab7f5d383cf3c1c33f03876a94e9/HikariSub/HotkeysNaming.cpp#L158","Grid and Document operations","Grid and Document operations — retain operation: Split lines into words","retain-operation-proposed","No explicit default binding","None in LoadDefault","Keep source G/S/E/V/A independently of numeric family; no blanket eligibility or new precedence approved","R-G: dispatch through active tab window handler; resource gates apply","R-S: Grid table and ConnectAcc","R-E: source anomaly: unreachable branch drops Editor-context Grid IDs","R-V: bind Grid handler from Video","R-A: Audio table binds Grid handler; additionally Grid receives A-context entry (handler support separately gated)","Fixed text/control routes and modal/IME handling still apply","Requires operation-specific active Document, selection, format, resource and protection checks; not inferred from registry or default context","https://github.com/altqx/hikari/blob/20d647c4c769ab7f5d383cf3c1c33f03876a94e9/HikariSub/Hotkeys.h#L132","https://github.com/altqx/hikari/blob/20d647c4c769ab7f5d383cf3c1c33f03876a94e9/HikariSub/SubsGrid.cpp#L209"
"GRID_SPLIT_BY_WRAPS","4525","Split lines by wraps","https://github.com/altqx/hikari/blob/20d647c4c769ab7f5d383cf3c1c33f03876a94e9/HikariSub/HotkeysNaming.cpp#L159","Grid and Document operations","Grid and Document operations — retain operation: Split lines by wraps","retain-operation-proposed","No explicit default binding","None in LoadDefault","Keep source G/S/E/V/A independently of numeric family; no blanket eligibility or new precedence approved","R-G: dispatch through active tab window handler; resource gates apply","R-S: Grid table and ConnectAcc","R-E: source anomaly: unreachable branch drops Editor-context Grid IDs","R-V: bind Grid handler from Video","R-A: Audio table binds Grid handler; additionally Grid receives A-context entry (handler support separately gated)","Fixed text/control routes and modal/IME handling still apply","Requires operation-specific active Document, selection, format, resource and protection checks; not inferred from registry or default context","https://github.com/altqx/hikari/blob/20d647c4c769ab7f5d383cf3c1c33f03876a94e9/HikariSub/Hotkeys.h#L133","https://github.com/altqx/hikari/blob/20d647c4c769ab7f5d383cf3c1c33f03876a94e9/HikariSub/SubsGrid.cpp#L210"
"GRID_SWAP_LINES","4526","Swap lines","https://github.com/altqx/hikari/blob/20d647c4c769ab7f5d383cf3c1c33f03876a94e9/HikariSub/HotkeysNaming.cpp#L151","Grid and Document operations","Grid and Document operations — retain operation: Swap lines","retain-operation-proposed","No explicit default binding","None in LoadDefault","Keep source G/S/E/V/A independently of numeric family; no blanket eligibility or new precedence approved","R-G: dispatch through active tab window handler; resource gates apply","R-S: Grid table and ConnectAcc","R-E: source anomaly: unreachable branch drops Editor-context Grid IDs","R-V: bind Grid handler from Video","R-A: Audio table binds Grid handler; additionally Grid receives A-context entry (handler support separately gated)","Fixed text/control routes and modal/IME handling still apply","Requires operation-specific active Document, selection, format, resource and protection checks; not inferred from registry or default context","https://github.com/altqx/hikari/blob/20d647c4c769ab7f5d383cf3c1c33f03876a94e9/HikariSub/Hotkeys.h#L134","https://github.com/altqx/hikari/blob/20d647c4c769ab7f5d383cf3c1c33f03876a94e9/HikariSub/SubsGrid.cpp#L253"
"GRID_DUPLICATE_LINES","4527","Duplicate lines","https://github.com/altqx/hikari/blob/20d647c4c769ab7f5d383cf3c1c33f03876a94e9/HikariSub/HotkeysNaming.cpp#L113","Grid and Document operations","Grid and Document operations — retain operation: Duplicate lines","retain-operation-proposed","GRID_HOTKEY:Ctrl-D","https://github.com/altqx/hikari/blob/20d647c4c769ab7f5d383cf3c1c33f03876a94e9/HikariSub/Hotkeys.cpp#L173","Keep source G/S/E/V/A independently of numeric family; no blanket eligibility or new precedence approved","R-G: dispatch through active tab window handler; resource gates apply","R-S: Grid table and ConnectAcc","R-E: source anomaly: unreachable branch drops Editor-context Grid IDs","R-V: bind Grid handler from Video","R-A: Audio table binds Grid handler; additionally Grid receives A-context entry (handler support separately gated)","Fixed text/control routes and modal/IME handling still apply","Requires operation-specific active Document, selection, format, resource and protection checks; not inferred from registry or default context","https://github.com/altqx/hikari/blob/20d647c4c769ab7f5d383cf3c1c33f03876a94e9/HikariSub/Hotkeys.h#L135","https://github.com/altqx/hikari/blob/20d647c4c769ab7f5d383cf3c1c33f03876a94e9/HikariSub/SubsGrid.cpp#L251"
"GRID_JOIN_LINES","4528","Join lines","https://github.com/altqx/hikari/blob/20d647c4c769ab7f5d383cf3c1c33f03876a94e9/HikariSub/HotkeysNaming.cpp#L145","Grid and Document operations","Grid and Document operations — retain operation: Join lines","retain-operation-proposed","No explicit default binding","None in LoadDefault","Keep source G/S/E/V/A independently of numeric family; no blanket eligibility or new precedence approved","R-G: dispatch through active tab window handler; resource gates apply","R-S: Grid table and ConnectAcc","R-E: source anomaly: unreachable branch drops Editor-context Grid IDs","R-V: bind Grid handler from Video","R-A: Audio table binds Grid handler; additionally Grid receives A-context entry (handler support separately gated)","Fixed text/control routes and modal/IME handling still apply","Requires operation-specific active Document, selection, format, resource and protection checks; not inferred from registry or default context","https://github.com/altqx/hikari/blob/20d647c4c769ab7f5d383cf3c1c33f03876a94e9/HikariSub/Hotkeys.h#L136","https://github.com/altqx/hikari/blob/20d647c4c769ab7f5d383cf3c1c33f03876a94e9/HikariSub/SubsGrid.cpp#L255"
"GRID_JOIN_TO_FIRST_LINE","4529","Join lines and keep first","https://github.com/altqx/hikari/blob/20d647c4c769ab7f5d383cf3c1c33f03876a94e9/HikariSub/HotkeysNaming.cpp#L146","Grid and Document operations","Grid and Document operations — retain operation: Join lines and keep first","retain-operation-proposed","No explicit default binding","None in LoadDefault","Keep source G/S/E/V/A independently of numeric family; no blanket eligibility or new precedence approved","R-G: dispatch through active tab window handler; resource gates apply","R-S: Grid table and ConnectAcc","R-E: source anomaly: unreachable branch drops Editor-context Grid IDs","R-V: bind Grid handler from Video","R-A: Audio table binds Grid handler; additionally Grid receives A-context entry (handler support separately gated)","Fixed text/control routes and modal/IME handling still apply","Requires operation-specific active Document, selection, format, resource and protection checks; not inferred from registry or default context","https://github.com/altqx/hikari/blob/20d647c4c769ab7f5d383cf3c1c33f03876a94e9/HikariSub/Hotkeys.h#L137","https://github.com/altqx/hikari/blob/20d647c4c769ab7f5d383cf3c1c33f03876a94e9/HikariSub/SubsGrid.cpp#L259"
"GRID_JOIN_TO_LAST_LINE","4530","Join lines and keep last","https://github.com/altqx/hikari/blob/20d647c4c769ab7f5d383cf3c1c33f03876a94e9/HikariSub/HotkeysNaming.cpp#L147","Grid and Document operations","Grid and Document operations — retain operation: Join lines and keep last","retain-operation-proposed","No explicit default binding","None in LoadDefault","Keep source G/S/E/V/A independently of numeric family; no blanket eligibility or new precedence approved","R-G: dispatch through active tab window handler; resource gates apply","R-S: Grid table and ConnectAcc","R-E: source anomaly: unreachable branch drops Editor-context Grid IDs","R-V: bind Grid handler from Video","R-A: Audio table binds Grid handler; additionally Grid receives A-context entry (handler support separately gated)","Fixed text/control routes and modal/IME handling still apply","Requires operation-specific active Document, selection, format, resource and protection checks; not inferred from registry or default context","https://github.com/altqx/hikari/blob/20d647c4c769ab7f5d383cf3c1c33f03876a94e9/HikariSub/Hotkeys.h#L138","https://github.com/altqx/hikari/blob/20d647c4c769ab7f5d383cf3c1c33f03876a94e9/HikariSub/SubsGrid.cpp#L260"
"GRID_COPY","4531","grid copy","Symbol-derived worksheet label; not an accepted UI label","Grid and Document operations","Grid and Document operations — retain operation: grid copy","retain-operation-proposed","No explicit default binding","None in LoadDefault","Keep source G/S/E/V/A independently of numeric family; no blanket eligibility or new precedence approved","R-G: dispatch through active tab window handler; resource gates apply","R-S: Grid table and ConnectAcc","R-E: source anomaly: unreachable branch drops Editor-context Grid IDs","R-V: bind Grid handler from Video","R-A: Audio table binds Grid handler; additionally Grid receives A-context entry (handler support separately gated)","fixed Grid Ctrl-X/C/V route","Requires operation-specific active Document, selection, format, resource and protection checks; not inferred from registry or default context","https://github.com/altqx/hikari/blob/20d647c4c769ab7f5d383cf3c1c33f03876a94e9/HikariSub/Hotkeys.h#L139","https://github.com/altqx/hikari/blob/20d647c4c769ab7f5d383cf3c1c33f03876a94e9/HikariSub/SubsGrid.cpp#L266 ; https://github.com/altqx/hikari/blob/20d647c4c769ab7f5d383cf3c1c33f03876a94e9/HikariSub/SubsGridPreview.cpp#L848 ; https://github.com/altqx/hikari/blob/20d647c4c769ab7f5d383cf3c1c33f03876a94e9/HikariSub/TabPanel.cpp#L105"
"GRID_PASTE","4532","grid paste","Symbol-derived worksheet label; not an accepted UI label","Grid and Document operations","Grid and Document operations — retain operation: grid paste","retain-operation-proposed","No explicit default binding","None in LoadDefault","Keep source G/S/E/V/A independently of numeric family; no blanket eligibility or new precedence approved","R-G: dispatch through active tab window handler; resource gates apply","R-S: Grid table and ConnectAcc","R-E: source anomaly: unreachable branch drops Editor-context Grid IDs","R-V: bind Grid handler from Video","R-A: Audio table binds Grid handler; additionally Grid receives A-context entry (handler support separately gated)","fixed Grid Ctrl-X/C/V route","Requires operation-specific active Document, selection, format, resource and protection checks; not inferred from registry or default context","https://github.com/altqx/hikari/blob/20d647c4c769ab7f5d383cf3c1c33f03876a94e9/HikariSub/Hotkeys.h#L140","https://github.com/altqx/hikari/blob/20d647c4c769ab7f5d383cf3c1c33f03876a94e9/HikariSub/SubsGrid.cpp#L268 ; https://github.com/altqx/hikari/blob/20d647c4c769ab7f5d383cf3c1c33f03876a94e9/HikariSub/SubsGridPreview.cpp#L849 ; https://github.com/altqx/hikari/blob/20d647c4c769ab7f5d383cf3c1c33f03876a94e9/HikariSub/TabPanel.cpp#L106"
"GRID_CUT","4533","grid cut","Symbol-derived worksheet label; not an accepted UI label","Grid and Document operations","Grid and Document operations — retain operation: grid cut","retain-operation-proposed","No explicit default binding","None in LoadDefault","Keep source G/S/E/V/A independently of numeric family; no blanket eligibility or new precedence approved","R-G: dispatch through active tab window handler; resource gates apply","R-S: Grid table and ConnectAcc","R-E: source anomaly: unreachable branch drops Editor-context Grid IDs","R-V: bind Grid handler from Video","R-A: Audio table binds Grid handler; additionally Grid receives A-context entry (handler support separately gated)","fixed Grid Ctrl-X/C/V route","Requires operation-specific active Document, selection, format, resource and protection checks; not inferred from registry or default context","https://github.com/altqx/hikari/blob/20d647c4c769ab7f5d383cf3c1c33f03876a94e9/HikariSub/Hotkeys.h#L141","https://github.com/altqx/hikari/blob/20d647c4c769ab7f5d383cf3c1c33f03876a94e9/HikariSub/SubsGrid.cpp#L267 ; https://github.com/altqx/hikari/blob/20d647c4c769ab7f5d383cf3c1c33f03876a94e9/HikariSub/TabPanel.cpp#L104"
"GRID_SHOW_PREVIEW","4534","Show subtitles preview","https://github.com/altqx/hikari/blob/20d647c4c769ab7f5d383cf3c1c33f03876a94e9/HikariSub/HotkeysNaming.cpp#L154","Grid and Document operations","Grid and Document operations — retain operation: Show subtitles preview","retain-operation-proposed","GRID_HOTKEY:Ctrl-Q","https://github.com/altqx/hikari/blob/20d647c4c769ab7f5d383cf3c1c33f03876a94e9/HikariSub/Hotkeys.cpp#L176","Keep source G/S/E/V/A independently of numeric family; no blanket eligibility or new precedence approved","R-G: dispatch through active tab window handler; resource gates apply","R-S: Grid table and ConnectAcc","R-E: source anomaly: unreachable branch drops Editor-context Grid IDs","R-V: bind Grid handler from Video","R-A: Audio table binds Grid handler; additionally Grid receives A-context entry (handler support separately gated)","Fixed text/control routes and modal/IME handling still apply","Requires operation-specific active Document, selection, format, resource and protection checks; not inferred from registry or default context","https://github.com/altqx/hikari/blob/20d647c4c769ab7f5d383cf3c1c33f03876a94e9/HikariSub/Hotkeys.h#L142","https://github.com/altqx/hikari/blob/20d647c4c769ab7f5d383cf3c1c33f03876a94e9/HikariSub/SubsGrid.cpp#L277"
"GRID_HIDE_SELECTED","4535","Hide selected lines","https://github.com/altqx/hikari/blob/20d647c4c769ab7f5d383cf3c1c33f03876a94e9/HikariSub/HotkeysNaming.cpp#L138","Grid and Document operations","Grid and Document operations — retain operation: Hide selected lines","retain-operation-proposed","No explicit default binding","None in LoadDefault","Keep source G/S/E/V/A independently of numeric family; no blanket eligibility or new precedence approved","R-G: dispatch through active tab window handler; resource gates apply","R-S: Grid table and ConnectAcc","R-E: source anomaly: unreachable branch drops Editor-context Grid IDs","R-V: bind Grid handler from Video","R-A: Audio table binds Grid handler; additionally Grid receives A-context entry (handler support separately gated)","Fixed text/control routes and modal/IME handling still apply","Requires operation-specific active Document, selection, format, resource and protection checks; not inferred from registry or default context","https://github.com/altqx/hikari/blob/20d647c4c769ab7f5d383cf3c1c33f03876a94e9/HikariSub/Hotkeys.h#L143","https://github.com/altqx/hikari/blob/20d647c4c769ab7f5d383cf3c1c33f03876a94e9/HikariSub/SubsGrid.cpp#L272"
"GRID_FILTER_BY_NOTHING","4536","Turn off filtering","https://github.com/altqx/hikari/blob/20d647c4c769ab7f5d383cf3c1c33f03876a94e9/HikariSub/HotkeysNaming.cpp#L116","Grid and Document operations","Grid and Document operations — retain operation: Turn off filtering","retain-operation-proposed","No explicit default binding","None in LoadDefault","Keep source G/S/E/V/A independently of numeric family; no blanket eligibility or new precedence approved","R-G: dispatch through active tab window handler; resource gates apply","R-S: Grid table and ConnectAcc","R-E: source anomaly: unreachable branch drops Editor-context Grid IDs","R-V: bind Grid handler from Video","R-A: Audio table binds Grid handler; additionally Grid receives A-context entry (handler support separately gated)","Fixed text/control routes and modal/IME handling still apply","Requires operation-specific active Document, selection, format, resource and protection checks; not inferred from registry or default context","https://github.com/altqx/hikari/blob/20d647c4c769ab7f5d383cf3c1c33f03876a94e9/HikariSub/Hotkeys.h#L144","https://github.com/altqx/hikari/blob/20d647c4c769ab7f5d383cf3c1c33f03876a94e9/HikariSub/SubsGrid.cpp#L238"
"GRID_FILTER_BY_STYLES","4537","Hide lines with styles","https://github.com/altqx/hikari/blob/20d647c4c769ab7f5d383cf3c1c33f03876a94e9/HikariSub/HotkeysNaming.cpp#L118","Grid and Document operations","Grid and Document operations — retain operation: Hide lines with styles","retain-operation-proposed","No explicit default binding","None in LoadDefault","Keep source G/S/E/V/A independently of numeric family; no blanket eligibility or new precedence approved","R-G: dispatch through active tab window handler; resource gates apply","R-S: Grid table and ConnectAcc","R-E: source anomaly: unreachable branch drops Editor-context Grid IDs","R-V: bind Grid handler from Video","R-A: Audio table binds Grid handler; additionally Grid receives A-context entry (handler support separately gated)","Fixed text/control routes and modal/IME handling still apply","Requires operation-specific active Document, selection, format, resource and protection checks; not inferred from registry or default context","https://github.com/altqx/hikari/blob/20d647c4c769ab7f5d383cf3c1c33f03876a94e9/HikariSub/Hotkeys.h#L145","https://github.com/altqx/hikari/blob/20d647c4c769ab7f5d383cf3c1c33f03876a94e9/HikariSub/SubsGrid.cpp#L104"
"GRID_FILTER_BY_SELECTIONS","4538","Hide selected lines","https://github.com/altqx/hikari/blob/20d647c4c769ab7f5d383cf3c1c33f03876a94e9/HikariSub/HotkeysNaming.cpp#L117","Grid and Document operations","Grid and Document operations — retain operation: Hide selected lines","retain-operation-proposed","No explicit default binding","None in LoadDefault","Keep source G/S/E/V/A independently of numeric family; no blanket eligibility or new precedence approved","R-G: dispatch through active tab window handler; resource gates apply","R-S: Grid table and ConnectAcc","R-E: source anomaly: unreachable branch drops Editor-context Grid IDs","R-V: bind Grid handler from Video","R-A: Audio table binds Grid handler; additionally Grid receives A-context entry (handler support separately gated)","Fixed text/control routes and modal/IME handling still apply","Requires operation-specific active Document, selection, format, resource and protection checks; not inferred from registry or default context","https://github.com/altqx/hikari/blob/20d647c4c769ab7f5d383cf3c1c33f03876a94e9/HikariSub/Hotkeys.h#L146","https://github.com/altqx/hikari/blob/20d647c4c769ab7f5d383cf3c1c33f03876a94e9/HikariSub/SubsGrid.cpp#L233"
"GRID_FILTER_BY_DIALOGUES","4539","Hide comments","https://github.com/altqx/hikari/blob/20d647c4c769ab7f5d383cf3c1c33f03876a94e9/HikariSub/HotkeysNaming.cpp#L114","Grid and Document operations","Grid and Document operations — retain operation: Hide comments","retain-operation-proposed","No explicit default binding","None in LoadDefault","Keep source G/S/E/V/A independently of numeric family; no blanket eligibility or new precedence approved","R-G: dispatch through active tab window handler; resource gates apply","R-S: Grid table and ConnectAcc","R-E: source anomaly: unreachable branch drops Editor-context Grid IDs","R-V: bind Grid handler from Video","R-A: Audio table binds Grid handler; additionally Grid receives A-context entry (handler support separately gated)","Fixed text/control routes and modal/IME handling still apply","Requires operation-specific active Document, selection, format, resource and protection checks; not inferred from registry or default context","https://github.com/altqx/hikari/blob/20d647c4c769ab7f5d383cf3c1c33f03876a94e9/HikariSub/Hotkeys.h#L147","https://github.com/altqx/hikari/blob/20d647c4c769ab7f5d383cf3c1c33f03876a94e9/HikariSub/SubsGrid.cpp#L234"
"GRID_FILTER_BY_DOUBTFUL","4540","Show unconfirmed","https://github.com/altqx/hikari/blob/20d647c4c769ab7f5d383cf3c1c33f03876a94e9/HikariSub/HotkeysNaming.cpp#L115","Grid and Document operations","Grid and Document operations — retain operation: Show unconfirmed","retain-operation-proposed","No explicit default binding","None in LoadDefault","Keep source G/S/E/V/A independently of numeric family; no blanket eligibility or new precedence approved","R-G: dispatch through active tab window handler; resource gates apply","R-S: Grid table and ConnectAcc","R-E: source anomaly: unreachable branch drops Editor-context Grid IDs","R-V: bind Grid handler from Video","R-A: Audio table binds Grid handler; additionally Grid receives A-context entry (handler support separately gated)","Fixed text/control routes and modal/IME handling still apply","Requires operation-specific active Document, selection, format, resource and protection checks; not inferred from registry or default context","https://github.com/altqx/hikari/blob/20d647c4c769ab7f5d383cf3c1c33f03876a94e9/HikariSub/Hotkeys.h#L148","https://github.com/altqx/hikari/blob/20d647c4c769ab7f5d383cf3c1c33f03876a94e9/HikariSub/SubsGrid.cpp#L235"
"GRID_FILTER_BY_UNTRANSLATED","4541","Show untranslated","https://github.com/altqx/hikari/blob/20d647c4c769ab7f5d383cf3c1c33f03876a94e9/HikariSub/HotkeysNaming.cpp#L119","Grid and Document operations","Grid and Document operations — retain operation: Show untranslated","retain-operation-proposed","No explicit default binding","None in LoadDefault","Keep source G/S/E/V/A independently of numeric family; no blanket eligibility or new precedence approved","R-G: dispatch through active tab window handler; resource gates apply","R-S: Grid table and ConnectAcc","R-E: source anomaly: unreachable branch drops Editor-context Grid IDs","R-V: bind Grid handler from Video","R-A: Audio table binds Grid handler; additionally Grid receives A-context entry (handler support separately gated)","Fixed text/control routes and modal/IME handling still apply","Requires operation-specific active Document, selection, format, resource and protection checks; not inferred from registry or default context","https://github.com/altqx/hikari/blob/20d647c4c769ab7f5d383cf3c1c33f03876a94e9/HikariSub/Hotkeys.h#L149","https://github.com/altqx/hikari/blob/20d647c4c769ab7f5d383cf3c1c33f03876a94e9/HikariSub/SubsGrid.cpp#L104"
"GRID_FILTER","4542","Filter","https://github.com/altqx/hikari/blob/20d647c4c769ab7f5d383cf3c1c33f03876a94e9/HikariSub/HotkeysNaming.cpp#L121","Grid and Document operations","Grid and Document operations — retain operation: Filter","retain-operation-proposed","No explicit default binding","None in LoadDefault","Keep source G/S/E/V/A independently of numeric family; no blanket eligibility or new precedence approved","R-G: dispatch through active tab window handler; resource gates apply","R-S: Grid table and ConnectAcc","R-E: source anomaly: unreachable branch drops Editor-context Grid IDs","R-V: bind Grid handler from Video","R-A: Audio table binds Grid handler; additionally Grid receives A-context entry (handler support separately gated)","Fixed text/control routes and modal/IME handling still apply","Requires operation-specific active Document, selection, format, resource and protection checks; not inferred from registry or default context","https://github.com/altqx/hikari/blob/20d647c4c769ab7f5d383cf3c1c33f03876a94e9/HikariSub/Hotkeys.h#L150","https://github.com/altqx/hikari/blob/20d647c4c769ab7f5d383cf3c1c33f03876a94e9/HikariSub/SubsGrid.cpp#L237"
"GRID_FILTER_AFTER_SUBS_LOAD","4543","Filter after loading subtitles","https://github.com/altqx/hikari/blob/20d647c4c769ab7f5d383cf3c1c33f03876a94e9/HikariSub/HotkeysNaming.cpp#L122","Grid and Document operations","Grid and Document operations — retain operation: Filter after loading subtitles","retain-operation-proposed","No explicit default binding","None in LoadDefault","Keep source G/S/E/V/A independently of numeric family; no blanket eligibility or new precedence approved","R-G: dispatch through active tab window handler; resource gates apply","R-S: Grid table and ConnectAcc","R-E: source anomaly: unreachable branch drops Editor-context Grid IDs","R-V: bind Grid handler from Video","R-A: Audio table binds Grid handler; additionally Grid receives A-context entry (handler support separately gated)","Fixed text/control routes and modal/IME handling still apply","Requires operation-specific active Document, selection, format, resource and protection checks; not inferred from registry or default context","https://github.com/altqx/hikari/blob/20d647c4c769ab7f5d383cf3c1c33f03876a94e9/HikariSub/Hotkeys.h#L151","https://github.com/altqx/hikari/blob/20d647c4c769ab7f5d383cf3c1c33f03876a94e9/HikariSub/SubsGrid.cpp#L154"
"GRID_FILTER_INVERT","4544","Reverse filtering","https://github.com/altqx/hikari/blob/20d647c4c769ab7f5d383cf3c1c33f03876a94e9/HikariSub/HotkeysNaming.cpp#L125","Grid and Document operations","Grid and Document operations — retain operation: Reverse filtering","retain-operation-proposed","No explicit default binding","None in LoadDefault","Keep source G/S/E/V/A independently of numeric family; no blanket eligibility or new precedence approved","R-G: dispatch through active tab window handler; resource gates apply","R-S: Grid table and ConnectAcc","R-E: source anomaly: unreachable branch drops Editor-context Grid IDs","R-V: bind Grid handler from Video","R-A: Audio table binds Grid handler; additionally Grid receives A-context entry (handler support separately gated)","Fixed text/control routes and modal/IME handling still apply","Requires operation-specific active Document, selection, format, resource and protection checks; not inferred from registry or default context","https://github.com/altqx/hikari/blob/20d647c4c769ab7f5d383cf3c1c33f03876a94e9/HikariSub/Hotkeys.h#L152","https://github.com/altqx/hikari/blob/20d647c4c769ab7f5d383cf3c1c33f03876a94e9/HikariSub/SubsGrid.cpp#L101"
"GRID_FILTER_DO_NOT_RESET","4545","Do not reset previous filtering","https://github.com/altqx/hikari/blob/20d647c4c769ab7f5d383cf3c1c33f03876a94e9/HikariSub/HotkeysNaming.cpp#L123","Grid and Document operations","Grid and Document operations — retain operation: Do not reset previous filtering","retain-operation-proposed","No explicit default binding","None in LoadDefault","Keep source G/S/E/V/A independently of numeric family; no blanket eligibility or new precedence approved","R-G: dispatch through active tab window handler; resource gates apply","R-S: Grid table and ConnectAcc","R-E: source anomaly: unreachable branch drops Editor-context Grid IDs","R-V: bind Grid handler from Video","R-A: Audio table binds Grid handler; additionally Grid receives A-context entry (handler support separately gated)","Fixed text/control routes and modal/IME handling still apply","Requires operation-specific active Document, selection, format, resource and protection checks; not inferred from registry or default context","https://github.com/altqx/hikari/blob/20d647c4c769ab7f5d383cf3c1c33f03876a94e9/HikariSub/Hotkeys.h#L153","https://github.com/altqx/hikari/blob/20d647c4c769ab7f5d383cf3c1c33f03876a94e9/HikariSub/SubsGrid.cpp#L151"
"GRID_FILTER_IGNORE_IN_ACTIONS","4546","Ignore filtering in some actions","https://github.com/altqx/hikari/blob/20d647c4c769ab7f5d383cf3c1c33f03876a94e9/HikariSub/HotkeysNaming.cpp#L124","Grid and Document operations","Grid and Document operations — retain operation: Ignore filtering in some actions","retain-operation-proposed","No explicit default binding","None in LoadDefault","Keep source G/S/E/V/A independently of numeric family; no blanket eligibility or new precedence approved","R-G: dispatch through active tab window handler; resource gates apply","R-S: Grid table and ConnectAcc","R-E: source anomaly: unreachable branch drops Editor-context Grid IDs","R-V: bind Grid handler from Video","R-A: Audio table binds Grid handler; additionally Grid receives A-context entry (handler support separately gated)","Fixed text/control routes and modal/IME handling still apply","Requires operation-specific active Document, selection, format, resource and protection checks; not inferred from registry or default context","https://github.com/altqx/hikari/blob/20d647c4c769ab7f5d383cf3c1c33f03876a94e9/HikariSub/Hotkeys.h#L154","https://github.com/altqx/hikari/blob/20d647c4c769ab7f5d383cf3c1c33f03876a94e9/HikariSub/SubsGrid.cpp#L157"
"GRID_TREE_MAKE","4547","Make tree","https://github.com/altqx/hikari/blob/20d647c4c769ab7f5d383cf3c1c33f03876a94e9/HikariSub/HotkeysNaming.cpp#L136","Grid and Document operations","Grid and Document operations — retain operation: Make tree","retain-operation-proposed","No explicit default binding","None in LoadDefault","Keep source G/S/E/V/A independently of numeric family; no blanket eligibility or new precedence approved","R-G: dispatch through active tab window handler; resource gates apply","R-S: Grid table and ConnectAcc","R-E: source anomaly: unreachable branch drops Editor-context Grid IDs","R-V: bind Grid handler from Video","R-A: Audio table binds Grid handler; additionally Grid receives A-context entry (handler support separately gated)","Fixed text/control routes and modal/IME handling still apply","Requires operation-specific active Document, selection, format, resource and protection checks; not inferred from registry or default context","https://github.com/altqx/hikari/blob/20d647c4c769ab7f5d383cf3c1c33f03876a94e9/HikariSub/Hotkeys.h#L155","https://github.com/altqx/hikari/blob/20d647c4c769ab7f5d383cf3c1c33f03876a94e9/HikariSub/SubsGrid.cpp#L276"
"GRID_PASTE_TRANSLATION","4548","Paste translation text","https://github.com/altqx/hikari/blob/20d647c4c769ab7f5d383cf3c1c33f03876a94e9/HikariSub/HotkeysNaming.cpp#L149","Grid and Document operations","Grid and Document operations — retain operation: Paste translation text","retain-operation-proposed","No explicit default binding","None in LoadDefault","Keep source G/S/E/V/A independently of numeric family; no blanket eligibility or new precedence approved","R-G: dispatch through active tab window handler; resource gates apply","R-S: Grid table and ConnectAcc","R-E: source anomaly: unreachable branch drops Editor-context Grid IDs","R-V: bind Grid handler from Video","R-A: Audio table binds Grid handler; additionally Grid receives A-context entry (handler support separately gated)","Fixed text/control routes and modal/IME handling still apply","Requires operation-specific active Document, selection, format, resource and protection checks; not inferred from registry or default context","https://github.com/altqx/hikari/blob/20d647c4c769ab7f5d383cf3c1c33f03876a94e9/HikariSub/Hotkeys.h#L156","https://github.com/altqx/hikari/blob/20d647c4c769ab7f5d383cf3c1c33f03876a94e9/HikariSub/SubsGrid.cpp#L280"
"GRID_TRANSLATION_DIALOG","4549","Dialogue shifting window","https://github.com/altqx/hikari/blob/20d647c4c769ab7f5d383cf3c1c33f03876a94e9/HikariSub/HotkeysNaming.cpp#L152","Grid and Document operations","Grid and Document operations — retain operation: Dialogue shifting window","retain-operation-proposed","No explicit default binding","None in LoadDefault","Keep source G/S/E/V/A independently of numeric family; no blanket eligibility or new precedence approved","R-G: dispatch through active tab window handler; resource gates apply","R-S: Grid table and ConnectAcc","R-E: source anomaly: unreachable branch drops Editor-context Grid IDs","R-V: bind Grid handler from Video","R-A: Audio table binds Grid handler; additionally Grid receives A-context entry (handler support separately gated)","Fixed text/control routes and modal/IME handling still apply","Requires operation-specific active Document, selection, format, resource and protection checks; not inferred from registry or default context","https://github.com/altqx/hikari/blob/20d647c4c769ab7f5d383cf3c1c33f03876a94e9/HikariSub/Hotkeys.h#L157","https://github.com/altqx/hikari/blob/20d647c4c769ab7f5d383cf3c1c33f03876a94e9/HikariSub/SubsGrid.cpp#L282"
"GRID_SUBS_FROM_MKV","4550","Load subtitles from an MKV file","https://github.com/altqx/hikari/blob/20d647c4c769ab7f5d383cf3c1c33f03876a94e9/HikariSub/HotkeysNaming.cpp#L150","Grid and Document operations","Grid and Document operations — retain operation: Load subtitles from an MKV file","retain-operation-proposed","No explicit default binding","None in LoadDefault","Keep source G/S/E/V/A independently of numeric family; no blanket eligibility or new precedence approved","R-G: dispatch through active tab window handler; resource gates apply","R-S: Grid table and ConnectAcc","R-E: source anomaly: unreachable branch drops Editor-context Grid IDs","R-V: bind Grid handler from Video","R-A: Audio table binds Grid handler; additionally Grid receives A-context entry (handler support separately gated)","Fixed text/control routes and modal/IME handling still apply","Requires operation-specific active Document, selection, format, resource and protection checks; not inferred from registry or default context","https://github.com/altqx/hikari/blob/20d647c4c769ab7f5d383cf3c1c33f03876a94e9/HikariSub/Hotkeys.h#L158","https://github.com/altqx/hikari/blob/20d647c4c769ab7f5d383cf3c1c33f03876a94e9/HikariSub/SubsGrid.cpp#L289"
"GRID_MAKE_CONTINOUS_PREVIOUS_LINE","4551","Set times as a continuous (previous line)","https://github.com/altqx/hikari/blob/20d647c4c769ab7f5d383cf3c1c33f03876a94e9/HikariSub/HotkeysNaming.cpp#L111","Grid and Document operations","Grid and Document operations — retain operation: Set times as a continuous (previous line)","retain-operation-proposed","No explicit default binding","None in LoadDefault","Keep source G/S/E/V/A independently of numeric family; no blanket eligibility or new precedence approved","R-G: dispatch through active tab window handler; resource gates apply","R-S: Grid table and ConnectAcc","R-E: source anomaly: unreachable branch drops Editor-context Grid IDs","R-V: bind Grid handler from Video","R-A: Audio table binds Grid handler; additionally Grid receives A-context entry (handler support separately gated)","Fixed text/control routes and modal/IME handling still apply","Requires operation-specific active Document, selection, format, resource and protection checks; not inferred from registry or default context","https://github.com/altqx/hikari/blob/20d647c4c769ab7f5d383cf3c1c33f03876a94e9/HikariSub/Hotkeys.h#L159","https://github.com/altqx/hikari/blob/20d647c4c769ab7f5d383cf3c1c33f03876a94e9/HikariSub/SubsGrid.cpp#L262"
"GRID_MAKE_CONTINOUS_NEXT_LINE","4552","Set times as a continuous (next line)","https://github.com/altqx/hikari/blob/20d647c4c769ab7f5d383cf3c1c33f03876a94e9/HikariSub/HotkeysNaming.cpp#L110","Grid and Document operations","Grid and Document operations — retain operation: Set times as a continuous (next line)","retain-operation-proposed","No explicit default binding","None in LoadDefault","Keep source G/S/E/V/A independently of numeric family; no blanket eligibility or new precedence approved","R-G: dispatch through active tab window handler; resource gates apply","R-S: Grid table and ConnectAcc","R-E: source anomaly: unreachable branch drops Editor-context Grid IDs","R-V: bind Grid handler from Video","R-A: Audio table binds Grid handler; additionally Grid receives A-context entry (handler support separately gated)","Fixed text/control routes and modal/IME handling still apply","Requires operation-specific active Document, selection, format, resource and protection checks; not inferred from registry or default context","https://github.com/altqx/hikari/blob/20d647c4c769ab7f5d383cf3c1c33f03876a94e9/HikariSub/Hotkeys.h#L160","https://github.com/altqx/hikari/blob/20d647c4c769ab7f5d383cf3c1c33f03876a94e9/HikariSub/SubsGrid.cpp#L263"
"GRID_PASTE_COLUMNS","4553","Paste columns","https://github.com/altqx/hikari/blob/20d647c4c769ab7f5d383cf3c1c33f03876a94e9/HikariSub/HotkeysNaming.cpp#L148","Grid and Document operations","Grid and Document operations — retain operation: Paste columns","retain-operation-proposed","GRID_HOTKEY:Ctrl-Shift-V","https://github.com/altqx/hikari/blob/20d647c4c769ab7f5d383cf3c1c33f03876a94e9/HikariSub/Hotkeys.cpp#L175","Keep source G/S/E/V/A independently of numeric family; no blanket eligibility or new precedence approved","R-G: dispatch through active tab window handler; resource gates apply","R-S: Grid table and ConnectAcc","R-E: source anomaly: unreachable branch drops Editor-context Grid IDs","R-V: bind Grid handler from Video","R-A: Audio table binds Grid handler; additionally Grid receives A-context entry (handler support separately gated)","Fixed text/control routes and modal/IME handling still apply","Requires operation-specific active Document, selection, format, resource and protection checks; not inferred from registry or default context","https://github.com/altqx/hikari/blob/20d647c4c769ab7f5d383cf3c1c33f03876a94e9/HikariSub/Hotkeys.h#L161","https://github.com/altqx/hikari/blob/20d647c4c769ab7f5d383cf3c1c33f03876a94e9/HikariSub/SubsGrid.cpp#L270"
"GRID_COPY_COLUMNS","4554","Copy columns","https://github.com/altqx/hikari/blob/20d647c4c769ab7f5d383cf3c1c33f03876a94e9/HikariSub/HotkeysNaming.cpp#L112","Grid and Document operations","Grid and Document operations — retain operation: Copy columns","retain-operation-proposed","GRID_HOTKEY:Ctrl-Shift-C","https://github.com/altqx/hikari/blob/20d647c4c769ab7f5d383cf3c1c33f03876a94e9/HikariSub/Hotkeys.cpp#L174","Keep source G/S/E/V/A independently of numeric family; no blanket eligibility or new precedence approved","R-G: dispatch through active tab window handler; resource gates apply","R-S: Grid table and ConnectAcc","R-E: source anomaly: unreachable branch drops Editor-context Grid IDs","R-V: bind Grid handler from Video","R-A: Audio table binds Grid handler; additionally Grid receives A-context entry (handler support separately gated)","Fixed text/control routes and modal/IME handling still apply","Requires operation-specific active Document, selection, format, resource and protection checks; not inferred from registry or default context","https://github.com/altqx/hikari/blob/20d647c4c769ab7f5d383cf3c1c33f03876a94e9/HikariSub/Hotkeys.h#L162","https://github.com/altqx/hikari/blob/20d647c4c769ab7f5d383cf3c1c33f03876a94e9/HikariSub/SubsGrid.cpp#L269"
"GRID_SET_FPS_FROM_VIDEO","4555","Set FPS from video","https://github.com/altqx/hikari/blob/20d647c4c769ab7f5d383cf3c1c33f03876a94e9/HikariSub/HotkeysNaming.cpp#L120","Grid and Document operations","Grid and Document operations — retain operation: Set FPS from video","retain-operation-proposed","No explicit default binding","None in LoadDefault","Keep source G/S/E/V/A independently of numeric family; no blanket eligibility or new precedence approved","R-G: dispatch through active tab window handler; resource gates apply","R-S: Grid table and ConnectAcc","R-E: source anomaly: unreachable branch drops Editor-context Grid IDs","R-V: bind Grid handler from Video","R-A: Audio table binds Grid handler; additionally Grid receives A-context entry (handler support separately gated)","Fixed text/control routes and modal/IME handling still apply","Requires operation-specific active Document, selection, format, resource and protection checks; not inferred from registry or default context","https://github.com/altqx/hikari/blob/20d647c4c769ab7f5d383cf3c1c33f03876a94e9/HikariSub/Hotkeys.h#L163","https://github.com/altqx/hikari/blob/20d647c4c769ab7f5d383cf3c1c33f03876a94e9/HikariSub/SubsGrid.cpp#L279"
"GRID_SET_NEW_FPS","4556","Set new FPS","https://github.com/altqx/hikari/blob/20d647c4c769ab7f5d383cf3c1c33f03876a94e9/HikariSub/HotkeysNaming.cpp#L153","Grid and Document operations","Grid and Document operations — retain operation: Set new FPS","retain-operation-proposed","No explicit default binding","None in LoadDefault","Keep source G/S/E/V/A independently of numeric family; no blanket eligibility or new precedence approved","R-G: dispatch through active tab window handler; resource gates apply","R-S: Grid table and ConnectAcc","R-E: source anomaly: unreachable branch drops Editor-context Grid IDs","R-V: bind Grid handler from Video","R-A: Audio table binds Grid handler; additionally Grid receives A-context entry (handler support separately gated)","Fixed text/control routes and modal/IME handling still apply","Requires operation-specific active Document, selection, format, resource and protection checks; not inferred from registry or default context","https://github.com/altqx/hikari/blob/20d647c4c769ab7f5d383cf3c1c33f03876a94e9/HikariSub/Hotkeys.h#L164","https://github.com/altqx/hikari/blob/20d647c4c769ab7f5d383cf3c1c33f03876a94e9/HikariSub/SubsGrid.cpp#L278"
"GLOBAL_SAVE_SUBS","5000","Save","https://github.com/altqx/hikari/blob/20d647c4c769ab7f5d383cf3c1c33f03876a94e9/HikariSub/HotkeysNaming.cpp#L235","Document/resource lifecycle","Document/resource lifecycle — retain operation: Save","retain-operation-proposed","GLOBAL_HOTKEY:Ctrl-S","https://github.com/altqx/hikari/blob/20d647c4c769ab7f5d383cf3c1c33f03876a94e9/HikariSub/Hotkeys.cpp#L153","Keep source G/S/E/V/A independently of numeric family; no blanket eligibility or new precedence approved","R-G: menu item must exist; otherwise skipped","R-S: installed; inherited/global command handling not established here","R-E: installed; inherited/global command handling not established here","R-V: installed; inherited/global command handling not established here","R-A: installed; explicit Global bind is commented out; additionally Grid receives A-context entry (handler support separately gated)","Fixed text/control routes and modal/IME handling still apply","Requires operation-specific active Document, selection, format, resource and protection checks; not inferred from registry or default context","https://github.com/altqx/hikari/blob/20d647c4c769ab7f5d383cf3c1c33f03876a94e9/HikariSub/Hotkeys.h#L165","https://github.com/altqx/hikari/blob/20d647c4c769ab7f5d383cf3c1c33f03876a94e9/HikariSub/HikariSubFrame.cpp#L180 ; https://github.com/altqx/hikari/blob/20d647c4c769ab7f5d383cf3c1c33f03876a94e9/HikariSub/SubsGridBase.cpp#L944 ; https://github.com/altqx/hikari/blob/20d647c4c769ab7f5d383cf3c1c33f03876a94e9/HikariSub/Toolbar.cpp#L76"
"GLOBAL_SAVE_ALL_SUBS","5001","Save all subtitles","https://github.com/altqx/hikari/blob/20d647c4c769ab7f5d383cf3c1c33f03876a94e9/HikariSub/HotkeysNaming.cpp#L234","Document/resource lifecycle","Document/resource lifecycle — retain operation: Save all subtitles","retain-operation-proposed","No explicit default binding","None in LoadDefault","Keep source G/S/E/V/A independently of numeric family; no blanket eligibility or new precedence approved","R-G: menu item must exist; otherwise skipped","R-S: installed; inherited/global command handling not established here","R-E: installed; inherited/global command handling not established here","R-V: installed; inherited/global command handling not established here","R-A: installed; explicit Global bind is commented out; additionally Grid receives A-context entry (handler support separately gated)","Fixed text/control routes and modal/IME handling still apply","Requires operation-specific active Document, selection, format, resource and protection checks; not inferred from registry or default context","https://github.com/altqx/hikari/blob/20d647c4c769ab7f5d383cf3c1c33f03876a94e9/HikariSub/Hotkeys.h#L166","https://github.com/altqx/hikari/blob/20d647c4c769ab7f5d383cf3c1c33f03876a94e9/HikariSub/HikariSubFrame.cpp#L182 ; https://github.com/altqx/hikari/blob/20d647c4c769ab7f5d383cf3c1c33f03876a94e9/HikariSub/Toolbar.cpp#L76"
"GLOBAL_SAVE_SUBS_AS","5002","Save as...","https://github.com/altqx/hikari/blob/20d647c4c769ab7f5d383cf3c1c33f03876a94e9/HikariSub/HotkeysNaming.cpp#L236","Document/resource lifecycle","Document/resource lifecycle — retain operation: Save as...","retain-operation-proposed","GLOBAL_HOTKEY:Ctrl-Shift-S","https://github.com/altqx/hikari/blob/20d647c4c769ab7f5d383cf3c1c33f03876a94e9/HikariSub/Hotkeys.cpp#L154","Keep source G/S/E/V/A independently of numeric family; no blanket eligibility or new precedence approved","R-G: menu item must exist; otherwise skipped","R-S: installed; inherited/global command handling not established here","R-E: installed; inherited/global command handling not established here","R-V: installed; inherited/global command handling not established here","R-A: installed; explicit Global bind is commented out; additionally Grid receives A-context entry (handler support separately gated)","Fixed text/control routes and modal/IME handling still apply","Requires operation-specific active Document, selection, format, resource and protection checks; not inferred from registry or default context","https://github.com/altqx/hikari/blob/20d647c4c769ab7f5d383cf3c1c33f03876a94e9/HikariSub/Hotkeys.h#L167","https://github.com/altqx/hikari/blob/20d647c4c769ab7f5d383cf3c1c33f03876a94e9/HikariSub/HikariSubFrame.cpp#L184 ; https://github.com/altqx/hikari/blob/20d647c4c769ab7f5d383cf3c1c33f03876a94e9/HikariSub/Toolbar.cpp#L76"
"GLOBAL_SAVE_TRANSLATION","5003","Save translation","https://github.com/altqx/hikari/blob/20d647c4c769ab7f5d383cf3c1c33f03876a94e9/HikariSub/HotkeysNaming.cpp#L237","Document/resource lifecycle","Document/resource lifecycle — retain operation: Save translation","retain-operation-proposed","No explicit default binding","None in LoadDefault","Keep source G/S/E/V/A independently of numeric family; no blanket eligibility or new precedence approved","R-G: menu item must exist; otherwise skipped","R-S: installed; inherited/global command handling not established here","R-E: installed; inherited/global command handling not established here","R-V: installed; inherited/global command handling not established here","R-A: installed; explicit Global bind is commented out; additionally Grid receives A-context entry (handler support separately gated)","Fixed text/control routes and modal/IME handling still apply","Requires operation-specific active Document, selection, format, resource and protection checks; not inferred from registry or default context","https://github.com/altqx/hikari/blob/20d647c4c769ab7f5d383cf3c1c33f03876a94e9/HikariSub/Hotkeys.h#L168","https://github.com/altqx/hikari/blob/20d647c4c769ab7f5d383cf3c1c33f03876a94e9/HikariSub/EditBox.cpp#L1149 ; https://github.com/altqx/hikari/blob/20d647c4c769ab7f5d383cf3c1c33f03876a94e9/HikariSub/HikariSubFrame.cpp#L186 ; https://github.com/altqx/hikari/blob/20d647c4c769ab7f5d383cf3c1c33f03876a94e9/HikariSub/SubsGrid.cpp#L1155"
"GLOBAL_REMOVE_SUBS","5004","Remove subtitles from the editor","https://github.com/altqx/hikari/blob/20d647c4c769ab7f5d383cf3c1c33f03876a94e9/HikariSub/HotkeysNaming.cpp#L232","Document/resource lifecycle","Document/resource lifecycle — retain operation: Remove subtitles from the editor","retain-operation-proposed","No explicit default binding","None in LoadDefault","Keep source G/S/E/V/A independently of numeric family; no blanket eligibility or new precedence approved","R-G: menu item must exist; otherwise skipped","R-S: installed; inherited/global command handling not established here","R-E: installed; inherited/global command handling not established here","R-V: installed; inherited/global command handling not established here","R-A: installed; explicit Global bind is commented out; additionally Grid receives A-context entry (handler support separately gated)","Fixed text/control routes and modal/IME handling still apply","Requires operation-specific active Document, selection, format, resource and protection checks; not inferred from registry or default context","https://github.com/altqx/hikari/blob/20d647c4c769ab7f5d383cf3c1c33f03876a94e9/HikariSub/Hotkeys.h#L169","https://github.com/altqx/hikari/blob/20d647c4c769ab7f5d383cf3c1c33f03876a94e9/HikariSub/HikariSubFrame.cpp#L190 ; https://github.com/altqx/hikari/blob/20d647c4c769ab7f5d383cf3c1c33f03876a94e9/HikariSub/Toolbar.cpp#L77"
"GLOBAL_REDO","5005","Redo","https://github.com/altqx/hikari/blob/20d647c4c769ab7f5d383cf3c1c33f03876a94e9/HikariSub/HotkeysNaming.cpp#L230","Document history","Document history — retain operation: Redo","retain-operation-proposed","GLOBAL_HOTKEY:Ctrl-Y","https://github.com/altqx/hikari/blob/20d647c4c769ab7f5d383cf3c1c33f03876a94e9/HikariSub/Hotkeys.cpp#L150","Keep source G/S/E/V/A independently of numeric family; no blanket eligibility or new precedence approved","R-G: menu item must exist; otherwise skipped","R-S: installed; inherited/global command handling not established here","R-E: installed; inherited/global command handling not established here","R-V: installed; inherited/global command handling not established here","R-A: installed; explicit Global bind is commented out; additionally Grid receives A-context entry (handler support separately gated)","Fixed text/control routes and modal/IME handling still apply","Requires operation-specific active Document, selection, format, resource and protection checks; not inferred from registry or default context","https://github.com/altqx/hikari/blob/20d647c4c769ab7f5d383cf3c1c33f03876a94e9/HikariSub/Hotkeys.h#L170","https://github.com/altqx/hikari/blob/20d647c4c769ab7f5d383cf3c1c33f03876a94e9/HikariSub/HikariSubFrame.cpp#L214 ; https://github.com/altqx/hikari/blob/20d647c4c769ab7f5d383cf3c1c33f03876a94e9/HikariSub/SubsGridBase.cpp#L942"
"GLOBAL_UNDO","5006","Undo","https://github.com/altqx/hikari/blob/20d647c4c769ab7f5d383cf3c1c33f03876a94e9/HikariSub/HotkeysNaming.cpp#L203","Document history","Document history — retain operation: Undo","retain-operation-proposed","GLOBAL_HOTKEY:Ctrl-Z","https://github.com/altqx/hikari/blob/20d647c4c769ab7f5d383cf3c1c33f03876a94e9/HikariSub/Hotkeys.cpp#L149","Keep source G/S/E/V/A independently of numeric family; no blanket eligibility or new precedence approved","R-G: menu item must exist; otherwise skipped","R-S: installed; inherited/global command handling not established here","R-E: installed; inherited/global command handling not established here","R-V: installed; inherited/global command handling not established here","R-A: installed; explicit Global bind is commented out; additionally Grid receives A-context entry (handler support separately gated)","Fixed text/control routes and modal/IME handling still apply","Requires operation-specific active Document, selection, format, resource and protection checks; not inferred from registry or default context","https://github.com/altqx/hikari/blob/20d647c4c769ab7f5d383cf3c1c33f03876a94e9/HikariSub/Hotkeys.h#L171","https://github.com/altqx/hikari/blob/20d647c4c769ab7f5d383cf3c1c33f03876a94e9/HikariSub/HikariSubFrame.cpp#L209 ; https://github.com/altqx/hikari/blob/20d647c4c769ab7f5d383cf3c1c33f03876a94e9/HikariSub/SubsGridBase.cpp#L941"
"GLOBAL_UNDO_TO_LAST_SAVE","5007","Undo to last save","https://github.com/altqx/hikari/blob/20d647c4c769ab7f5d383cf3c1c33f03876a94e9/HikariSub/HotkeysNaming.cpp#L204","Document history","Document history — retain operation: Undo to last save","retain-operation-proposed","No explicit default binding","None in LoadDefault","Keep source G/S/E/V/A independently of numeric family; no blanket eligibility or new precedence approved","R-G: menu item must exist; otherwise skipped","R-S: installed; inherited/global command handling not established here","R-E: installed; inherited/global command handling not established here","R-V: installed; inherited/global command handling not established here","R-A: installed; explicit Global bind is commented out; additionally Grid receives A-context entry (handler support separately gated)","Fixed text/control routes and modal/IME handling still apply","Requires operation-specific active Document, selection, format, resource and protection checks; not inferred from registry or default context","https://github.com/altqx/hikari/blob/20d647c4c769ab7f5d383cf3c1c33f03876a94e9/HikariSub/Hotkeys.h#L172","https://github.com/altqx/hikari/blob/20d647c4c769ab7f5d383cf3c1c33f03876a94e9/HikariSub/HikariSubFrame.cpp#L211 ; https://github.com/altqx/hikari/blob/20d647c4c769ab7f5d383cf3c1c33f03876a94e9/HikariSub/SubsGridBase.cpp#L943"
"GLOBAL_HISTORY","5008","History","https://github.com/altqx/hikari/blob/20d647c4c769ab7f5d383cf3c1c33f03876a94e9/HikariSub/HotkeysNaming.cpp#L181","Document history","Document history — retain operation: History","retain-operation-proposed","GLOBAL_HOTKEY:Ctrl-Shift-H","https://github.com/altqx/hikari/blob/20d647c4c769ab7f5d383cf3c1c33f03876a94e9/HikariSub/Hotkeys.cpp#L151","Keep source G/S/E/V/A independently of numeric family; no blanket eligibility or new precedence approved","R-G: menu item must exist; otherwise skipped","R-S: installed; inherited/global command handling not established here","R-E: installed; inherited/global command handling not established here","R-V: installed; inherited/global command handling not established here","R-A: installed; explicit Global bind is commented out; additionally Grid receives A-context entry (handler support separately gated)","Fixed text/control routes and modal/IME handling still apply","Requires operation-specific active Document, selection, format, resource and protection checks; not inferred from registry or default context","https://github.com/altqx/hikari/blob/20d647c4c769ab7f5d383cf3c1c33f03876a94e9/HikariSub/Hotkeys.h#L173","https://github.com/altqx/hikari/blob/20d647c4c769ab7f5d383cf3c1c33f03876a94e9/HikariSub/HikariSubFrame.cpp#L216 ; https://github.com/altqx/hikari/blob/20d647c4c769ab7f5d383cf3c1c33f03876a94e9/HikariSub/SubsGridBase.cpp#L950"
"GLOBAL_SEARCH","5009","Find","https://github.com/altqx/hikari/blob/20d647c4c769ab7f5d383cf3c1c33f03876a94e9/HikariSub/HotkeysNaming.cpp#L239","Search and language tools","Search and language tools — retain operation: Find","retain-operation-proposed","GLOBAL_HOTKEY:Ctrl-F","https://github.com/altqx/hikari/blob/20d647c4c769ab7f5d383cf3c1c33f03876a94e9/HikariSub/Hotkeys.cpp#L147","Keep source G/S/E/V/A independently of numeric family; no blanket eligibility or new precedence approved","R-G: menu item must exist; otherwise skipped","R-S: installed; inherited/global command handling not established here","R-E: installed; inherited/global command handling not established here","R-V: installed; inherited/global command handling not established here","R-A: installed; explicit Global bind is commented out; additionally Grid receives A-context entry (handler support separately gated)","Fixed text/control routes and modal/IME handling still apply","Requires operation-specific active Document, selection, format, resource and protection checks; not inferred from registry or default context","https://github.com/altqx/hikari/blob/20d647c4c769ab7f5d383cf3c1c33f03876a94e9/HikariSub/Hotkeys.h#L174","https://github.com/altqx/hikari/blob/20d647c4c769ab7f5d383cf3c1c33f03876a94e9/HikariSub/FindReplaceDialog.cpp#L456 ; https://github.com/altqx/hikari/blob/20d647c4c769ab7f5d383cf3c1c33f03876a94e9/HikariSub/HikariSubFrame.cpp#L220"
"GLOBAL_FIND_REPLACE","5010","Find and replace","https://github.com/altqx/hikari/blob/20d647c4c769ab7f5d383cf3c1c33f03876a94e9/HikariSub/HotkeysNaming.cpp#L176","Search and language tools","Search and language tools — retain operation: Find and replace","retain-operation-proposed","GLOBAL_HOTKEY:Ctrl-H","https://github.com/altqx/hikari/blob/20d647c4c769ab7f5d383cf3c1c33f03876a94e9/HikariSub/Hotkeys.cpp#L148","Keep source G/S/E/V/A independently of numeric family; no blanket eligibility or new precedence approved","R-G: menu item must exist; otherwise skipped","R-S: installed; inherited/global command handling not established here","R-E: installed; inherited/global command handling not established here","R-V: installed; inherited/global command handling not established here","R-A: installed; explicit Global bind is commented out; additionally Grid receives A-context entry (handler support separately gated)","Fixed text/control routes and modal/IME handling still apply","Requires operation-specific active Document, selection, format, resource and protection checks; not inferred from registry or default context","https://github.com/altqx/hikari/blob/20d647c4c769ab7f5d383cf3c1c33f03876a94e9/HikariSub/Hotkeys.h#L175","https://github.com/altqx/hikari/blob/20d647c4c769ab7f5d383cf3c1c33f03876a94e9/HikariSub/FindReplaceDialog.cpp#L457 ; https://github.com/altqx/hikari/blob/20d647c4c769ab7f5d383cf3c1c33f03876a94e9/HikariSub/HikariSubFrame.cpp#L218 ; https://github.com/altqx/hikari/blob/20d647c4c769ab7f5d383cf3c1c33f03876a94e9/HikariSub/Toolbar.cpp#L77"
"GLOBAL_FIND_NEXT","5011","Find next","https://github.com/altqx/hikari/blob/20d647c4c769ab7f5d383cf3c1c33f03876a94e9/HikariSub/HotkeysNaming.cpp#L217","Search and language tools","Search and language tools — retain operation: Find next","retain-operation-proposed","GLOBAL_HOTKEY:F3","https://github.com/altqx/hikari/blob/20d647c4c769ab7f5d383cf3c1c33f03876a94e9/HikariSub/Hotkeys.cpp#L164","Keep source G/S/E/V/A independently of numeric family; no blanket eligibility or new precedence approved","R-G: menu item must exist; otherwise skipped","R-S: installed; inherited/global command handling not established here","R-E: installed; inherited/global command handling not established here","R-V: installed; inherited/global command handling not established here","R-A: installed; explicit Global bind is commented out; additionally Grid receives A-context entry (handler support separately gated)","Fixed text/control routes and modal/IME handling still apply","Requires operation-specific active Document, selection, format, resource and protection checks; not inferred from registry or default context","https://github.com/altqx/hikari/blob/20d647c4c769ab7f5d383cf3c1c33f03876a94e9/HikariSub/Hotkeys.h#L176","https://github.com/altqx/hikari/blob/20d647c4c769ab7f5d383cf3c1c33f03876a94e9/HikariSub/HikariSubFrame.cpp#L222"
"GLOBAL_MISSPELLS_REPLACER","5012","Fix minor errors (experimental)","https://github.com/altqx/hikari/blob/20d647c4c769ab7f5d383cf3c1c33f03876a94e9/HikariSub/HotkeysNaming.cpp#L216","Search and language tools","Search and language tools — retain operation: Fix minor errors (experimental)","retain-operation-proposed","No explicit default binding","None in LoadDefault","Keep source G/S/E/V/A independently of numeric family; no blanket eligibility or new precedence approved","R-G: menu item must exist; otherwise skipped","R-S: installed; inherited/global command handling not established here","R-E: installed; inherited/global command handling not established here","R-V: installed; inherited/global command handling not established here","R-A: installed; explicit Global bind is commented out; additionally Grid receives A-context entry (handler support separately gated)","Fixed text/control routes and modal/IME handling still apply","Requires operation-specific active Document, selection, format, resource and protection checks; not inferred from registry or default context","https://github.com/altqx/hikari/blob/20d647c4c769ab7f5d383cf3c1c33f03876a94e9/HikariSub/Hotkeys.h#L177","https://github.com/altqx/hikari/blob/20d647c4c769ab7f5d383cf3c1c33f03876a94e9/HikariSub/HikariSubFrame.cpp#L241"
"GLOBAL_OPEN_SELECT_LINES","5013","Select lines","https://github.com/altqx/hikari/blob/20d647c4c769ab7f5d383cf3c1c33f03876a94e9/HikariSub/HotkeysNaming.cpp#L241","Search and language tools","Search and language tools — retain operation: Select lines","retain-operation-proposed","No explicit default binding","None in LoadDefault","Keep source G/S/E/V/A independently of numeric family; no blanket eligibility or new precedence approved","R-G: menu item must exist; otherwise skipped","R-S: installed; inherited/global command handling not established here","R-E: installed; inherited/global command handling not established here","R-V: installed; inherited/global command handling not established here","R-A: installed; explicit Global bind is commented out; additionally Grid receives A-context entry (handler support separately gated)","Fixed text/control routes and modal/IME handling still apply","Requires operation-specific active Document, selection, format, resource and protection checks; not inferred from registry or default context","https://github.com/altqx/hikari/blob/20d647c4c769ab7f5d383cf3c1c33f03876a94e9/HikariSub/Hotkeys.h#L178","https://github.com/altqx/hikari/blob/20d647c4c769ab7f5d383cf3c1c33f03876a94e9/HikariSub/HikariSubFrame.cpp#L243"
"GLOBAL_OPEN_SPELLCHECKER","5014","Check spelling","https://github.com/altqx/hikari/blob/20d647c4c769ab7f5d383cf3c1c33f03876a94e9/HikariSub/HotkeysNaming.cpp#L251","Search and language tools","Search and language tools — retain operation: Check spelling","retain-operation-proposed","No explicit default binding","None in LoadDefault","Keep source G/S/E/V/A independently of numeric family; no blanket eligibility or new precedence approved","R-G: menu item must exist; otherwise skipped","R-S: installed; inherited/global command handling not established here","R-E: installed; inherited/global command handling not established here","R-V: installed; inherited/global command handling not established here","R-A: installed; explicit Global bind is commented out; additionally Grid receives A-context entry (handler support separately gated)","Fixed text/control routes and modal/IME handling still apply","Requires operation-specific active Document, selection, format, resource and protection checks; not inferred from registry or default context","https://github.com/altqx/hikari/blob/20d647c4c769ab7f5d383cf3c1c33f03876a94e9/HikariSub/Hotkeys.h#L179","https://github.com/altqx/hikari/blob/20d647c4c769ab7f5d383cf3c1c33f03876a94e9/HikariSub/HikariSubFrame.cpp#L342"
"GLOBAL_VIDEO_INDEXING","5015","Open video with FFMS2","https://github.com/altqx/hikari/blob/20d647c4c769ab7f5d383cf3c1c33f03876a94e9/HikariSub/HotkeysNaming.cpp#L205","Media coordination","Media coordination — retain operation: Open video with FFMS2","retain-operation-proposed","No explicit default binding","None in LoadDefault","Keep source G/S/E/V/A independently of numeric family; no blanket eligibility or new precedence approved","R-G: menu item must exist; otherwise skipped","R-S: installed; inherited/global command handling not established here","R-E: installed; inherited/global command handling not established here","R-V: installed; inherited/global command handling not established here","R-A: installed; explicit Global bind is commented out; additionally Grid receives A-context entry (handler support separately gated)","Fixed text/control routes and modal/IME handling still apply","Requires operation-specific active Document, selection, format, resource and protection checks; not inferred from registry or default context","https://github.com/altqx/hikari/blob/20d647c4c769ab7f5d383cf3c1c33f03876a94e9/HikariSub/Hotkeys.h#L180","https://github.com/altqx/hikari/blob/20d647c4c769ab7f5d383cf3c1c33f03876a94e9/HikariSub/HikariSubFrame.cpp#L286 ; https://github.com/altqx/hikari/blob/20d647c4c769ab7f5d383cf3c1c33f03876a94e9/HikariSub/Notebook.cpp#L1234 ; https://github.com/altqx/hikari/blob/20d647c4c769ab7f5d383cf3c1c33f03876a94e9/HikariSub/VideoBox.cpp#L241"
"GLOBAL_SAVE_WITH_VIDEO_NAME","5016","Save subtitles using the video name","https://github.com/altqx/hikari/blob/20d647c4c769ab7f5d383cf3c1c33f03876a94e9/HikariSub/HotkeysNaming.cpp#L238","Document/resource lifecycle","Document/resource lifecycle — retain operation: Save subtitles using the video name","retain-operation-proposed","No explicit default binding","None in LoadDefault","Keep source G/S/E/V/A independently of numeric family; no blanket eligibility or new precedence approved","R-G: menu item must exist; otherwise skipped","R-S: installed; inherited/global command handling not established here","R-E: installed; inherited/global command handling not established here","R-V: installed; inherited/global command handling not established here","R-A: installed; explicit Global bind is commented out; additionally Grid receives A-context entry (handler support separately gated)","Fixed text/control routes and modal/IME handling still apply","Requires operation-specific active Document, selection, format, resource and protection checks; not inferred from registry or default context","https://github.com/altqx/hikari/blob/20d647c4c769ab7f5d383cf3c1c33f03876a94e9/HikariSub/Hotkeys.h#L181","https://github.com/altqx/hikari/blob/20d647c4c769ab7f5d383cf3c1c33f03876a94e9/HikariSub/HikariSubFrame.cpp#L192"
"GLOBAL_OPEN_AUDIO","5017","Open audio","https://github.com/altqx/hikari/blob/20d647c4c769ab7f5d383cf3c1c33f03876a94e9/HikariSub/HotkeysNaming.cpp#L222","Document/resource lifecycle","Document/resource lifecycle — retain operation: Open audio","retain-operation-proposed","No explicit default binding","None in LoadDefault","Keep source G/S/E/V/A independently of numeric family; no blanket eligibility or new precedence approved","R-G: menu item must exist; otherwise skipped","R-S: installed; inherited/global command handling not established here","R-E: installed; inherited/global command handling not established here","R-V: installed; inherited/global command handling not established here","R-A: installed; explicit Global bind is commented out; additionally Grid receives A-context entry (handler support separately gated)","Fixed text/control routes and modal/IME handling still apply","Requires operation-specific active Document, selection, format, resource and protection checks; not inferred from registry or default context","https://github.com/altqx/hikari/blob/20d647c4c769ab7f5d383cf3c1c33f03876a94e9/HikariSub/Hotkeys.h#L182","https://github.com/altqx/hikari/blob/20d647c4c769ab7f5d383cf3c1c33f03876a94e9/HikariSub/HikariSubFrame.cpp#L293"
"GLOBAL_AUDIO_FROM_VIDEO","5018","Open audio from video","https://github.com/altqx/hikari/blob/20d647c4c769ab7f5d383cf3c1c33f03876a94e9/HikariSub/HotkeysNaming.cpp#L169","Media coordination","Media coordination — retain operation: Open audio from video","retain-operation-proposed","No explicit default binding","None in LoadDefault","Keep source G/S/E/V/A independently of numeric family; no blanket eligibility or new precedence approved","R-G: menu item must exist; otherwise skipped","R-S: installed; inherited/global command handling not established here","R-E: installed; inherited/global command handling not established here","R-V: installed; inherited/global command handling not established here","R-A: installed; explicit Global bind is commented out; additionally Grid receives A-context entry (handler support separately gated)","Fixed text/control routes and modal/IME handling still apply","Requires operation-specific active Document, selection, format, resource and protection checks; not inferred from registry or default context","https://github.com/altqx/hikari/blob/20d647c4c769ab7f5d383cf3c1c33f03876a94e9/HikariSub/Hotkeys.h#L183","https://github.com/altqx/hikari/blob/20d647c4c769ab7f5d383cf3c1c33f03876a94e9/HikariSub/HikariSubFrame.cpp#L299"
"GLOBAL_CLOSE_AUDIO","5019","Close audio","https://github.com/altqx/hikari/blob/20d647c4c769ab7f5d383cf3c1c33f03876a94e9/HikariSub/HotkeysNaming.cpp#L174","Media coordination","Media coordination — retain operation: Close audio","retain-operation-proposed","No explicit default binding","None in LoadDefault","Keep source G/S/E/V/A independently of numeric family; no blanket eligibility or new precedence approved","R-G: menu item must exist; otherwise skipped","R-S: installed; inherited/global command handling not established here","R-E: installed; inherited/global command handling not established here","R-V: installed; inherited/global command handling not established here","R-A: installed; explicit Global bind is commented out; additionally Grid receives A-context entry (handler support separately gated)","Fixed text/control routes and modal/IME handling still apply","Requires operation-specific active Document, selection, format, resource and protection checks; not inferred from registry or default context","https://github.com/altqx/hikari/blob/20d647c4c769ab7f5d383cf3c1c33f03876a94e9/HikariSub/Hotkeys.h#L184","https://github.com/altqx/hikari/blob/20d647c4c769ab7f5d383cf3c1c33f03876a94e9/HikariSub/HikariSubFrame.cpp#L303 ; https://github.com/altqx/hikari/blob/20d647c4c769ab7f5d383cf3c1c33f03876a94e9/HikariSub/RendererDirectShow.cpp#L504 ; https://github.com/altqx/hikari/blob/20d647c4c769ab7f5d383cf3c1c33f03876a94e9/HikariSub/RendererFFMS2.cpp#L472"
"GLOBAL_CONVERT_TO_ASS","5020","Convert to ASS","https://github.com/altqx/hikari/blob/20d647c4c769ab7f5d383cf3c1c33f03876a94e9/HikariSub/HotkeysNaming.cpp#L164","Document utilities","Document utilities — retain operation: Convert to ASS","retain-operation-proposed","GLOBAL_HOTKEY:F9","https://github.com/altqx/hikari/blob/20d647c4c769ab7f5d383cf3c1c33f03876a94e9/HikariSub/Hotkeys.cpp#L139","Keep source G/S/E/V/A independently of numeric family; no blanket eligibility or new precedence approved","R-G: menu item must exist; otherwise skipped","R-S: installed; inherited/global command handling not established here","R-E: installed; inherited/global command handling not established here","R-V: installed; inherited/global command handling not established here","R-A: installed; explicit Global bind is commented out; additionally Grid receives A-context entry (handler support separately gated)","Fixed text/control routes and modal/IME handling still apply","Requires operation-specific active Document, selection, format, resource and protection checks; not inferred from registry or default context","https://github.com/altqx/hikari/blob/20d647c4c769ab7f5d383cf3c1c33f03876a94e9/HikariSub/Hotkeys.h#L185","https://github.com/altqx/hikari/blob/20d647c4c769ab7f5d383cf3c1c33f03876a94e9/HikariSub/HikariSubFrame.cpp#L323 ; https://github.com/altqx/hikari/blob/20d647c4c769ab7f5d383cf3c1c33f03876a94e9/HikariSub/Toolbar.cpp#L80"
"GLOBAL_CONVERT_TO_SRT","5021","Convert to SRT","https://github.com/altqx/hikari/blob/20d647c4c769ab7f5d383cf3c1c33f03876a94e9/HikariSub/HotkeysNaming.cpp#L165","Document utilities","Document utilities — retain operation: Convert to SRT","retain-operation-proposed","GLOBAL_HOTKEY:F8","https://github.com/altqx/hikari/blob/20d647c4c769ab7f5d383cf3c1c33f03876a94e9/HikariSub/Hotkeys.cpp#L140","Keep source G/S/E/V/A independently of numeric family; no blanket eligibility or new precedence approved","R-G: menu item must exist; otherwise skipped","R-S: installed; inherited/global command handling not established here","R-E: installed; inherited/global command handling not established here","R-V: installed; inherited/global command handling not established here","R-A: installed; explicit Global bind is commented out; additionally Grid receives A-context entry (handler support separately gated)","Fixed text/control routes and modal/IME handling still apply","Requires operation-specific active Document, selection, format, resource and protection checks; not inferred from registry or default context","https://github.com/altqx/hikari/blob/20d647c4c769ab7f5d383cf3c1c33f03876a94e9/HikariSub/Hotkeys.h#L186","https://github.com/altqx/hikari/blob/20d647c4c769ab7f5d383cf3c1c33f03876a94e9/HikariSub/HikariSubFrame.cpp#L325 ; https://github.com/altqx/hikari/blob/20d647c4c769ab7f5d383cf3c1c33f03876a94e9/HikariSub/Toolbar.cpp#L80"
"GLOBAL_CONVERT_TO_TMP","5022","Convert to TMP","https://github.com/altqx/hikari/blob/20d647c4c769ab7f5d383cf3c1c33f03876a94e9/HikariSub/HotkeysNaming.cpp#L168","Document utilities","Document utilities — retain operation: Convert to TMP","retain-operation-proposed","GLOBAL_HOTKEY:Ctrl-F12","https://github.com/altqx/hikari/blob/20d647c4c769ab7f5d383cf3c1c33f03876a94e9/HikariSub/Hotkeys.cpp#L143","Keep source G/S/E/V/A independently of numeric family; no blanket eligibility or new precedence approved","R-G: menu item must exist; otherwise skipped","R-S: installed; inherited/global command handling not established here","R-E: installed; inherited/global command handling not established here","R-V: installed; inherited/global command handling not established here","R-A: installed; explicit Global bind is commented out; additionally Grid receives A-context entry (handler support separately gated)","Fixed text/control routes and modal/IME handling still apply","Requires operation-specific active Document, selection, format, resource and protection checks; not inferred from registry or default context","https://github.com/altqx/hikari/blob/20d647c4c769ab7f5d383cf3c1c33f03876a94e9/HikariSub/Hotkeys.h#L187","https://github.com/altqx/hikari/blob/20d647c4c769ab7f5d383cf3c1c33f03876a94e9/HikariSub/HikariSubFrame.cpp#L331"
"GLOBAL_CONVERT_TO_MDVD","5023","Convert to MDVD","https://github.com/altqx/hikari/blob/20d647c4c769ab7f5d383cf3c1c33f03876a94e9/HikariSub/HotkeysNaming.cpp#L166","Document utilities","Document utilities — retain operation: Convert to MDVD","retain-operation-proposed","GLOBAL_HOTKEY:F10","https://github.com/altqx/hikari/blob/20d647c4c769ab7f5d383cf3c1c33f03876a94e9/HikariSub/Hotkeys.cpp#L141","Keep source G/S/E/V/A independently of numeric family; no blanket eligibility or new precedence approved","R-G: menu item must exist; otherwise skipped","R-S: installed; inherited/global command handling not established here","R-E: installed; inherited/global command handling not established here","R-V: installed; inherited/global command handling not established here","R-A: installed; explicit Global bind is commented out; additionally Grid receives A-context entry (handler support separately gated)","Fixed text/control routes and modal/IME handling still apply","Requires operation-specific active Document, selection, format, resource and protection checks; not inferred from registry or default context","https://github.com/altqx/hikari/blob/20d647c4c769ab7f5d383cf3c1c33f03876a94e9/HikariSub/Hotkeys.h#L188","https://github.com/altqx/hikari/blob/20d647c4c769ab7f5d383cf3c1c33f03876a94e9/HikariSub/HikariSubFrame.cpp#L327"
"GLOBAL_CONVERT_TO_MPL2","5024","Convert to MPL2","https://github.com/altqx/hikari/blob/20d647c4c769ab7f5d383cf3c1c33f03876a94e9/HikariSub/HotkeysNaming.cpp#L167","Document utilities","Document utilities — retain operation: Convert to MPL2","retain-operation-proposed","GLOBAL_HOTKEY:F11","https://github.com/altqx/hikari/blob/20d647c4c769ab7f5d383cf3c1c33f03876a94e9/HikariSub/Hotkeys.cpp#L142","Keep source G/S/E/V/A independently of numeric family; no blanket eligibility or new precedence approved","R-G: menu item must exist; otherwise skipped","R-S: installed; inherited/global command handling not established here","R-E: installed; inherited/global command handling not established here","R-V: installed; inherited/global command handling not established here","R-A: installed; explicit Global bind is commented out; additionally Grid receives A-context entry (handler support separately gated)","Fixed text/control routes and modal/IME handling still apply","Requires operation-specific active Document, selection, format, resource and protection checks; not inferred from registry or default context","https://github.com/altqx/hikari/blob/20d647c4c769ab7f5d383cf3c1c33f03876a94e9/HikariSub/Hotkeys.h#L189","https://github.com/altqx/hikari/blob/20d647c4c769ab7f5d383cf3c1c33f03876a94e9/HikariSub/HikariSubFrame.cpp#L329"
"GLOBAL_OPEN_ASS_PROPERTIES","5025","ASS file properties","https://github.com/altqx/hikari/blob/20d647c4c769ab7f5d383cf3c1c33f03876a94e9/HikariSub/HotkeysNaming.cpp#L160","Document utilities","Document utilities — retain operation: ASS file properties","retain-operation-proposed","No explicit default binding","None in LoadDefault","Keep source G/S/E/V/A independently of numeric family; no blanket eligibility or new precedence approved","R-G: menu item must exist; otherwise skipped","R-S: installed; inherited/global command handling not established here","R-E: installed; inherited/global command handling not established here","R-V: installed; inherited/global command handling not established here","R-A: installed; explicit Global bind is commented out; additionally Grid receives A-context entry (handler support separately gated)","Fixed text/control routes and modal/IME handling still apply","Requires operation-specific active Document, selection, format, resource and protection checks; not inferred from registry or default context","https://github.com/altqx/hikari/blob/20d647c4c769ab7f5d383cf3c1c33f03876a94e9/HikariSub/Hotkeys.h#L190","https://github.com/altqx/hikari/blob/20d647c4c769ab7f5d383cf3c1c33f03876a94e9/HikariSub/HikariSubFrame.cpp#L318 ; https://github.com/altqx/hikari/blob/20d647c4c769ab7f5d383cf3c1c33f03876a94e9/HikariSub/Toolbar.cpp#L78"
"GLOBAL_OPEN_STYLE_MANAGER","5026","Style manager","https://github.com/altqx/hikari/blob/20d647c4c769ab7f5d383cf3c1c33f03876a94e9/HikariSub/HotkeysNaming.cpp#L252","Styles and catalogs","Styles and catalogs — retain operation: Style manager","retain-operation-proposed","GLOBAL_HOTKEY:Ctrl-M","https://github.com/altqx/hikari/blob/20d647c4c769ab7f5d383cf3c1c33f03876a94e9/HikariSub/Hotkeys.cpp#L144","Keep source G/S/E/V/A independently of numeric family; no blanket eligibility or new precedence approved","R-G: menu item must exist; otherwise skipped","R-S: installed; inherited/global command handling not established here","R-E: installed; inherited/global command handling not established here","R-V: installed; inherited/global command handling not established here","R-A: installed; explicit Global bind is commented out; additionally Grid receives A-context entry (handler support separately gated)","Fixed text/control routes and modal/IME handling still apply","Requires operation-specific active Document, selection, format, resource and protection checks; not inferred from registry or default context","https://github.com/altqx/hikari/blob/20d647c4c769ab7f5d383cf3c1c33f03876a94e9/HikariSub/Hotkeys.h#L191","https://github.com/altqx/hikari/blob/20d647c4c769ab7f5d383cf3c1c33f03876a94e9/HikariSub/HikariSubFrame.cpp#L320 ; https://github.com/altqx/hikari/blob/20d647c4c769ab7f5d383cf3c1c33f03876a94e9/HikariSub/Toolbar.cpp#L78"
"GLOBAL_OPEN_SUBS_RESAMPLE","5027","Resample subtitles","https://github.com/altqx/hikari/blob/20d647c4c769ab7f5d383cf3c1c33f03876a94e9/HikariSub/HotkeysNaming.cpp#L202","Document utilities","Document utilities — retain operation: Resample subtitles","retain-operation-proposed","No explicit default binding","None in LoadDefault","Keep source G/S/E/V/A independently of numeric family; no blanket eligibility or new precedence approved","R-G: menu item must exist; otherwise skipped","R-S: installed; inherited/global command handling not established here","R-E: installed; inherited/global command handling not established here","R-V: installed; inherited/global command handling not established here","R-A: installed; explicit Global bind is commented out; additionally Grid receives A-context entry (handler support separately gated)","Fixed text/control routes and modal/IME handling still apply","Requires operation-specific active Document, selection, format, resource and protection checks; not inferred from registry or default context","https://github.com/altqx/hikari/blob/20d647c4c769ab7f5d383cf3c1c33f03876a94e9/HikariSub/Hotkeys.h#L192","https://github.com/altqx/hikari/blob/20d647c4c769ab7f5d383cf3c1c33f03876a94e9/HikariSub/HikariSubFrame.cpp#L340 ; https://github.com/altqx/hikari/blob/20d647c4c769ab7f5d383cf3c1c33f03876a94e9/HikariSub/Toolbar.cpp#L81"
"GLOBAL_OPEN_FONT_COLLECTOR","5028","Font collector","https://github.com/altqx/hikari/blob/20d647c4c769ab7f5d383cf3c1c33f03876a94e9/HikariSub/HotkeysNaming.cpp#L177","Document utilities","Document utilities — retain operation: Font collector","retain-operation-proposed","No explicit default binding","None in LoadDefault","Keep source G/S/E/V/A independently of numeric family; no blanket eligibility or new precedence approved","R-G: menu item must exist; otherwise skipped","R-S: installed; inherited/global command handling not established here","R-E: installed; inherited/global command handling not established here","R-V: installed; inherited/global command handling not established here","R-A: installed; explicit Global bind is commented out; additionally Grid receives A-context entry (handler support separately gated)","Fixed text/control routes and modal/IME handling still apply","Requires operation-specific active Document, selection, format, resource and protection checks; not inferred from registry or default context","https://github.com/altqx/hikari/blob/20d647c4c769ab7f5d383cf3c1c33f03876a94e9/HikariSub/Hotkeys.h#L193","https://github.com/altqx/hikari/blob/20d647c4c769ab7f5d383cf3c1c33f03876a94e9/HikariSub/HikariSubFrame.cpp#L338 ; https://github.com/altqx/hikari/blob/20d647c4c769ab7f5d383cf3c1c33f03876a94e9/HikariSub/SubsGrid.cpp#L288"
"GLOBAL_HIDE_TAGS","5029","Hide tags","https://github.com/altqx/hikari/blob/20d647c4c769ab7f5d383cf3c1c33f03876a94e9/HikariSub/HotkeysNaming.cpp#L180","Application command routing","Application command routing — retain operation: Hide tags","retain-operation-proposed","No explicit default binding","None in LoadDefault","Keep source G/S/E/V/A independently of numeric family; no blanket eligibility or new precedence approved","R-G: menu item must exist; otherwise skipped","R-S: installed; inherited/global command handling not established here","R-E: installed; inherited/global command handling not established here","R-V: installed; inherited/global command handling not established here","R-A: installed; explicit Global bind is commented out; additionally Grid receives A-context entry (handler support separately gated)","Fixed text/control routes and modal/IME handling still apply","Requires operation-specific active Document, selection, format, resource and protection checks; not inferred from registry or default context","https://github.com/altqx/hikari/blob/20d647c4c769ab7f5d383cf3c1c33f03876a94e9/HikariSub/Hotkeys.h#L194","https://github.com/altqx/hikari/blob/20d647c4c769ab7f5d383cf3c1c33f03876a94e9/HikariSub/HikariSubFrame.cpp#L344 ; https://github.com/altqx/hikari/blob/20d647c4c769ab7f5d383cf3c1c33f03876a94e9/HikariSub/Toolbar.cpp#L81"
"GLOBAL_SHOW_SHIFT_TIMES","5030","Time shift window","https://github.com/altqx/hikari/blob/20d647c4c769ab7f5d383cf3c1c33f03876a94e9/HikariSub/HotkeysNaming.cpp#L173","Timing tools","Timing tools — retain operation: Time shift window","retain-operation-proposed","GLOBAL_HOTKEY:Ctrl-I","https://github.com/altqx/hikari/blob/20d647c4c769ab7f5d383cf3c1c33f03876a94e9/HikariSub/Hotkeys.cpp#L138","Keep source G/S/E/V/A independently of numeric family; no blanket eligibility or new precedence approved","R-G: menu item must exist; otherwise skipped","R-S: installed; inherited/global command handling not established here","R-E: installed; inherited/global command handling not established here","R-V: installed; inherited/global command handling not established here","R-A: installed; explicit Global bind is commented out; additionally Grid receives A-context entry (handler support separately gated)","Fixed text/control routes and modal/IME handling still apply","Requires operation-specific active Document, selection, format, resource and protection checks; not inferred from registry or default context","https://github.com/altqx/hikari/blob/20d647c4c769ab7f5d383cf3c1c33f03876a94e9/HikariSub/Hotkeys.h#L195","https://github.com/altqx/hikari/blob/20d647c4c769ab7f5d383cf3c1c33f03876a94e9/HikariSub/HikariSubFrame.cpp#L336 ; https://github.com/altqx/hikari/blob/20d647c4c769ab7f5d383cf3c1c33f03876a94e9/HikariSub/Toolbar.cpp#L78"
"GLOBAL_VIEW_ALL","5031","View all","https://github.com/altqx/hikari/blob/20d647c4c769ab7f5d383cf3c1c33f03876a94e9/HikariSub/HotkeysNaming.cpp#L208","Shared Workspace","Shared Workspace — retain operation: View all","retain-operation-proposed","No explicit default binding","None in LoadDefault","Keep source G/S/E/V/A independently of numeric family; no blanket eligibility or new precedence approved","R-G: menu item must exist; otherwise skipped","R-S: installed; inherited/global command handling not established here","R-E: installed; inherited/global command handling not established here","R-V: installed; inherited/global command handling not established here","R-A: installed; explicit Global bind is commented out; additionally Grid receives A-context entry (handler support separately gated)","Fixed text/control routes and modal/IME handling still apply","Requires operation-specific active Document, selection, format, resource and protection checks; not inferred from registry or default context","https://github.com/altqx/hikari/blob/20d647c4c769ab7f5d383cf3c1c33f03876a94e9/HikariSub/Hotkeys.h#L196","https://github.com/altqx/hikari/blob/20d647c4c769ab7f5d383cf3c1c33f03876a94e9/HikariSub/HikariSubFrame.cpp#L308"
"GLOBAL_VIEW_AUDIO","5032","View audio and subtitles","https://github.com/altqx/hikari/blob/20d647c4c769ab7f5d383cf3c1c33f03876a94e9/HikariSub/HotkeysNaming.cpp#L209","Media coordination","Media coordination — retain operation: View audio and subtitles","retain-operation-proposed","No explicit default binding","None in LoadDefault","Keep source G/S/E/V/A independently of numeric family; no blanket eligibility or new precedence approved","R-G: menu item must exist; otherwise skipped","R-S: installed; inherited/global command handling not established here","R-E: installed; inherited/global command handling not established here","R-V: installed; inherited/global command handling not established here","R-A: installed; explicit Global bind is commented out; additionally Grid receives A-context entry (handler support separately gated)","Fixed text/control routes and modal/IME handling still apply","Requires operation-specific active Document, selection, format, resource and protection checks; not inferred from registry or default context","https://github.com/altqx/hikari/blob/20d647c4c769ab7f5d383cf3c1c33f03876a94e9/HikariSub/Hotkeys.h#L197","https://github.com/altqx/hikari/blob/20d647c4c769ab7f5d383cf3c1c33f03876a94e9/HikariSub/HikariSubFrame.cpp#L310"
"GLOBAL_VIEW_VIDEO","5033","View video and subtitles","https://github.com/altqx/hikari/blob/20d647c4c769ab7f5d383cf3c1c33f03876a94e9/HikariSub/HotkeysNaming.cpp#L211","Media coordination","Media coordination — retain operation: View video and subtitles","retain-operation-proposed","No explicit default binding","None in LoadDefault","Keep source G/S/E/V/A independently of numeric family; no blanket eligibility or new precedence approved","R-G: menu item must exist; otherwise skipped","R-S: installed; inherited/global command handling not established here","R-E: installed; inherited/global command handling not established here","R-V: installed; inherited/global command handling not established here","R-A: installed; explicit Global bind is commented out; additionally Grid receives A-context entry (handler support separately gated)","Fixed text/control routes and modal/IME handling still apply","Requires operation-specific active Document, selection, format, resource and protection checks; not inferred from registry or default context","https://github.com/altqx/hikari/blob/20d647c4c769ab7f5d383cf3c1c33f03876a94e9/HikariSub/Hotkeys.h#L198","https://github.com/altqx/hikari/blob/20d647c4c769ab7f5d383cf3c1c33f03876a94e9/HikariSub/HikariSubFrame.cpp#L309"
"GLOBAL_VIEW_ONLY_VIDEO","5034","View only video","https://github.com/altqx/hikari/blob/20d647c4c769ab7f5d383cf3c1c33f03876a94e9/HikariSub/HotkeysNaming.cpp#L212","Media coordination","Media coordination — retain operation: View only video","retain-operation-proposed","No explicit default binding","None in LoadDefault","Keep source G/S/E/V/A independently of numeric family; no blanket eligibility or new precedence approved","R-G: menu item must exist; otherwise skipped","R-S: installed; inherited/global command handling not established here","R-E: installed; inherited/global command handling not established here","R-V: installed; inherited/global command handling not established here","R-A: installed; explicit Global bind is commented out; additionally Grid receives A-context entry (handler support separately gated)","Fixed text/control routes and modal/IME handling still apply","Requires operation-specific active Document, selection, format, resource and protection checks; not inferred from registry or default context","https://github.com/altqx/hikari/blob/20d647c4c769ab7f5d383cf3c1c33f03876a94e9/HikariSub/Hotkeys.h#L199","https://github.com/altqx/hikari/blob/20d647c4c769ab7f5d383cf3c1c33f03876a94e9/HikariSub/HikariSubFrame.cpp#L311"
"GLOBAL_VIEW_SUBS","5035","View only subtitles","https://github.com/altqx/hikari/blob/20d647c4c769ab7f5d383cf3c1c33f03876a94e9/HikariSub/HotkeysNaming.cpp#L210","Shared Workspace","Shared Workspace — retain operation: View only subtitles","retain-operation-proposed","No explicit default binding","None in LoadDefault","Keep source G/S/E/V/A independently of numeric family; no blanket eligibility or new precedence approved","R-G: menu item must exist; otherwise skipped","R-S: installed; inherited/global command handling not established here","R-E: installed; inherited/global command handling not established here","R-V: installed; inherited/global command handling not established here","R-A: installed; explicit Global bind is commented out; additionally Grid receives A-context entry (handler support separately gated)","Fixed text/control routes and modal/IME handling still apply","Requires operation-specific active Document, selection, format, resource and protection checks; not inferred from registry or default context","https://github.com/altqx/hikari/blob/20d647c4c769ab7f5d383cf3c1c33f03876a94e9/HikariSub/Hotkeys.h#L200","https://github.com/altqx/hikari/blob/20d647c4c769ab7f5d383cf3c1c33f03876a94e9/HikariSub/HikariSubFrame.cpp#L312"
"GLOBAL_AUTOMATION_LOAD_SCRIPT","5036","Load script","https://github.com/altqx/hikari/blob/20d647c4c769ab7f5d383cf3c1c33f03876a94e9/HikariSub/HotkeysNaming.cpp#L170","Automation host","Automation host — retain operation: Load script","retain-operation-proposed","No explicit default binding","None in LoadDefault","Keep source G/S/E/V/A independently of numeric family; no blanket eligibility or new precedence approved","R-G: menu item must exist; otherwise skipped","R-S: installed; inherited/global command handling not established here","R-E: installed; inherited/global command handling not established here","R-V: installed; inherited/global command handling not established here","R-A: installed; explicit Global bind is commented out; additionally Grid receives A-context entry (handler support separately gated)","Fixed text/control routes and modal/IME handling still apply","Requires operation-specific active Document, selection, format, resource and protection checks; not inferred from registry or default context","https://github.com/altqx/hikari/blob/20d647c4c769ab7f5d383cf3c1c33f03876a94e9/HikariSub/Hotkeys.h#L201","https://github.com/altqx/hikari/blob/20d647c4c769ab7f5d383cf3c1c33f03876a94e9/HikariSub/HikariSubFrame.cpp#L349"
"GLOBAL_AUTOMATION_RELOAD_AUTOLOAD","5037","Refresh autoload scripts","https://github.com/altqx/hikari/blob/20d647c4c769ab7f5d383cf3c1c33f03876a94e9/HikariSub/HotkeysNaming.cpp#L172","Automation host","Automation host — retain operation: Refresh autoload scripts","retain-operation-proposed","No explicit default binding","None in LoadDefault","Keep source G/S/E/V/A independently of numeric family; no blanket eligibility or new precedence approved","R-G: menu item must exist; otherwise skipped","R-S: installed; inherited/global command handling not established here","R-E: installed; inherited/global command handling not established here","R-V: installed; inherited/global command handling not established here","R-A: installed; explicit Global bind is commented out; additionally Grid receives A-context entry (handler support separately gated)","Fixed text/control routes and modal/IME handling still apply","Requires operation-specific active Document, selection, format, resource and protection checks; not inferred from registry or default context","https://github.com/altqx/hikari/blob/20d647c4c769ab7f5d383cf3c1c33f03876a94e9/HikariSub/Hotkeys.h#L202","https://github.com/altqx/hikari/blob/20d647c4c769ab7f5d383cf3c1c33f03876a94e9/HikariSub/HikariSubFrame.cpp#L351"
"GLOBAL_AUTOMATION_LOAD_LAST_SCRIPT","5038","Run the last loaded script","https://github.com/altqx/hikari/blob/20d647c4c769ab7f5d383cf3c1c33f03876a94e9/HikariSub/HotkeysNaming.cpp#L186","Automation host","Automation host — retain operation: Run the last loaded script","retain-operation-proposed","No explicit default binding","None in LoadDefault","Keep source G/S/E/V/A independently of numeric family; no blanket eligibility or new precedence approved","R-G: menu item must exist; otherwise skipped","R-S: installed; inherited/global command handling not established here","R-E: installed; inherited/global command handling not established here","R-V: installed; inherited/global command handling not established here","R-A: installed; explicit Global bind is commented out; additionally Grid receives A-context entry (handler support separately gated)","Fixed text/control routes and modal/IME handling still apply","Requires operation-specific active Document, selection, format, resource and protection checks; not inferred from registry or default context","https://github.com/altqx/hikari/blob/20d647c4c769ab7f5d383cf3c1c33f03876a94e9/HikariSub/Hotkeys.h#L203","https://github.com/altqx/hikari/blob/20d647c4c769ab7f5d383cf3c1c33f03876a94e9/HikariSub/HikariSubFrame.cpp#L353"
"GLOBAL_AUTOMATION_OPEN_HOTKEYS_WINDOW","5039","Open shortcut mapping window","https://github.com/altqx/hikari/blob/20d647c4c769ab7f5d383cf3c1c33f03876a94e9/HikariSub/HotkeysNaming.cpp#L171","Automation host","Automation host — retain operation: Open shortcut mapping window","retain-operation-proposed","No explicit default binding","None in LoadDefault","Keep source G/S/E/V/A independently of numeric family; no blanket eligibility or new precedence approved","R-G: menu item must exist; otherwise skipped","R-S: installed; inherited/global command handling not established here","R-E: installed; inherited/global command handling not established here","R-V: installed; inherited/global command handling not established here","R-A: installed; explicit Global bind is commented out; additionally Grid receives A-context entry (handler support separately gated)","Fixed text/control routes and modal/IME handling still apply","Requires operation-specific active Document, selection, format, resource and protection checks; not inferred from registry or default context","https://github.com/altqx/hikari/blob/20d647c4c769ab7f5d383cf3c1c33f03876a94e9/HikariSub/Hotkeys.h#L204","https://github.com/altqx/hikari/blob/20d647c4c769ab7f5d383cf3c1c33f03876a94e9/HikariSub/HikariSubFrame.cpp#L355"
"GLOBAL_PLAY_PAUSE","5040","Play / Pause","https://github.com/altqx/hikari/blob/20d647c4c769ab7f5d383cf3c1c33f03876a94e9/HikariSub/HotkeysNaming.cpp#L225","Media coordination","Media coordination — retain operation: Play / Pause","retain-operation-proposed","GLOBAL_HOTKEY:Alt-Space","https://github.com/altqx/hikari/blob/20d647c4c769ab7f5d383cf3c1c33f03876a94e9/HikariSub/Hotkeys.cpp#L159","Keep source G/S/E/V/A independently of numeric family; no blanket eligibility or new precedence approved","R-G: menu item must exist; otherwise skipped","R-S: installed; inherited/global command handling not established here","R-E: installed; inherited/global command handling not established here","R-V: installed; inherited/global command handling not established here","R-A: installed; explicit Global bind is commented out; additionally Grid receives A-context entry (handler support separately gated)","Fixed text/control routes and modal/IME handling still apply","Requires operation-specific active Document, selection, format, resource and protection checks; not inferred from registry or default context","https://github.com/altqx/hikari/blob/20d647c4c769ab7f5d383cf3c1c33f03876a94e9/HikariSub/Hotkeys.h#L205","https://github.com/altqx/hikari/blob/20d647c4c769ab7f5d383cf3c1c33f03876a94e9/HikariSub/HikariSubFrame.cpp#L273"
"GLOBAL_PREVIOUS_FRAME","5041","Previous frame","https://github.com/altqx/hikari/blob/20d647c4c769ab7f5d383cf3c1c33f03876a94e9/HikariSub/HotkeysNaming.cpp#L227","Media coordination","Media coordination — retain operation: Previous frame","retain-operation-proposed","GLOBAL_HOTKEY:Left","https://github.com/altqx/hikari/blob/20d647c4c769ab7f5d383cf3c1c33f03876a94e9/HikariSub/Hotkeys.cpp#L160","Keep source G/S/E/V/A independently of numeric family; no blanket eligibility or new precedence approved","R-G: menu item must exist; otherwise skipped","R-S: installed; inherited/global command handling not established here","R-E: installed; inherited/global command handling not established here","R-V: installed; inherited/global command handling not established here","R-A: installed; explicit Global bind is commented out; additionally Grid receives A-context entry (handler support separately gated)","Fixed text/control routes and modal/IME handling still apply","Requires operation-specific active Document, selection, format, resource and protection checks; not inferred from registry or default context","https://github.com/altqx/hikari/blob/20d647c4c769ab7f5d383cf3c1c33f03876a94e9/HikariSub/Hotkeys.h#L206","https://github.com/altqx/hikari/blob/20d647c4c769ab7f5d383cf3c1c33f03876a94e9/HikariSub/HikariSubFrame.cpp#L263"
"GLOBAL_NEXT_FRAME","5042","Next frame","https://github.com/altqx/hikari/blob/20d647c4c769ab7f5d383cf3c1c33f03876a94e9/HikariSub/HotkeysNaming.cpp#L219","Media coordination","Media coordination — retain operation: Next frame","retain-operation-proposed","GLOBAL_HOTKEY:Right","https://github.com/altqx/hikari/blob/20d647c4c769ab7f5d383cf3c1c33f03876a94e9/HikariSub/Hotkeys.cpp#L161","Keep source G/S/E/V/A independently of numeric family; no blanket eligibility or new precedence approved","R-G: menu item must exist; otherwise skipped","R-S: installed; inherited/global command handling not established here","R-E: installed; inherited/global command handling not established here","R-V: installed; inherited/global command handling not established here","R-A: installed; explicit Global bind is commented out; additionally Grid receives A-context entry (handler support separately gated)","Fixed text/control routes and modal/IME handling still apply","Requires operation-specific active Document, selection, format, resource and protection checks; not inferred from registry or default context","https://github.com/altqx/hikari/blob/20d647c4c769ab7f5d383cf3c1c33f03876a94e9/HikariSub/Hotkeys.h#L207","https://github.com/altqx/hikari/blob/20d647c4c769ab7f5d383cf3c1c33f03876a94e9/HikariSub/HikariSubFrame.cpp#L265"
"GLOBAL_VIDEO_ZOOM","5043","Zoom video","https://github.com/altqx/hikari/blob/20d647c4c769ab7f5d383cf3c1c33f03876a94e9/HikariSub/HotkeysNaming.cpp#L206","Media coordination","Media coordination — retain operation: Zoom video","retain-operation-proposed","No explicit default binding","None in LoadDefault","Keep source G/S/E/V/A independently of numeric family; no blanket eligibility or new precedence approved","R-G: menu item must exist; otherwise skipped","R-S: installed; inherited/global command handling not established here","R-E: installed; inherited/global command handling not established here","R-V: installed; inherited/global command handling not established here","R-A: installed; explicit Global bind is commented out; additionally Grid receives A-context entry (handler support separately gated)","Fixed text/control routes and modal/IME handling still apply","Requires operation-specific active Document, selection, format, resource and protection checks; not inferred from registry or default context","https://github.com/altqx/hikari/blob/20d647c4c769ab7f5d383cf3c1c33f03876a94e9/HikariSub/Hotkeys.h#L208","https://github.com/altqx/hikari/blob/20d647c4c769ab7f5d383cf3c1c33f03876a94e9/HikariSub/HikariSubFrame.cpp#L283 ; https://github.com/altqx/hikari/blob/20d647c4c769ab7f5d383cf3c1c33f03876a94e9/HikariSub/Toolbar.cpp#L80"
"GLOBAL_RESET_VIDEO_ZOOM","5044","Turn off video zoom","https://github.com/altqx/hikari/blob/20d647c4c769ab7f5d383cf3c1c33f03876a94e9/HikariSub/HotkeysNaming.cpp#L207","Media coordination","Media coordination — retain operation: Turn off video zoom","retain-operation-proposed","No explicit default binding","None in LoadDefault","Keep source G/S/E/V/A independently of numeric family; no blanket eligibility or new precedence approved","R-G: menu item must exist; otherwise skipped","R-S: installed; inherited/global command handling not established here","R-E: installed; inherited/global command handling not established here","R-V: installed; inherited/global command handling not established here","R-A: installed; explicit Global bind is commented out; additionally Grid receives A-context entry (handler support separately gated)","Fixed text/control routes and modal/IME handling still apply","Requires operation-specific active Document, selection, format, resource and protection checks; not inferred from registry or default context","https://github.com/altqx/hikari/blob/20d647c4c769ab7f5d383cf3c1c33f03876a94e9/HikariSub/Hotkeys.h#L209","https://github.com/altqx/hikari/blob/20d647c4c769ab7f5d383cf3c1c33f03876a94e9/HikariSub/HikariSubFrame.cpp#L284"
"GLOBAL_SET_START_TIME","5045","Insert start time from video","https://github.com/altqx/hikari/blob/20d647c4c769ab7f5d383cf3c1c33f03876a94e9/HikariSub/HotkeysNaming.cpp#L245","Timing tools","Timing tools — retain operation: Insert start time from video","retain-operation-proposed","GLOBAL_HOTKEY:Ctrl-Left","https://github.com/altqx/hikari/blob/20d647c4c769ab7f5d383cf3c1c33f03876a94e9/HikariSub/Hotkeys.cpp#L157","Keep source G/S/E/V/A independently of numeric family; no blanket eligibility or new precedence approved","R-G: menu item must exist; otherwise skipped","R-S: installed; inherited/global command handling not established here","R-E: installed; inherited/global command handling not established here","R-V: installed; inherited/global command handling not established here","R-A: installed; explicit Global bind is commented out; additionally Grid receives A-context entry (handler support separately gated)","Fixed text/control routes and modal/IME handling still apply","Requires operation-specific active Document, selection, format, resource and protection checks; not inferred from registry or default context","https://github.com/altqx/hikari/blob/20d647c4c769ab7f5d383cf3c1c33f03876a94e9/HikariSub/Hotkeys.h#L210","https://github.com/altqx/hikari/blob/20d647c4c769ab7f5d383cf3c1c33f03876a94e9/HikariSub/HikariSubFrame.cpp#L259 ; https://github.com/altqx/hikari/blob/20d647c4c769ab7f5d383cf3c1c33f03876a94e9/HikariSub/Toolbar.cpp#L79"
"GLOBAL_SET_END_TIME","5046","Insert end time from video","https://github.com/altqx/hikari/blob/20d647c4c769ab7f5d383cf3c1c33f03876a94e9/HikariSub/HotkeysNaming.cpp#L244","Timing tools","Timing tools — retain operation: Insert end time from video","retain-operation-proposed","GLOBAL_HOTKEY:Ctrl-Right","https://github.com/altqx/hikari/blob/20d647c4c769ab7f5d383cf3c1c33f03876a94e9/HikariSub/Hotkeys.cpp#L158","Keep source G/S/E/V/A independently of numeric family; no blanket eligibility or new precedence approved","R-G: menu item must exist; otherwise skipped","R-S: installed; inherited/global command handling not established here","R-E: installed; inherited/global command handling not established here","R-V: installed; inherited/global command handling not established here","R-A: installed; explicit Global bind is commented out; additionally Grid receives A-context entry (handler support separately gated)","Fixed text/control routes and modal/IME handling still apply","Requires operation-specific active Document, selection, format, resource and protection checks; not inferred from registry or default context","https://github.com/altqx/hikari/blob/20d647c4c769ab7f5d383cf3c1c33f03876a94e9/HikariSub/Hotkeys.h#L211","https://github.com/altqx/hikari/blob/20d647c4c769ab7f5d383cf3c1c33f03876a94e9/HikariSub/HikariSubFrame.cpp#L261 ; https://github.com/altqx/hikari/blob/20d647c4c769ab7f5d383cf3c1c33f03876a94e9/HikariSub/Toolbar.cpp#L79"
"GLOBAL_SET_VIDEO_AT_START_TIME","5047","Go to start time","https://github.com/altqx/hikari/blob/20d647c4c769ab7f5d383cf3c1c33f03876a94e9/HikariSub/HotkeysNaming.cpp#L247","Media coordination","Media coordination — retain operation: Go to start time","retain-operation-proposed","No explicit default binding","None in LoadDefault","Keep source G/S/E/V/A independently of numeric family; no blanket eligibility or new precedence approved","R-G: menu item must exist; otherwise skipped","R-S: installed; inherited/global command handling not established here","R-E: installed; inherited/global command handling not established here","R-V: installed; inherited/global command handling not established here","R-A: installed; explicit Global bind is commented out; additionally Grid receives A-context entry (handler support separately gated)","Fixed text/control routes and modal/IME handling still apply","Requires operation-specific active Document, selection, format, resource and protection checks; not inferred from registry or default context","https://github.com/altqx/hikari/blob/20d647c4c769ab7f5d383cf3c1c33f03876a94e9/HikariSub/Hotkeys.h#L212","https://github.com/altqx/hikari/blob/20d647c4c769ab7f5d383cf3c1c33f03876a94e9/HikariSub/HikariSubFrame.cpp#L267 ; https://github.com/altqx/hikari/blob/20d647c4c769ab7f5d383cf3c1c33f03876a94e9/HikariSub/Toolbar.cpp#L79"
"GLOBAL_SET_VIDEO_AT_END_TIME","5048","Go to end time of line","https://github.com/altqx/hikari/blob/20d647c4c769ab7f5d383cf3c1c33f03876a94e9/HikariSub/HotkeysNaming.cpp#L248","Media coordination","Media coordination — retain operation: Go to end time of line","retain-operation-proposed","No explicit default binding","None in LoadDefault","Keep source G/S/E/V/A independently of numeric family; no blanket eligibility or new precedence approved","R-G: menu item must exist; otherwise skipped","R-S: installed; inherited/global command handling not established here","R-E: installed; inherited/global command handling not established here","R-V: installed; inherited/global command handling not established here","R-A: installed; explicit Global bind is commented out; additionally Grid receives A-context entry (handler support separately gated)","Fixed text/control routes and modal/IME handling still apply","Requires operation-specific active Document, selection, format, resource and protection checks; not inferred from registry or default context","https://github.com/altqx/hikari/blob/20d647c4c769ab7f5d383cf3c1c33f03876a94e9/HikariSub/Hotkeys.h#L213","https://github.com/altqx/hikari/blob/20d647c4c769ab7f5d383cf3c1c33f03876a94e9/HikariSub/HikariSubFrame.cpp#L270 ; https://github.com/altqx/hikari/blob/20d647c4c769ab7f5d383cf3c1c33f03876a94e9/HikariSub/Toolbar.cpp#L79"
"GLOBAL_GO_TO_NEXT_KEYFRAME","5049","Go to next keyframe","https://github.com/altqx/hikari/blob/20d647c4c769ab7f5d383cf3c1c33f03876a94e9/HikariSub/HotkeysNaming.cpp#L201","Media coordination","Media coordination — retain operation: Go to next keyframe","retain-operation-proposed","No explicit default binding","None in LoadDefault","Keep source G/S/E/V/A independently of numeric family; no blanket eligibility or new precedence approved","R-G: menu item must exist; otherwise skipped","R-S: installed; inherited/global command handling not established here","R-E: installed; inherited/global command handling not established here","R-V: installed; inherited/global command handling not established here","R-A: installed; explicit Global bind is commented out; additionally Grid receives A-context entry (handler support separately gated)","Fixed text/control routes and modal/IME handling still apply","Requires operation-specific active Document, selection, format, resource and protection checks; not inferred from registry or default context","https://github.com/altqx/hikari/blob/20d647c4c769ab7f5d383cf3c1c33f03876a94e9/HikariSub/Hotkeys.h#L214","https://github.com/altqx/hikari/blob/20d647c4c769ab7f5d383cf3c1c33f03876a94e9/HikariSub/HikariSubFrame.cpp#L277"
"GLOBAL_GO_TO_PREVIOUS_KEYFRAME","5050","Go to previous keyframe","https://github.com/altqx/hikari/blob/20d647c4c769ab7f5d383cf3c1c33f03876a94e9/HikariSub/HotkeysNaming.cpp#L200","Media coordination","Media coordination — retain operation: Go to previous keyframe","retain-operation-proposed","No explicit default binding","None in LoadDefault","Keep source G/S/E/V/A independently of numeric family; no blanket eligibility or new precedence approved","R-G: menu item must exist; otherwise skipped","R-S: installed; inherited/global command handling not established here","R-E: installed; inherited/global command handling not established here","R-V: installed; inherited/global command handling not established here","R-A: installed; explicit Global bind is commented out; additionally Grid receives A-context entry (handler support separately gated)","Fixed text/control routes and modal/IME handling still apply","Requires operation-specific active Document, selection, format, resource and protection checks; not inferred from registry or default context","https://github.com/altqx/hikari/blob/20d647c4c769ab7f5d383cf3c1c33f03876a94e9/HikariSub/Hotkeys.h#L215","https://github.com/altqx/hikari/blob/20d647c4c769ab7f5d383cf3c1c33f03876a94e9/HikariSub/HikariSubFrame.cpp#L275"
"GLOBAL_SET_AUDIO_FROM_VIDEO","5051","Set audio position to video time","https://github.com/altqx/hikari/blob/20d647c4c769ab7f5d383cf3c1c33f03876a94e9/HikariSub/HotkeysNaming.cpp#L242","Media coordination","Media coordination — retain operation: Set audio position to video time","retain-operation-proposed","No explicit default binding","None in LoadDefault","Keep source G/S/E/V/A independently of numeric family; no blanket eligibility or new precedence approved","R-G: menu item must exist; otherwise skipped","R-S: installed; inherited/global command handling not established here","R-E: installed; inherited/global command handling not established here","R-V: installed; inherited/global command handling not established here","R-A: installed; explicit Global bind is commented out; additionally Grid receives A-context entry (handler support separately gated)","Fixed text/control routes and modal/IME handling still apply","Requires operation-specific active Document, selection, format, resource and protection checks; not inferred from registry or default context","https://github.com/altqx/hikari/blob/20d647c4c769ab7f5d383cf3c1c33f03876a94e9/HikariSub/Hotkeys.h#L216","https://github.com/altqx/hikari/blob/20d647c4c769ab7f5d383cf3c1c33f03876a94e9/HikariSub/HikariSubFrame.cpp#L279"
"GLOBAL_SET_AUDIO_MARK_FROM_VIDEO","5052","Set audio marker to video time","https://github.com/altqx/hikari/blob/20d647c4c769ab7f5d383cf3c1c33f03876a94e9/HikariSub/HotkeysNaming.cpp#L243","Media coordination","Media coordination — retain operation: Set audio marker to video time","retain-operation-proposed","No explicit default binding","None in LoadDefault","Keep source G/S/E/V/A independently of numeric family; no blanket eligibility or new precedence approved","R-G: menu item must exist; otherwise skipped","R-S: installed; inherited/global command handling not established here","R-E: installed; inherited/global command handling not established here","R-V: installed; inherited/global command handling not established here","R-A: installed; explicit Global bind is commented out; additionally Grid receives A-context entry (handler support separately gated)","Fixed text/control routes and modal/IME handling still apply","Requires operation-specific active Document, selection, format, resource and protection checks; not inferred from registry or default context","https://github.com/altqx/hikari/blob/20d647c4c769ab7f5d383cf3c1c33f03876a94e9/HikariSub/Hotkeys.h#L217","https://github.com/altqx/hikari/blob/20d647c4c769ab7f5d383cf3c1c33f03876a94e9/HikariSub/HikariSubFrame.cpp#L281"
"GLOBAL_LOAD_EXTERNAL_SESSION","5053","global load external session","Symbol-derived worksheet label; not an accepted UI label","Document/resource lifecycle","Document/resource lifecycle — retain operation: global load external session","retain-operation-proposed","No explicit default binding","None in LoadDefault","Keep source G/S/E/V/A independently of numeric family; no blanket eligibility or new precedence approved","R-G: menu item must exist; otherwise skipped","R-S: installed; inherited/global command handling not established here","R-E: installed; inherited/global command handling not established here","R-V: installed; inherited/global command handling not established here","R-A: installed; explicit Global bind is commented out; additionally Grid receives A-context entry (handler support separately gated)","Fixed text/control routes and modal/IME handling still apply","Requires operation-specific active Document, selection, format, resource and protection checks; not inferred from registry or default context","https://github.com/altqx/hikari/blob/20d647c4c769ab7f5d383cf3c1c33f03876a94e9/HikariSub/Hotkeys.h#L218","https://github.com/altqx/hikari/blob/20d647c4c769ab7f5d383cf3c1c33f03876a94e9/HikariSub/HikariSubFrame.cpp#L163"
"GLOBAL_SAVE_EXTERNAL_SESSION","5054","global save external session","Symbol-derived worksheet label; not an accepted UI label","Document/resource lifecycle","Document/resource lifecycle — retain operation: global save external session","retain-operation-proposed","No explicit default binding","None in LoadDefault","Keep source G/S/E/V/A independently of numeric family; no blanket eligibility or new precedence approved","R-G: menu item must exist; otherwise skipped","R-S: installed; inherited/global command handling not established here","R-E: installed; inherited/global command handling not established here","R-V: installed; inherited/global command handling not established here","R-A: installed; explicit Global bind is commented out; additionally Grid receives A-context entry (handler support separately gated)","Fixed text/control routes and modal/IME handling still apply","Requires operation-specific active Document, selection, format, resource and protection checks; not inferred from registry or default context","https://github.com/altqx/hikari/blob/20d647c4c769ab7f5d383cf3c1c33f03876a94e9/HikariSub/Hotkeys.h#L219","https://github.com/altqx/hikari/blob/20d647c4c769ab7f5d383cf3c1c33f03876a94e9/HikariSub/HikariSubFrame.cpp#L165"
"GLOBAL_LOAD_LAST_SESSION","5055","Load last session","https://github.com/altqx/hikari/blob/20d647c4c769ab7f5d383cf3c1c33f03876a94e9/HikariSub/HotkeysNaming.cpp#L218","Document/resource lifecycle","Document/resource lifecycle — retain operation: Load last session","retain-operation-proposed","No explicit default binding","None in LoadDefault","Keep source G/S/E/V/A independently of numeric family; no blanket eligibility or new precedence approved","R-G: menu item must exist; otherwise skipped","R-S: installed; inherited/global command handling not established here","R-E: installed; inherited/global command handling not established here","R-V: installed; inherited/global command handling not established here","R-A: installed; explicit Global bind is commented out; additionally Grid receives A-context entry (handler support separately gated)","Fixed text/control routes and modal/IME handling still apply","Requires operation-specific active Document, selection, format, resource and protection checks; not inferred from registry or default context","https://github.com/altqx/hikari/blob/20d647c4c769ab7f5d383cf3c1c33f03876a94e9/HikariSub/Hotkeys.h#L220","https://github.com/altqx/hikari/blob/20d647c4c769ab7f5d383cf3c1c33f03876a94e9/HikariSub/HikariSubFrame.cpp#L161"
"GLOBAL_OPEN_SUBS","5100","Open subtitles","https://github.com/altqx/hikari/blob/20d647c4c769ab7f5d383cf3c1c33f03876a94e9/HikariSub/HotkeysNaming.cpp#L223","Document/resource lifecycle","Document/resource lifecycle — retain operation: Open subtitles","retain-operation-proposed","GLOBAL_HOTKEY:Ctrl-O","https://github.com/altqx/hikari/blob/20d647c4c769ab7f5d383cf3c1c33f03876a94e9/HikariSub/Hotkeys.cpp#L152","Keep source G/S/E/V/A independently of numeric family; no blanket eligibility or new precedence approved","R-G: menu item must exist; otherwise skipped","R-S: installed; inherited/global command handling not established here","R-E: installed; inherited/global command handling not established here","R-V: installed; inherited/global command handling not established here","R-A: installed; explicit Global bind is commented out; additionally Grid receives A-context entry (handler support separately gated)","Fixed text/control routes and modal/IME handling still apply","Requires operation-specific active Document, selection, format, resource and protection checks; not inferred from registry or default context","https://github.com/altqx/hikari/blob/20d647c4c769ab7f5d383cf3c1c33f03876a94e9/HikariSub/Hotkeys.h#L221","https://github.com/altqx/hikari/blob/20d647c4c769ab7f5d383cf3c1c33f03876a94e9/HikariSub/HikariSubFrame.cpp#L178 ; https://github.com/altqx/hikari/blob/20d647c4c769ab7f5d383cf3c1c33f03876a94e9/HikariSub/Toolbar.cpp#L75 ; https://github.com/altqx/hikari/blob/20d647c4c769ab7f5d383cf3c1c33f03876a94e9/HikariSub/VideoBox.cpp#L969"
"GLOBAL_OPEN_VIDEO","5101","Open video","https://github.com/altqx/hikari/blob/20d647c4c769ab7f5d383cf3c1c33f03876a94e9/HikariSub/HotkeysNaming.cpp#L224","Document/resource lifecycle","Document/resource lifecycle — retain operation: Open video","retain-operation-proposed","GLOBAL_HOTKEY:Ctrl-Shift-O","https://github.com/altqx/hikari/blob/20d647c4c769ab7f5d383cf3c1c33f03876a94e9/HikariSub/Hotkeys.cpp#L146","Keep source G/S/E/V/A independently of numeric family; no blanket eligibility or new precedence approved","R-G: menu item must exist; otherwise skipped","R-S: installed; inherited/global command handling not established here","R-E: installed; inherited/global command handling not established here","R-V: installed; inherited/global command handling not established here","R-A: installed; explicit Global bind is commented out; additionally Grid receives A-context entry (handler support separately gated)","Fixed text/control routes and modal/IME handling still apply","Requires operation-specific active Document, selection, format, resource and protection checks; not inferred from registry or default context","https://github.com/altqx/hikari/blob/20d647c4c769ab7f5d383cf3c1c33f03876a94e9/HikariSub/Hotkeys.h#L222","https://github.com/altqx/hikari/blob/20d647c4c769ab7f5d383cf3c1c33f03876a94e9/HikariSub/HikariSubFrame.cpp#L247 ; https://github.com/altqx/hikari/blob/20d647c4c769ab7f5d383cf3c1c33f03876a94e9/HikariSub/Toolbar.cpp#L75 ; https://github.com/altqx/hikari/blob/20d647c4c769ab7f5d383cf3c1c33f03876a94e9/HikariSub/VideoBox.cpp#L967"
"GLOBAL_OPEN_KEYFRAMES","5102","Open keyframes","https://github.com/altqx/hikari/blob/20d647c4c769ab7f5d383cf3c1c33f03876a94e9/HikariSub/HotkeysNaming.cpp#L184","Document/resource lifecycle","Document/resource lifecycle — retain operation: Open keyframes","retain-operation-proposed","No explicit default binding","None in LoadDefault","Keep source G/S/E/V/A independently of numeric family; no blanket eligibility or new precedence approved","R-G: menu item must exist; otherwise skipped","R-S: installed; inherited/global command handling not established here","R-E: installed; inherited/global command handling not established here","R-V: installed; inherited/global command handling not established here","R-A: installed; explicit Global bind is commented out; additionally Grid receives A-context entry (handler support separately gated)","Fixed text/control routes and modal/IME handling still apply","Requires operation-specific active Document, selection, format, resource and protection checks; not inferred from registry or default context","https://github.com/altqx/hikari/blob/20d647c4c769ab7f5d383cf3c1c33f03876a94e9/HikariSub/Hotkeys.h#L223","https://github.com/altqx/hikari/blob/20d647c4c769ab7f5d383cf3c1c33f03876a94e9/HikariSub/HikariSubFrame.cpp#L252"
"GLOBAL_OPEN_DUMMY_VIDEO","5103","global open dummy video","Symbol-derived worksheet label; not an accepted UI label","Document/resource lifecycle","Document/resource lifecycle — retain operation: global open dummy video","retain-operation-proposed","No explicit default binding","None in LoadDefault","Keep source G/S/E/V/A independently of numeric family; no blanket eligibility or new precedence approved","R-G: menu item must exist; otherwise skipped","R-S: installed; inherited/global command handling not established here","R-E: installed; inherited/global command handling not established here","R-V: installed; inherited/global command handling not established here","R-A: installed; explicit Global bind is commented out; additionally Grid receives A-context entry (handler support separately gated)","Fixed text/control routes and modal/IME handling still apply","Requires operation-specific active Document, selection, format, resource and protection checks; not inferred from registry or default context","https://github.com/altqx/hikari/blob/20d647c4c769ab7f5d383cf3c1c33f03876a94e9/HikariSub/Hotkeys.h#L224","https://github.com/altqx/hikari/blob/20d647c4c769ab7f5d383cf3c1c33f03876a94e9/HikariSub/HikariSubFrame.cpp#L258"
"GLOBAL_OPEN_DUMMY_AUDIO","5104","global open dummy audio","Symbol-derived worksheet label; not an accepted UI label","Document/resource lifecycle","Document/resource lifecycle — retain operation: global open dummy audio","retain-operation-proposed","No explicit default binding","None in LoadDefault","Keep source G/S/E/V/A independently of numeric family; no blanket eligibility or new precedence approved","R-G: menu item must exist; otherwise skipped","R-S: installed; inherited/global command handling not established here","R-E: installed; inherited/global command handling not established here","R-V: installed; inherited/global command handling not established here","R-A: installed; explicit Global bind is commented out; additionally Grid receives A-context entry (handler support separately gated)","Fixed text/control routes and modal/IME handling still apply","Requires operation-specific active Document, selection, format, resource and protection checks; not inferred from registry or default context","https://github.com/altqx/hikari/blob/20d647c4c769ab7f5d383cf3c1c33f03876a94e9/HikariSub/Hotkeys.h#L225","https://github.com/altqx/hikari/blob/20d647c4c769ab7f5d383cf3c1c33f03876a94e9/HikariSub/HikariSubFrame.cpp#L301"
"GLOBAL_OPEN_AUTO_SAVE","5105","Open auto save","https://github.com/altqx/hikari/blob/20d647c4c769ab7f5d383cf3c1c33f03876a94e9/HikariSub/HotkeysNaming.cpp#L185","Document/resource lifecycle","Document/resource lifecycle — retain operation: Open auto save","retain-operation-proposed","No explicit default binding","None in LoadDefault","Keep source G/S/E/V/A independently of numeric family; no blanket eligibility or new precedence approved","R-G: menu item must exist; otherwise skipped","R-S: installed; inherited/global command handling not established here","R-E: installed; inherited/global command handling not established here","R-V: installed; inherited/global command handling not established here","R-A: installed; explicit Global bind is commented out; additionally Grid receives A-context entry (handler support separately gated)","Fixed text/control routes and modal/IME handling still apply","Requires operation-specific active Document, selection, format, resource and protection checks; not inferred from registry or default context","https://github.com/altqx/hikari/blob/20d647c4c769ab7f5d383cf3c1c33f03876a94e9/HikariSub/Hotkeys.h#L226","https://github.com/altqx/hikari/blob/20d647c4c769ab7f5d383cf3c1c33f03876a94e9/HikariSub/HikariSubFrame.cpp#L196"
"GLOBAL_DELETE_TEMPORARY_FILES","5106","global delete temporary files","Symbol-derived worksheet label; not an accepted UI label","Application command routing","Application command routing — retain operation: global delete temporary files","retain-operation-proposed","No explicit default binding","None in LoadDefault","Keep source G/S/E/V/A independently of numeric family; no blanket eligibility or new precedence approved","R-G: menu item must exist; otherwise skipped","R-S: installed; inherited/global command handling not established here","R-E: installed; inherited/global command handling not established here","R-V: installed; inherited/global command handling not established here","R-A: installed; explicit Global bind is commented out; additionally Grid receives A-context entry (handler support separately gated)","Fixed text/control routes and modal/IME handling still apply","Requires operation-specific active Document, selection, format, resource and protection checks; not inferred from registry or default context","https://github.com/altqx/hikari/blob/20d647c4c769ab7f5d383cf3c1c33f03876a94e9/HikariSub/Hotkeys.h#L227","https://github.com/altqx/hikari/blob/20d647c4c769ab7f5d383cf3c1c33f03876a94e9/HikariSub/HikariSubFrame.cpp#L197"
"GLOBAL_SETTINGS","5107","Settings","https://github.com/altqx/hikari/blob/20d647c4c769ab7f5d383cf3c1c33f03876a94e9/HikariSub/HotkeysNaming.cpp#L246","Application command routing","Application command routing — retain operation: Settings","retain-operation-proposed","No explicit default binding","None in LoadDefault","Keep source G/S/E/V/A independently of numeric family; no blanket eligibility or new precedence approved","R-G: menu item must exist; otherwise skipped","R-S: installed; inherited/global command handling not established here","R-E: installed; inherited/global command handling not established here","R-V: installed; inherited/global command handling not established here","R-A: installed; explicit Global bind is commented out; additionally Grid receives A-context entry (handler support separately gated)","Fixed text/control routes and modal/IME handling still apply","Requires operation-specific active Document, selection, format, resource and protection checks; not inferred from registry or default context","https://github.com/altqx/hikari/blob/20d647c4c769ab7f5d383cf3c1c33f03876a94e9/HikariSub/Hotkeys.h#L228","https://github.com/altqx/hikari/blob/20d647c4c769ab7f5d383cf3c1c33f03876a94e9/HikariSub/HikariSubFrame.cpp#L202 ; https://github.com/altqx/hikari/blob/20d647c4c769ab7f5d383cf3c1c33f03876a94e9/HikariSub/Toolbar.cpp#L81"
"GLOBAL_QUIT","5108","Exit","https://github.com/altqx/hikari/blob/20d647c4c769ab7f5d383cf3c1c33f03876a94e9/HikariSub/Hotkeys.cpp#L135","Application command routing","Application command routing — retain operation: Exit","retain-operation-proposed","GLOBAL_HOTKEY:Alt-F4","https://github.com/altqx/hikari/blob/20d647c4c769ab7f5d383cf3c1c33f03876a94e9/HikariSub/Hotkeys.cpp#L135","Keep source G/S/E/V/A independently of numeric family; no blanket eligibility or new precedence approved","R-G: menu item must exist; otherwise skipped","R-S: installed; inherited/global command handling not established here","R-E: installed; inherited/global command handling not established here","R-V: installed; inherited/global command handling not established here","R-A: installed; explicit Global bind is commented out; additionally Grid receives A-context entry (handler support separately gated)","Fixed text/control routes and modal/IME handling still apply","Requires operation-specific active Document, selection, format, resource and protection checks; not inferred from registry or default context","https://github.com/altqx/hikari/blob/20d647c4c769ab7f5d383cf3c1c33f03876a94e9/HikariSub/Hotkeys.h#L229","https://github.com/altqx/hikari/blob/20d647c4c769ab7f5d383cf3c1c33f03876a94e9/HikariSub/HikariSubFrame.cpp#L204 ; https://github.com/altqx/hikari/blob/20d647c4c769ab7f5d383cf3c1c33f03876a94e9/HikariSub/OptionsDialog.cpp#L1396"
"GLOBAL_EDITOR","5109","Enable / Disable editor","https://github.com/altqx/hikari/blob/20d647c4c769ab7f5d383cf3c1c33f03876a94e9/HikariSub/HotkeysNaming.cpp#L175","Shared Workspace","Shared Workspace — retain operation: Enable / Disable editor","retain-operation-proposed","GLOBAL_HOTKEY:Ctrl-E","https://github.com/altqx/hikari/blob/20d647c4c769ab7f5d383cf3c1c33f03876a94e9/HikariSub/Hotkeys.cpp#L145","Keep source G/S/E/V/A independently of numeric family; no blanket eligibility or new precedence approved","R-G: menu item must exist; otherwise skipped","R-S: installed; inherited/global command handling not established here","R-E: installed; inherited/global command handling not established here","R-V: installed; inherited/global command handling not established here","R-A: installed; explicit Global bind is commented out; additionally Grid receives A-context entry (handler support separately gated)","Fixed text/control routes and modal/IME handling still apply","Requires operation-specific active Document, selection, format, resource and protection checks; not inferred from registry or default context","https://github.com/altqx/hikari/blob/20d647c4c769ab7f5d383cf3c1c33f03876a94e9/HikariSub/Hotkeys.h#L230","https://github.com/altqx/hikari/blob/20d647c4c769ab7f5d383cf3c1c33f03876a94e9/HikariSub/EditBox.cpp#L1928 ; https://github.com/altqx/hikari/blob/20d647c4c769ab7f5d383cf3c1c33f03876a94e9/HikariSub/HikariSubFrame.cpp#L316 ; https://github.com/altqx/hikari/blob/20d647c4c769ab7f5d383cf3c1c33f03876a94e9/HikariSub/Notebook.cpp#L1241"
"GLOBAL_ABOUT","5110","About","https://github.com/altqx/hikari/blob/20d647c4c769ab7f5d383cf3c1c33f03876a94e9/HikariSub/HotkeysNaming.cpp#L162","Application command routing","Application command routing — retain operation: About","retain-operation-proposed","No explicit default binding","None in LoadDefault","Keep source G/S/E/V/A independently of numeric family; no blanket eligibility or new precedence approved","R-G: menu item must exist; otherwise skipped","R-S: installed; inherited/global command handling not established here","R-E: installed; inherited/global command handling not established here","R-V: installed; inherited/global command handling not established here","R-A: installed; explicit Global bind is commented out; additionally Grid receives A-context entry (handler support separately gated)","Fixed text/control routes and modal/IME handling still apply","Requires operation-specific active Document, selection, format, resource and protection checks; not inferred from registry or default context","https://github.com/altqx/hikari/blob/20d647c4c769ab7f5d383cf3c1c33f03876a94e9/HikariSub/Hotkeys.h#L231","https://github.com/altqx/hikari/blob/20d647c4c769ab7f5d383cf3c1c33f03876a94e9/HikariSub/HikariSubFrame.cpp#L366"
"GLOBAL_HELPERS","5111","Credits","https://github.com/altqx/hikari/blob/20d647c4c769ab7f5d383cf3c1c33f03876a94e9/HikariSub/HotkeysNaming.cpp#L179","Application command routing","Application command routing — retain operation: Credits","retain-operation-proposed","No explicit default binding","None in LoadDefault","Keep source G/S/E/V/A independently of numeric family; no blanket eligibility or new precedence approved","R-G: menu item must exist; otherwise skipped","R-S: installed; inherited/global command handling not established here","R-E: installed; inherited/global command handling not established here","R-V: installed; inherited/global command handling not established here","R-A: installed; explicit Global bind is commented out; additionally Grid receives A-context entry (handler support separately gated)","Fixed text/control routes and modal/IME handling still apply","Requires operation-specific active Document, selection, format, resource and protection checks; not inferred from registry or default context","https://github.com/altqx/hikari/blob/20d647c4c769ab7f5d383cf3c1c33f03876a94e9/HikariSub/Hotkeys.h#L232","https://github.com/altqx/hikari/blob/20d647c4c769ab7f5d383cf3c1c33f03876a94e9/HikariSub/HikariSubFrame.cpp#L368"
"GLOBAL_HELP","5112","HikariSub website","https://github.com/altqx/hikari/blob/20d647c4c769ab7f5d383cf3c1c33f03876a94e9/HikariSub/HotkeysNaming.cpp#L178","Application command routing","Application command routing — retain operation: HikariSub website","retain-operation-proposed","GLOBAL_HOTKEY:F1","https://github.com/altqx/hikari/blob/20d647c4c769ab7f5d383cf3c1c33f03876a94e9/HikariSub/Hotkeys.cpp#L172","Keep source G/S/E/V/A independently of numeric family; no blanket eligibility or new precedence approved","R-G: menu item must exist; otherwise skipped","R-S: installed; inherited/global command handling not established here","R-E: installed; inherited/global command handling not established here","R-V: installed; inherited/global command handling not established here","R-A: installed; explicit Global bind is commented out; additionally Grid receives A-context entry (handler support separately gated)","Fixed text/control routes and modal/IME handling still apply","Requires operation-specific active Document, selection, format, resource and protection checks; not inferred from registry or default context","https://github.com/altqx/hikari/blob/20d647c4c769ab7f5d383cf3c1c33f03876a94e9/HikariSub/Hotkeys.h#L233","https://github.com/altqx/hikari/blob/20d647c4c769ab7f5d383cf3c1c33f03876a94e9/HikariSub/HikariSubFrame.cpp#L360"
"GLOBAL_ANSI","5113","Report an issue","https://github.com/altqx/hikari/blob/20d647c4c769ab7f5d383cf3c1c33f03876a94e9/HikariSub/HotkeysNaming.cpp#L163","Application command routing","Application command routing — retain operation: Report an issue","retain-operation-proposed","No explicit default binding","None in LoadDefault","Keep source G/S/E/V/A independently of numeric family; no blanket eligibility or new precedence approved","R-G: menu item must exist; otherwise skipped","R-S: installed; inherited/global command handling not established here","R-E: installed; inherited/global command handling not established here","R-V: installed; inherited/global command handling not established here","R-A: installed; explicit Global bind is commented out; additionally Grid receives A-context entry (handler support separately gated)","Fixed text/control routes and modal/IME handling still apply","Requires operation-specific active Document, selection, format, resource and protection checks; not inferred from registry or default context","https://github.com/altqx/hikari/blob/20d647c4c769ab7f5d383cf3c1c33f03876a94e9/HikariSub/Hotkeys.h#L234","https://github.com/altqx/hikari/blob/20d647c4c769ab7f5d383cf3c1c33f03876a94e9/HikariSub/AutomationLPeg.h#L29 ; https://github.com/altqx/hikari/blob/20d647c4c769ab7f5d383cf3c1c33f03876a94e9/HikariSub/HikariSubFrame.cpp#L362"
"GLOBAL_CHECK_FOR_UPDATES","5114","Check for updates","https://github.com/altqx/hikari/blob/20d647c4c769ab7f5d383cf3c1c33f03876a94e9/HikariSub/HotkeysNaming.cpp#L161","Application command routing","Application command routing — retain operation: Check for updates","retain-operation-proposed","No explicit default binding","None in LoadDefault","Keep source G/S/E/V/A independently of numeric family; no blanket eligibility or new precedence approved","R-G: menu item must exist; otherwise skipped","R-S: installed; inherited/global command handling not established here","R-E: installed; inherited/global command handling not established here","R-V: installed; inherited/global command handling not established here","R-A: installed; explicit Global bind is commented out; additionally Grid receives A-context entry (handler support separately gated)","Fixed text/control routes and modal/IME handling still apply","Requires operation-specific active Document, selection, format, resource and protection checks; not inferred from registry or default context","https://github.com/altqx/hikari/blob/20d647c4c769ab7f5d383cf3c1c33f03876a94e9/HikariSub/Hotkeys.h#L235","https://github.com/altqx/hikari/blob/20d647c4c769ab7f5d383cf3c1c33f03876a94e9/HikariSub/HikariSubFrame.cpp#L364"
"GLOBAL_PREVIOUS_LINE","5150","Previous line","https://github.com/altqx/hikari/blob/20d647c4c769ab7f5d383cf3c1c33f03876a94e9/HikariSub/HotkeysNaming.cpp#L228","Application command routing","Application command routing — retain operation: Previous line","retain-operation-proposed","GLOBAL_HOTKEY:Ctrl-Up","https://github.com/altqx/hikari/blob/20d647c4c769ab7f5d383cf3c1c33f03876a94e9/HikariSub/Hotkeys.cpp#L162","Keep source G/S/E/V/A independently of numeric family; no blanket eligibility or new precedence approved","R-G: accelerator installed; command handler availability separate","R-S: installed; inherited/global command handling not established here","R-E: installed; inherited/global command handling not established here","R-V: installed; inherited/global command handling not established here","R-A: installed; explicit Global bind is commented out; additionally Grid receives A-context entry (handler support separately gated)","Fixed text/control routes and modal/IME handling still apply","Requires operation-specific active Document, selection, format, resource and protection checks; not inferred from registry or default context","https://github.com/altqx/hikari/blob/20d647c4c769ab7f5d383cf3c1c33f03876a94e9/HikariSub/Hotkeys.h#L236","https://github.com/altqx/hikari/blob/20d647c4c769ab7f5d383cf3c1c33f03876a94e9/HikariSub/HikariSubFrame.cpp#L391"
"GLOBAL_NEXT_LINE","5151","Next line","https://github.com/altqx/hikari/blob/20d647c4c769ab7f5d383cf3c1c33f03876a94e9/HikariSub/HotkeysNaming.cpp#L220","Application command routing","Application command routing — retain operation: Next line","retain-operation-proposed","GLOBAL_HOTKEY:Ctrl-Down","https://github.com/altqx/hikari/blob/20d647c4c769ab7f5d383cf3c1c33f03876a94e9/HikariSub/Hotkeys.cpp#L163","Keep source G/S/E/V/A independently of numeric family; no blanket eligibility or new precedence approved","R-G: accelerator installed; command handler availability separate","R-S: installed; inherited/global command handling not established here","R-E: installed; inherited/global command handling not established here","R-V: installed; inherited/global command handling not established here","R-A: installed; explicit Global bind is commented out; additionally Grid receives A-context entry (handler support separately gated)","Fixed text/control routes and modal/IME handling still apply","Requires operation-specific active Document, selection, format, resource and protection checks; not inferred from registry or default context","https://github.com/altqx/hikari/blob/20d647c4c769ab7f5d383cf3c1c33f03876a94e9/HikariSub/Hotkeys.h#L237","No direct symbol consumer found; retain unresolved handler availability"
"GLOBAL_JOIN_WITH_PREVIOUS","5152","Merge with previous line","https://github.com/altqx/hikari/blob/20d647c4c769ab7f5d383cf3c1c33f03876a94e9/HikariSub/HotkeysNaming.cpp#L182","Application command routing","Application command routing — retain operation: Merge with previous line","retain-operation-proposed","GLOBAL_HOTKEY:F4","https://github.com/altqx/hikari/blob/20d647c4c769ab7f5d383cf3c1c33f03876a94e9/HikariSub/Hotkeys.cpp#L165","Keep source G/S/E/V/A independently of numeric family; no blanket eligibility or new precedence approved","R-G: accelerator installed; command handler availability separate","R-S: installed; inherited/global command handling not established here","R-E: installed; inherited/global command handling not established here","R-V: installed; inherited/global command handling not established here","R-A: installed; explicit Global bind is commented out; additionally Grid receives A-context entry (handler support separately gated)","Fixed text/control routes and modal/IME handling still apply","Requires operation-specific active Document, selection, format, resource and protection checks; not inferred from registry or default context","https://github.com/altqx/hikari/blob/20d647c4c769ab7f5d383cf3c1c33f03876a94e9/HikariSub/Hotkeys.h#L238","https://github.com/altqx/hikari/blob/20d647c4c769ab7f5d383cf3c1c33f03876a94e9/HikariSub/HikariSubFrame.cpp#L2449 ; https://github.com/altqx/hikari/blob/20d647c4c769ab7f5d383cf3c1c33f03876a94e9/HikariSub/SubsGrid.cpp#L425"
"GLOBAL_JOIN_WITH_NEXT","5153","Merge with next line","https://github.com/altqx/hikari/blob/20d647c4c769ab7f5d383cf3c1c33f03876a94e9/HikariSub/HotkeysNaming.cpp#L183","Application command routing","Application command routing — retain operation: Merge with next line","retain-operation-proposed","GLOBAL_HOTKEY:F5","https://github.com/altqx/hikari/blob/20d647c4c769ab7f5d383cf3c1c33f03876a94e9/HikariSub/Hotkeys.cpp#L166","Keep source G/S/E/V/A independently of numeric family; no blanket eligibility or new precedence approved","R-G: accelerator installed; command handler availability separate","R-S: installed; inherited/global command handling not established here","R-E: installed; inherited/global command handling not established here","R-V: installed; inherited/global command handling not established here","R-A: installed; explicit Global bind is commented out; additionally Grid receives A-context entry (handler support separately gated)","Fixed text/control routes and modal/IME handling still apply","Requires operation-specific active Document, selection, format, resource and protection checks; not inferred from registry or default context","https://github.com/altqx/hikari/blob/20d647c4c769ab7f5d383cf3c1c33f03876a94e9/HikariSub/Hotkeys.h#L239","https://github.com/altqx/hikari/blob/20d647c4c769ab7f5d383cf3c1c33f03876a94e9/HikariSub/HikariSubFrame.cpp#L391 ; https://github.com/altqx/hikari/blob/20d647c4c769ab7f5d383cf3c1c33f03876a94e9/HikariSub/SubsGrid.cpp#L433"
"GLOBAL_NEXT_TAB","5154","Next tab","https://github.com/altqx/hikari/blob/20d647c4c769ab7f5d383cf3c1c33f03876a94e9/HikariSub/HotkeysNaming.cpp#L221","Shared Workspace","Shared Workspace — retain operation: Next tab","retain-operation-proposed","GLOBAL_HOTKEY:Ctrl-PgDn","https://github.com/altqx/hikari/blob/20d647c4c769ab7f5d383cf3c1c33f03876a94e9/HikariSub/Hotkeys.cpp#L169","Keep source G/S/E/V/A independently of numeric family; no blanket eligibility or new precedence approved","R-G: accelerator installed; command handler availability separate","R-S: installed; inherited/global command handling not established here","R-E: installed; inherited/global command handling not established here","R-V: installed; inherited/global command handling not established here","R-A: installed; explicit Global bind is commented out; additionally Grid receives A-context entry (handler support separately gated)","Fixed text/control routes and modal/IME handling still apply","Requires operation-specific active Document, selection, format, resource and protection checks; not inferred from registry or default context","https://github.com/altqx/hikari/blob/20d647c4c769ab7f5d383cf3c1c33f03876a94e9/HikariSub/Hotkeys.h#L240","https://github.com/altqx/hikari/blob/20d647c4c769ab7f5d383cf3c1c33f03876a94e9/HikariSub/HikariSubFrame.cpp#L383 ; https://github.com/altqx/hikari/blob/20d647c4c769ab7f5d383cf3c1c33f03876a94e9/HikariSub/HikariTabBar.cpp#L39"
"GLOBAL_PREVIOUS_TAB","5155","Previous tab","https://github.com/altqx/hikari/blob/20d647c4c769ab7f5d383cf3c1c33f03876a94e9/HikariSub/HotkeysNaming.cpp#L229","Shared Workspace","Shared Workspace — retain operation: Previous tab","retain-operation-proposed","GLOBAL_HOTKEY:Ctrl-PgUp","https://github.com/altqx/hikari/blob/20d647c4c769ab7f5d383cf3c1c33f03876a94e9/HikariSub/Hotkeys.cpp#L170","Keep source G/S/E/V/A independently of numeric family; no blanket eligibility or new precedence approved","R-G: accelerator installed; command handler availability separate","R-S: installed; inherited/global command handling not established here","R-E: installed; inherited/global command handling not established here","R-V: installed; inherited/global command handling not established here","R-A: installed; explicit Global bind is commented out; additionally Grid receives A-context entry (handler support separately gated)","Fixed text/control routes and modal/IME handling still apply","Requires operation-specific active Document, selection, format, resource and protection checks; not inferred from registry or default context","https://github.com/altqx/hikari/blob/20d647c4c769ab7f5d383cf3c1c33f03876a94e9/HikariSub/Hotkeys.h#L241","https://github.com/altqx/hikari/blob/20d647c4c769ab7f5d383cf3c1c33f03876a94e9/HikariSub/HikariSubFrame.cpp#L383 ; https://github.com/altqx/hikari/blob/20d647c4c769ab7f5d383cf3c1c33f03876a94e9/HikariSub/HikariTabBar.cpp#L40"
"GLOBAL_REMOVE_LINES","5156","Delete line","https://github.com/altqx/hikari/blob/20d647c4c769ab7f5d383cf3c1c33f03876a94e9/HikariSub/HotkeysNaming.cpp#L231","Application command routing","Application command routing — retain operation: Delete line","retain-operation-proposed","GLOBAL_HOTKEY:Shift-Delete","https://github.com/altqx/hikari/blob/20d647c4c769ab7f5d383cf3c1c33f03876a94e9/HikariSub/Hotkeys.cpp#L156","Keep source G/S/E/V/A independently of numeric family; no blanket eligibility or new precedence approved","R-G: accelerator installed; command handler availability separate","R-S: installed; inherited/global command handling not established here","R-E: installed; inherited/global command handling not established here","R-V: installed; inherited/global command handling not established here","R-A: installed; explicit Global bind is commented out; additionally Grid receives A-context entry (handler support separately gated)","Fixed text/control routes and modal/IME handling still apply","Requires operation-specific active Document, selection, format, resource and protection checks; not inferred from registry or default context","https://github.com/altqx/hikari/blob/20d647c4c769ab7f5d383cf3c1c33f03876a94e9/HikariSub/Hotkeys.h#L242","https://github.com/altqx/hikari/blob/20d647c4c769ab7f5d383cf3c1c33f03876a94e9/HikariSub/HikariSubFrame.cpp#L392 ; https://github.com/altqx/hikari/blob/20d647c4c769ab7f5d383cf3c1c33f03876a94e9/HikariSub/SubsGrid.cpp#L286"
"GLOBAL_REMOVE_TEXT","5157","Delete text","https://github.com/altqx/hikari/blob/20d647c4c769ab7f5d383cf3c1c33f03876a94e9/HikariSub/HotkeysNaming.cpp#L233","Application command routing","Application command routing — retain operation: Delete text","retain-operation-proposed","GLOBAL_HOTKEY:Alt-Delete","https://github.com/altqx/hikari/blob/20d647c4c769ab7f5d383cf3c1c33f03876a94e9/HikariSub/Hotkeys.cpp#L155","Keep source G/S/E/V/A independently of numeric family; no blanket eligibility or new precedence approved","R-G: accelerator installed; command handler availability separate","R-S: installed; inherited/global command handling not established here","R-E: installed; inherited/global command handling not established here","R-V: installed; inherited/global command handling not established here","R-A: installed; explicit Global bind is commented out; additionally Grid receives A-context entry (handler support separately gated)","Fixed text/control routes and modal/IME handling still apply","Requires operation-specific active Document, selection, format, resource and protection checks; not inferred from registry or default context","https://github.com/altqx/hikari/blob/20d647c4c769ab7f5d383cf3c1c33f03876a94e9/HikariSub/Hotkeys.h#L243","https://github.com/altqx/hikari/blob/20d647c4c769ab7f5d383cf3c1c33f03876a94e9/HikariSub/HikariSubFrame.cpp#L392 ; https://github.com/altqx/hikari/blob/20d647c4c769ab7f5d383cf3c1c33f03876a94e9/HikariSub/SubsGrid.cpp#L285"
"GLOBAL_SNAP_WITH_START","5158","Change start time to nearest keyframe","https://github.com/altqx/hikari/blob/20d647c4c769ab7f5d383cf3c1c33f03876a94e9/HikariSub/HotkeysNaming.cpp#L250","Timing tools","Timing tools — retain operation: Change start time to nearest keyframe","retain-operation-proposed","GLOBAL_HOTKEY:Shift-Left","https://github.com/altqx/hikari/blob/20d647c4c769ab7f5d383cf3c1c33f03876a94e9/HikariSub/Hotkeys.cpp#L167","Keep source G/S/E/V/A independently of numeric family; no blanket eligibility or new precedence approved","R-G: accelerator installed; command handler availability separate","R-S: installed; inherited/global command handling not established here","R-E: installed; inherited/global command handling not established here","R-V: installed; inherited/global command handling not established here","R-A: installed; explicit Global bind is commented out; additionally Grid receives A-context entry (handler support separately gated)","Fixed text/control routes and modal/IME handling still apply","Requires operation-specific active Document, selection, format, resource and protection checks; not inferred from registry or default context","https://github.com/altqx/hikari/blob/20d647c4c769ab7f5d383cf3c1c33f03876a94e9/HikariSub/Hotkeys.h#L244","https://github.com/altqx/hikari/blob/20d647c4c769ab7f5d383cf3c1c33f03876a94e9/HikariSub/HikariSubFrame.cpp#L401"
"GLOBAL_SNAP_WITH_END","5159","Change end time to nearest keyframe","https://github.com/altqx/hikari/blob/20d647c4c769ab7f5d383cf3c1c33f03876a94e9/HikariSub/HotkeysNaming.cpp#L249","Timing tools","Timing tools — retain operation: Change end time to nearest keyframe","retain-operation-proposed","GLOBAL_HOTKEY:Shift-Right","https://github.com/altqx/hikari/blob/20d647c4c769ab7f5d383cf3c1c33f03876a94e9/HikariSub/Hotkeys.cpp#L168","Keep source G/S/E/V/A independently of numeric family; no blanket eligibility or new precedence approved","R-G: accelerator installed; command handler availability separate","R-S: installed; inherited/global command handling not established here","R-E: installed; inherited/global command handling not established here","R-V: installed; inherited/global command handling not established here","R-A: installed; explicit Global bind is commented out; additionally Grid receives A-context entry (handler support separately gated)","Fixed text/control routes and modal/IME handling still apply","Requires operation-specific active Document, selection, format, resource and protection checks; not inferred from registry or default context","https://github.com/altqx/hikari/blob/20d647c4c769ab7f5d383cf3c1c33f03876a94e9/HikariSub/Hotkeys.h#L245","https://github.com/altqx/hikari/blob/20d647c4c769ab7f5d383cf3c1c33f03876a94e9/HikariSub/HikariSubFrame.cpp#L401"
"GLOBAL_SORT_LINES","5160","global sort lines","Symbol-derived worksheet label; not an accepted UI label","Application command routing","Application command routing — retain operation: global sort lines","retain-operation-proposed","No explicit default binding","None in LoadDefault","Keep source G/S/E/V/A independently of numeric family; no blanket eligibility or new precedence approved","R-G: accelerator installed; command handler availability separate","R-S: installed; inherited/global command handling not established here","R-E: installed; inherited/global command handling not established here","R-V: installed; inherited/global command handling not established here","R-A: installed; explicit Global bind is commented out; additionally Grid receives A-context entry (handler support separately gated)","Fixed text/control routes and modal/IME handling still apply","Requires operation-specific active Document, selection, format, resource and protection checks; not inferred from registry or default context","https://github.com/altqx/hikari/blob/20d647c4c769ab7f5d383cf3c1c33f03876a94e9/HikariSub/Hotkeys.h#L246","https://github.com/altqx/hikari/blob/20d647c4c769ab7f5d383cf3c1c33f03876a94e9/HikariSub/HikariSubFrame.cpp#L237 ; https://github.com/altqx/hikari/blob/20d647c4c769ab7f5d383cf3c1c33f03876a94e9/HikariSub/Toolbar.cpp#L220"
"GLOBAL_SORT_SELECTED_LINES","5161","global sort selected lines","Symbol-derived worksheet label; not an accepted UI label","Application command routing","Application command routing — retain operation: global sort selected lines","retain-operation-proposed","No explicit default binding","None in LoadDefault","Keep source G/S/E/V/A independently of numeric family; no blanket eligibility or new precedence approved","R-G: accelerator installed; command handler availability separate","R-S: installed; inherited/global command handling not established here","R-E: installed; inherited/global command handling not established here","R-V: installed; inherited/global command handling not established here","R-A: installed; explicit Global bind is commented out; additionally Grid receives A-context entry (handler support separately gated)","Fixed text/control routes and modal/IME handling still apply","Requires operation-specific active Document, selection, format, resource and protection checks; not inferred from registry or default context","https://github.com/altqx/hikari/blob/20d647c4c769ab7f5d383cf3c1c33f03876a94e9/HikariSub/Hotkeys.h#L247","https://github.com/altqx/hikari/blob/20d647c4c769ab7f5d383cf3c1c33f03876a94e9/HikariSub/HikariSubFrame.cpp#L239 ; https://github.com/altqx/hikari/blob/20d647c4c769ab7f5d383cf3c1c33f03876a94e9/HikariSub/Toolbar.cpp#L220"
"GLOBAL_RECENT_AUDIO","5162","global recent audio","Symbol-derived worksheet label; not an accepted UI label","Document/resource lifecycle","Document/resource lifecycle — retain operation: global recent audio","retain-operation-proposed","No explicit default binding","None in LoadDefault","Keep source G/S/E/V/A independently of numeric family; no blanket eligibility or new precedence approved","R-G: accelerator installed; command handler availability separate","R-S: installed; inherited/global command handling not established here","R-E: installed; inherited/global command handling not established here","R-V: installed; inherited/global command handling not established here","R-A: installed; explicit Global bind is commented out; additionally Grid receives A-context entry (handler support separately gated)","Fixed text/control routes and modal/IME handling still apply","Requires operation-specific active Document, selection, format, resource and protection checks; not inferred from registry or default context","https://github.com/altqx/hikari/blob/20d647c4c769ab7f5d383cf3c1c33f03876a94e9/HikariSub/Hotkeys.h#L248","https://github.com/altqx/hikari/blob/20d647c4c769ab7f5d383cf3c1c33f03876a94e9/HikariSub/HikariSubFrame.cpp#L297"
"GLOBAL_RECENT_VIDEO","5163","global recent video","Symbol-derived worksheet label; not an accepted UI label","Document/resource lifecycle","Document/resource lifecycle — retain operation: global recent video","retain-operation-proposed","No explicit default binding","None in LoadDefault","Keep source G/S/E/V/A independently of numeric family; no blanket eligibility or new precedence approved","R-G: accelerator installed; command handler availability separate","R-S: installed; inherited/global command handling not established here","R-E: installed; inherited/global command handling not established here","R-V: installed; inherited/global command handling not established here","R-A: installed; explicit Global bind is commented out; additionally Grid receives A-context entry (handler support separately gated)","Fixed text/control routes and modal/IME handling still apply","Requires operation-specific active Document, selection, format, resource and protection checks; not inferred from registry or default context","https://github.com/altqx/hikari/blob/20d647c4c769ab7f5d383cf3c1c33f03876a94e9/HikariSub/Hotkeys.h#L249","https://github.com/altqx/hikari/blob/20d647c4c769ab7f5d383cf3c1c33f03876a94e9/HikariSub/HikariSubFrame.cpp#L250 ; https://github.com/altqx/hikari/blob/20d647c4c769ab7f5d383cf3c1c33f03876a94e9/HikariSub/Toolbar.cpp#L75"
"GLOBAL_RECENT_SUBS","5164","global recent subs","Symbol-derived worksheet label; not an accepted UI label","Document/resource lifecycle","Document/resource lifecycle — retain operation: global recent subs","retain-operation-proposed","No explicit default binding","None in LoadDefault","Keep source G/S/E/V/A independently of numeric family; no blanket eligibility or new precedence approved","R-G: accelerator installed; command handler availability separate","R-S: installed; inherited/global command handling not established here","R-E: installed; inherited/global command handling not established here","R-V: installed; inherited/global command handling not established here","R-A: installed; explicit Global bind is commented out; additionally Grid receives A-context entry (handler support separately gated)","Fixed text/control routes and modal/IME handling still apply","Requires operation-specific active Document, selection, format, resource and protection checks; not inferred from registry or default context","https://github.com/altqx/hikari/blob/20d647c4c769ab7f5d383cf3c1c33f03876a94e9/HikariSub/Hotkeys.h#L250","https://github.com/altqx/hikari/blob/20d647c4c769ab7f5d383cf3c1c33f03876a94e9/HikariSub/HikariSubFrame.cpp#L188 ; https://github.com/altqx/hikari/blob/20d647c4c769ab7f5d383cf3c1c33f03876a94e9/HikariSub/Toolbar.cpp#L75"
"GLOBAL_RECENT_KEYFRAMES","5165","global recent keyframes","Symbol-derived worksheet label; not an accepted UI label","Document/resource lifecycle","Document/resource lifecycle — retain operation: global recent keyframes","retain-operation-proposed","No explicit default binding","None in LoadDefault","Keep source G/S/E/V/A independently of numeric family; no blanket eligibility or new precedence approved","R-G: accelerator installed; command handler availability separate","R-S: installed; inherited/global command handling not established here","R-E: installed; inherited/global command handling not established here","R-V: installed; inherited/global command handling not established here","R-A: installed; explicit Global bind is commented out; additionally Grid receives A-context entry (handler support separately gated)","Fixed text/control routes and modal/IME handling still apply","Requires operation-specific active Document, selection, format, resource and protection checks; not inferred from registry or default context","https://github.com/altqx/hikari/blob/20d647c4c769ab7f5d383cf3c1c33f03876a94e9/HikariSub/Hotkeys.h#L251","https://github.com/altqx/hikari/blob/20d647c4c769ab7f5d383cf3c1c33f03876a94e9/HikariSub/HikariSubFrame.cpp#L255"
"GLOBAL_SELECT_FROM_VIDEO","5166","Select line at current video position","https://github.com/altqx/hikari/blob/20d647c4c769ab7f5d383cf3c1c33f03876a94e9/HikariSub/HotkeysNaming.cpp#L240","Media coordination","Media coordination — retain operation: Select line at current video position","retain-operation-proposed","GLOBAL_HOTKEY:F2","https://github.com/altqx/hikari/blob/20d647c4c769ab7f5d383cf3c1c33f03876a94e9/HikariSub/Hotkeys.cpp#L171","Keep source G/S/E/V/A independently of numeric family; no blanket eligibility or new precedence approved","R-G: accelerator installed; command handler availability separate","R-S: installed; inherited/global command handling not established here","R-E: installed; inherited/global command handling not established here","R-V: installed; inherited/global command handling not established here","R-A: installed; explicit Global bind is commented out; additionally Grid receives A-context entry (handler support separately gated)","Fixed text/control routes and modal/IME handling still apply","Requires operation-specific active Document, selection, format, resource and protection checks; not inferred from registry or default context","https://github.com/altqx/hikari/blob/20d647c4c769ab7f5d383cf3c1c33f03876a94e9/HikariSub/Hotkeys.h#L252","https://github.com/altqx/hikari/blob/20d647c4c769ab7f5d383cf3c1c33f03876a94e9/HikariSub/HikariSubFrame.cpp#L390"
"GLOBAL_PLAY_ACTUAL_LINE","5167","Play active line","https://github.com/altqx/hikari/blob/20d647c4c769ab7f5d383cf3c1c33f03876a94e9/HikariSub/HotkeysNaming.cpp#L226","Media coordination","Media coordination — retain operation: Play active line","retain-operation-proposed","No explicit default binding","None in LoadDefault","Keep source G/S/E/V/A independently of numeric family; no blanket eligibility or new precedence approved","R-G: accelerator installed; command handler availability separate","R-S: installed; inherited/global command handling not established here","R-E: installed; inherited/global command handling not established here","R-V: installed; inherited/global command handling not established here","R-A: installed; explicit Global bind is commented out; additionally Grid receives A-context entry (handler support separately gated)","Fixed text/control routes and modal/IME handling still apply","Requires operation-specific active Document, selection, format, resource and protection checks; not inferred from registry or default context","https://github.com/altqx/hikari/blob/20d647c4c769ab7f5d383cf3c1c33f03876a94e9/HikariSub/Hotkeys.h#L253","https://github.com/altqx/hikari/blob/20d647c4c769ab7f5d383cf3c1c33f03876a94e9/HikariSub/HikariSubFrame.cpp#L1100 ; https://github.com/altqx/hikari/blob/20d647c4c769ab7f5d383cf3c1c33f03876a94e9/HikariSub/VideoBox.cpp#L161 ; https://github.com/altqx/hikari/blob/20d647c4c769ab7f5d383cf3c1c33f03876a94e9/HikariSub/VideoFullscreen.cpp#L62"
"GLOBAL_STYLE_MANAGER_CLEAN_STYLE","5168","Clean styles of ASS file","https://github.com/altqx/hikari/blob/20d647c4c769ab7f5d383cf3c1c33f03876a94e9/HikariSub/HotkeysNaming.cpp#L215","Styles and catalogs","Styles and catalogs — retain operation: Clean styles of ASS file","retain-operation-proposed","No explicit default binding","None in LoadDefault","Keep source G/S/E/V/A independently of numeric family; no blanket eligibility or new precedence approved","R-G: accelerator installed; command handler availability separate","R-S: installed; inherited/global command handling not established here","R-E: installed; inherited/global command handling not established here","R-V: installed; inherited/global command handling not established here","R-A: installed; explicit Global bind is commented out; additionally Grid receives A-context entry (handler support separately gated)","Fixed text/control routes and modal/IME handling still apply","Requires operation-specific active Document, selection, format, resource and protection checks; not inferred from registry or default context","https://github.com/altqx/hikari/blob/20d647c4c769ab7f5d383cf3c1c33f03876a94e9/HikariSub/Hotkeys.h#L254","https://github.com/altqx/hikari/blob/20d647c4c769ab7f5d383cf3c1c33f03876a94e9/HikariSub/HikariSubFrame.cpp#L390"
"GLOBAL_SORT_ALL_BY_START_TIMES","5200","Sort all lines by start time","https://github.com/altqx/hikari/blob/20d647c4c769ab7f5d383cf3c1c33f03876a94e9/HikariSub/HotkeysNaming.cpp#L187","Application command routing","Application command routing — retain operation: Sort all lines by start time","retain-operation-proposed","No explicit default binding","None in LoadDefault","Keep source G/S/E/V/A independently of numeric family; no blanket eligibility or new precedence approved","R-G: accelerator installed; command handler availability separate","R-S: installed; inherited/global command handling not established here","R-E: installed; inherited/global command handling not established here","R-V: installed; inherited/global command handling not established here","R-A: installed; explicit Global bind is commented out; additionally Grid receives A-context entry (handler support separately gated)","Fixed text/control routes and modal/IME handling still apply","Requires operation-specific active Document, selection, format, resource and protection checks; not inferred from registry or default context","https://github.com/altqx/hikari/blob/20d647c4c769ab7f5d383cf3c1c33f03876a94e9/HikariSub/Hotkeys.h#L255","https://github.com/altqx/hikari/blob/20d647c4c769ab7f5d383cf3c1c33f03876a94e9/HikariSub/HikariSubFrame.cpp#L227"
"GLOBAL_SORT_ALL_BY_END_TIMES","5201","Sort all lines by end time","https://github.com/altqx/hikari/blob/20d647c4c769ab7f5d383cf3c1c33f03876a94e9/HikariSub/HotkeysNaming.cpp#L188","Application command routing","Application command routing — retain operation: Sort all lines by end time","retain-operation-proposed","No explicit default binding","None in LoadDefault","Keep source G/S/E/V/A independently of numeric family; no blanket eligibility or new precedence approved","R-G: accelerator installed; command handler availability separate","R-S: installed; inherited/global command handling not established here","R-E: installed; inherited/global command handling not established here","R-V: installed; inherited/global command handling not established here","R-A: installed; explicit Global bind is commented out; additionally Grid receives A-context entry (handler support separately gated)","Fixed text/control routes and modal/IME handling still apply","Requires operation-specific active Document, selection, format, resource and protection checks; not inferred from registry or default context","https://github.com/altqx/hikari/blob/20d647c4c769ab7f5d383cf3c1c33f03876a94e9/HikariSub/Hotkeys.h#L256","https://github.com/altqx/hikari/blob/20d647c4c769ab7f5d383cf3c1c33f03876a94e9/HikariSub/HikariSubFrame.cpp#L229"
"GLOBAL_SORT_ALL_BY_STYLE","5202","Sort all lines by styles","https://github.com/altqx/hikari/blob/20d647c4c769ab7f5d383cf3c1c33f03876a94e9/HikariSub/HotkeysNaming.cpp#L189","Application command routing","Application command routing — retain operation: Sort all lines by styles","retain-operation-proposed","No explicit default binding","None in LoadDefault","Keep source G/S/E/V/A independently of numeric family; no blanket eligibility or new precedence approved","R-G: accelerator installed; command handler availability separate","R-S: installed; inherited/global command handling not established here","R-E: installed; inherited/global command handling not established here","R-V: installed; inherited/global command handling not established here","R-A: installed; explicit Global bind is commented out; additionally Grid receives A-context entry (handler support separately gated)","Fixed text/control routes and modal/IME handling still apply","Requires operation-specific active Document, selection, format, resource and protection checks; not inferred from registry or default context","https://github.com/altqx/hikari/blob/20d647c4c769ab7f5d383cf3c1c33f03876a94e9/HikariSub/Hotkeys.h#L257","https://github.com/altqx/hikari/blob/20d647c4c769ab7f5d383cf3c1c33f03876a94e9/HikariSub/HikariSubFrame.cpp#L231"
"GLOBAL_SORT_ALL_BY_ACTOR","5203","Sort all lines by actor","https://github.com/altqx/hikari/blob/20d647c4c769ab7f5d383cf3c1c33f03876a94e9/HikariSub/HotkeysNaming.cpp#L190","Application command routing","Application command routing — retain operation: Sort all lines by actor","retain-operation-proposed","No explicit default binding","None in LoadDefault","Keep source G/S/E/V/A independently of numeric family; no blanket eligibility or new precedence approved","R-G: accelerator installed; command handler availability separate","R-S: installed; inherited/global command handling not established here","R-E: installed; inherited/global command handling not established here","R-V: installed; inherited/global command handling not established here","R-A: installed; explicit Global bind is commented out; additionally Grid receives A-context entry (handler support separately gated)","Fixed text/control routes and modal/IME handling still apply","Requires operation-specific active Document, selection, format, resource and protection checks; not inferred from registry or default context","https://github.com/altqx/hikari/blob/20d647c4c769ab7f5d383cf3c1c33f03876a94e9/HikariSub/Hotkeys.h#L258","https://github.com/altqx/hikari/blob/20d647c4c769ab7f5d383cf3c1c33f03876a94e9/HikariSub/HikariSubFrame.cpp#L232"
"GLOBAL_SORT_ALL_BY_EFFECT","5204","Sort all lines by effect","https://github.com/altqx/hikari/blob/20d647c4c769ab7f5d383cf3c1c33f03876a94e9/HikariSub/HotkeysNaming.cpp#L191","Application command routing","Application command routing — retain operation: Sort all lines by effect","retain-operation-proposed","No explicit default binding","None in LoadDefault","Keep source G/S/E/V/A independently of numeric family; no blanket eligibility or new precedence approved","R-G: accelerator installed; command handler availability separate","R-S: installed; inherited/global command handling not established here","R-E: installed; inherited/global command handling not established here","R-V: installed; inherited/global command handling not established here","R-A: installed; explicit Global bind is commented out; additionally Grid receives A-context entry (handler support separately gated)","Fixed text/control routes and modal/IME handling still apply","Requires operation-specific active Document, selection, format, resource and protection checks; not inferred from registry or default context","https://github.com/altqx/hikari/blob/20d647c4c769ab7f5d383cf3c1c33f03876a94e9/HikariSub/Hotkeys.h#L259","https://github.com/altqx/hikari/blob/20d647c4c769ab7f5d383cf3c1c33f03876a94e9/HikariSub/HikariSubFrame.cpp#L233"
"GLOBAL_SORT_ALL_BY_LAYER","5205","Sort all lines by layer","https://github.com/altqx/hikari/blob/20d647c4c769ab7f5d383cf3c1c33f03876a94e9/HikariSub/HotkeysNaming.cpp#L192","Application command routing","Application command routing — retain operation: Sort all lines by layer","retain-operation-proposed","No explicit default binding","None in LoadDefault","Keep source G/S/E/V/A independently of numeric family; no blanket eligibility or new precedence approved","R-G: accelerator installed; command handler availability separate","R-S: installed; inherited/global command handling not established here","R-E: installed; inherited/global command handling not established here","R-V: installed; inherited/global command handling not established here","R-A: installed; explicit Global bind is commented out; additionally Grid receives A-context entry (handler support separately gated)","Fixed text/control routes and modal/IME handling still apply","Requires operation-specific active Document, selection, format, resource and protection checks; not inferred from registry or default context","https://github.com/altqx/hikari/blob/20d647c4c769ab7f5d383cf3c1c33f03876a94e9/HikariSub/Hotkeys.h#L260","https://github.com/altqx/hikari/blob/20d647c4c769ab7f5d383cf3c1c33f03876a94e9/HikariSub/HikariSubFrame.cpp#L234"
"GLOBAL_SORT_SELECTED_BY_START_TIMES","5206","Sort selected lines by start time","https://github.com/altqx/hikari/blob/20d647c4c769ab7f5d383cf3c1c33f03876a94e9/HikariSub/HotkeysNaming.cpp#L193","Application command routing","Application command routing — retain operation: Sort selected lines by start time","retain-operation-proposed","No explicit default binding","None in LoadDefault","Keep source G/S/E/V/A independently of numeric family; no blanket eligibility or new precedence approved","R-G: accelerator installed; command handler availability separate","R-S: installed; inherited/global command handling not established here","R-E: installed; inherited/global command handling not established here","R-V: installed; inherited/global command handling not established here","R-A: installed; explicit Global bind is commented out; additionally Grid receives A-context entry (handler support separately gated)","Fixed text/control routes and modal/IME handling still apply","Requires operation-specific active Document, selection, format, resource and protection checks; not inferred from registry or default context","https://github.com/altqx/hikari/blob/20d647c4c769ab7f5d383cf3c1c33f03876a94e9/HikariSub/Hotkeys.h#L261","https://github.com/altqx/hikari/blob/20d647c4c769ab7f5d383cf3c1c33f03876a94e9/HikariSub/HikariSubFrame.cpp#L845"
"GLOBAL_SORT_SELECTED_BY_END_TIMES","5207","Sort selected lines by end time","https://github.com/altqx/hikari/blob/20d647c4c769ab7f5d383cf3c1c33f03876a94e9/HikariSub/HotkeysNaming.cpp#L194","Application command routing","Application command routing — retain operation: Sort selected lines by end time","retain-operation-proposed","No explicit default binding","None in LoadDefault","Keep source G/S/E/V/A independently of numeric family; no blanket eligibility or new precedence approved","R-G: accelerator installed; command handler availability separate","R-S: installed; inherited/global command handling not established here","R-E: installed; inherited/global command handling not established here","R-V: installed; inherited/global command handling not established here","R-A: installed; explicit Global bind is commented out; additionally Grid receives A-context entry (handler support separately gated)","Fixed text/control routes and modal/IME handling still apply","Requires operation-specific active Document, selection, format, resource and protection checks; not inferred from registry or default context","https://github.com/altqx/hikari/blob/20d647c4c769ab7f5d383cf3c1c33f03876a94e9/HikariSub/Hotkeys.h#L262","No direct symbol consumer found; retain unresolved handler availability"
"GLOBAL_SORT_SELECTED_BY_STYLE","5208","Sort selected lines by styles","https://github.com/altqx/hikari/blob/20d647c4c769ab7f5d383cf3c1c33f03876a94e9/HikariSub/HotkeysNaming.cpp#L195","Application command routing","Application command routing — retain operation: Sort selected lines by styles","retain-operation-proposed","No explicit default binding","None in LoadDefault","Keep source G/S/E/V/A independently of numeric family; no blanket eligibility or new precedence approved","R-G: accelerator installed; command handler availability separate","R-S: installed; inherited/global command handling not established here","R-E: installed; inherited/global command handling not established here","R-V: installed; inherited/global command handling not established here","R-A: installed; explicit Global bind is commented out; additionally Grid receives A-context entry (handler support separately gated)","Fixed text/control routes and modal/IME handling still apply","Requires operation-specific active Document, selection, format, resource and protection checks; not inferred from registry or default context","https://github.com/altqx/hikari/blob/20d647c4c769ab7f5d383cf3c1c33f03876a94e9/HikariSub/Hotkeys.h#L263","No direct symbol consumer found; retain unresolved handler availability"
"GLOBAL_SORT_SELECTED_BY_ACTOR","5209","Sort selected lines by actor","https://github.com/altqx/hikari/blob/20d647c4c769ab7f5d383cf3c1c33f03876a94e9/HikariSub/HotkeysNaming.cpp#L196","Application command routing","Application command routing — retain operation: Sort selected lines by actor","retain-operation-proposed","No explicit default binding","None in LoadDefault","Keep source G/S/E/V/A independently of numeric family; no blanket eligibility or new precedence approved","R-G: accelerator installed; command handler availability separate","R-S: installed; inherited/global command handling not established here","R-E: installed; inherited/global command handling not established here","R-V: installed; inherited/global command handling not established here","R-A: installed; explicit Global bind is commented out; additionally Grid receives A-context entry (handler support separately gated)","Fixed text/control routes and modal/IME handling still apply","Requires operation-specific active Document, selection, format, resource and protection checks; not inferred from registry or default context","https://github.com/altqx/hikari/blob/20d647c4c769ab7f5d383cf3c1c33f03876a94e9/HikariSub/Hotkeys.h#L264","No direct symbol consumer found; retain unresolved handler availability"
"GLOBAL_SORT_SELECTED_BY_EFFECT","5210","Sort selected lines by effect","https://github.com/altqx/hikari/blob/20d647c4c769ab7f5d383cf3c1c33f03876a94e9/HikariSub/HotkeysNaming.cpp#L197","Application command routing","Application command routing — retain operation: Sort selected lines by effect","retain-operation-proposed","No explicit default binding","None in LoadDefault","Keep source G/S/E/V/A independently of numeric family; no blanket eligibility or new precedence approved","R-G: accelerator installed; command handler availability separate","R-S: installed; inherited/global command handling not established here","R-E: installed; inherited/global command handling not established here","R-V: installed; inherited/global command handling not established here","R-A: installed; explicit Global bind is commented out; additionally Grid receives A-context entry (handler support separately gated)","Fixed text/control routes and modal/IME handling still apply","Requires operation-specific active Document, selection, format, resource and protection checks; not inferred from registry or default context","https://github.com/altqx/hikari/blob/20d647c4c769ab7f5d383cf3c1c33f03876a94e9/HikariSub/Hotkeys.h#L265","No direct symbol consumer found; retain unresolved handler availability"
"GLOBAL_SORT_SELECTED_BY_LAYER","5211","Sort selected lines by layer","https://github.com/altqx/hikari/blob/20d647c4c769ab7f5d383cf3c1c33f03876a94e9/HikariSub/HotkeysNaming.cpp#L198","Application command routing","Application command routing — retain operation: Sort selected lines by layer","retain-operation-proposed","No explicit default binding","None in LoadDefault","Keep source G/S/E/V/A independently of numeric family; no blanket eligibility or new precedence approved","R-G: accelerator installed; command handler availability separate","R-S: installed; inherited/global command handling not established here","R-E: installed; inherited/global command handling not established here","R-V: installed; inherited/global command handling not established here","R-A: installed; explicit Global bind is commented out; additionally Grid receives A-context entry (handler support separately gated)","Fixed text/control routes and modal/IME handling still apply","Requires operation-specific active Document, selection, format, resource and protection checks; not inferred from registry or default context","https://github.com/altqx/hikari/blob/20d647c4c769ab7f5d383cf3c1c33f03876a94e9/HikariSub/Hotkeys.h#L266","https://github.com/altqx/hikari/blob/20d647c4c769ab7f5d383cf3c1c33f03876a94e9/HikariSub/HikariSubFrame.cpp#L387"
"GLOBAL_SHIFT_TIMES","5300","Shift times / run time post processor","https://github.com/altqx/hikari/blob/20d647c4c769ab7f5d383cf3c1c33f03876a94e9/HikariSub/HotkeysNaming.cpp#L199","Timing tools","Timing tools — retain operation: Shift times / run time post processor","retain-operation-proposed","No explicit default binding","None in LoadDefault","Keep source G/S/E/V/A independently of numeric family; no blanket eligibility or new precedence approved","R-G: accelerator installed; command handler availability separate","R-S: installed; inherited/global command handling not established here","R-E: installed; inherited/global command handling not established here","R-V: installed; inherited/global command handling not established here","R-A: installed; explicit Global bind is commented out; additionally Grid receives A-context entry (handler support separately gated)","Fixed text/control routes and modal/IME handling still apply","Requires operation-specific active Document, selection, format, resource and protection checks; not inferred from registry or default context","https://github.com/altqx/hikari/blob/20d647c4c769ab7f5d383cf3c1c33f03876a94e9/HikariSub/Hotkeys.h#L267","https://github.com/altqx/hikari/blob/20d647c4c769ab7f5d383cf3c1c33f03876a94e9/HikariSub/HikariSubFrame.cpp#L388 ; https://github.com/altqx/hikari/blob/20d647c4c769ab7f5d383cf3c1c33f03876a94e9/HikariSub/ShiftTimes.cpp#L119"
"GLOBAL_ADD_PAGE","5301","Open new tab","https://github.com/altqx/hikari/blob/20d647c4c769ab7f5d383cf3c1c33f03876a94e9/HikariSub/HotkeysNaming.cpp#L213","Document/resource lifecycle","Document/resource lifecycle — retain operation: Open new tab","retain-operation-proposed","GLOBAL_HOTKEY:Ctrl-T","https://github.com/altqx/hikari/blob/20d647c4c769ab7f5d383cf3c1c33f03876a94e9/HikariSub/Hotkeys.cpp#L136","Keep source G/S/E/V/A independently of numeric family; no blanket eligibility or new precedence approved","R-G: accelerator installed; command handler availability separate","R-S: installed; inherited/global command handling not established here","R-E: installed; inherited/global command handling not established here","R-V: installed; inherited/global command handling not established here","R-A: installed; explicit Global bind is commented out; additionally Grid receives A-context entry (handler support separately gated)","Fixed text/control routes and modal/IME handling still apply","Requires operation-specific active Document, selection, format, resource and protection checks; not inferred from registry or default context","https://github.com/altqx/hikari/blob/20d647c4c769ab7f5d383cf3c1c33f03876a94e9/HikariSub/Hotkeys.h#L268","https://github.com/altqx/hikari/blob/20d647c4c769ab7f5d383cf3c1c33f03876a94e9/HikariSub/HikariSubFrame.cpp#L381"
"GLOBAL_CLOSE_PAGE","5302","Close current tab","https://github.com/altqx/hikari/blob/20d647c4c769ab7f5d383cf3c1c33f03876a94e9/HikariSub/HotkeysNaming.cpp#L214","Document/resource lifecycle","Document/resource lifecycle — retain operation: Close current tab","retain-operation-proposed","GLOBAL_HOTKEY:Ctrl-W","https://github.com/altqx/hikari/blob/20d647c4c769ab7f5d383cf3c1c33f03876a94e9/HikariSub/Hotkeys.cpp#L137","Keep source G/S/E/V/A independently of numeric family; no blanket eligibility or new precedence approved","R-G: accelerator installed; command handler availability separate","R-S: installed; inherited/global command handling not established here","R-E: installed; inherited/global command handling not established here","R-V: installed; inherited/global command handling not established here","R-A: installed; explicit Global bind is commented out; additionally Grid receives A-context entry (handler support separately gated)","Fixed text/control routes and modal/IME handling still apply","Requires operation-specific active Document, selection, format, resource and protection checks; not inferred from registry or default context","https://github.com/altqx/hikari/blob/20d647c4c769ab7f5d383cf3c1c33f03876a94e9/HikariSub/Hotkeys.h#L269","https://github.com/altqx/hikari/blob/20d647c4c769ab7f5d383cf3c1c33f03876a94e9/HikariSub/HikariSubFrame.cpp#L382"
