family,source_alias,target_symbol,target_exists,legacy_delimiter_expression,disposition,rule,source
"Config","AudioAutoCommit","AUDIO_AUTO_COMMIT","true","emptyString","resolve-to-worksheet-row","Retain raw value and use exact legacy delimiter expression; do not call destructive converter","https://github.com/altqx/hikari/blob/20d647c4c769ab7f5d383cf3c1c33f03876a94e9/HikariSub/ConfigConverter.cpp#L23"
"Config","AudioAutoFocus","AUDIO_AUTO_FOCUS","true","emptyString","resolve-to-worksheet-row","Retain raw value and use exact legacy delimiter expression; do not call destructive converter","https://github.com/altqx/hikari/blob/20d647c4c769ab7f5d383cf3c1c33f03876a94e9/HikariSub/ConfigConverter.cpp#L24"
"Config","AudioAutoScroll","AUDIO_AUTO_SCROLL","true","emptyString","resolve-to-worksheet-row","Retain raw value and use exact legacy delimiter expression; do not call destructive converter","https://github.com/altqx/hikari/blob/20d647c4c769ab7f5d383cf3c1c33f03876a94e9/HikariSub/ConfigConverter.cpp#L25"
"Config","AudioBoxHeight","AUDIO_BOX_HEIGHT","true","emptyString","resolve-to-worksheet-row","Retain raw value and use exact legacy delimiter expression; do not call destructive converter","https://github.com/altqx/hikari/blob/20d647c4c769ab7f5d383cf3c1c33f03876a94e9/HikariSub/ConfigConverter.cpp#L26"
"Config","AudioDelay","AUDIO_DELAY","true","emptyString","resolve-to-worksheet-row","Retain raw value and use exact legacy delimiter expression; do not call destructive converter","https://github.com/altqx/hikari/blob/20d647c4c769ab7f5d383cf3c1c33f03876a94e9/HikariSub/ConfigConverter.cpp#L27"
"Config","AudioDrawKeyframes","AUDIO_DRAW_KEYFRAMES","true","emptyString","resolve-to-worksheet-row","Retain raw value and use exact legacy delimiter expression; do not call destructive converter","https://github.com/altqx/hikari/blob/20d647c4c769ab7f5d383cf3c1c33f03876a94e9/HikariSub/ConfigConverter.cpp#L28"
"Config","AudioDrawSecondaryLines","AUDIO_DRAW_SECONDARY_LINES","true","emptyString","resolve-to-worksheet-row","Retain raw value and use exact legacy delimiter expression; do not call destructive converter","https://github.com/altqx/hikari/blob/20d647c4c769ab7f5d383cf3c1c33f03876a94e9/HikariSub/ConfigConverter.cpp#L29"
"Config","AudioDrawSelectionBackground","AUDIO_DRAW_SELECTION_BACKGROUND","true","emptyString","resolve-to-worksheet-row","Retain raw value and use exact legacy delimiter expression; do not call destructive converter","https://github.com/altqx/hikari/blob/20d647c4c769ab7f5d383cf3c1c33f03876a94e9/HikariSub/ConfigConverter.cpp#L30"
"Config","AudioDrawTimeCursor","AUDIO_DRAW_TIME_CURSOR","true","emptyString","resolve-to-worksheet-row","Retain raw value and use exact legacy delimiter expression; do not call destructive converter","https://github.com/altqx/hikari/blob/20d647c4c769ab7f5d383cf3c1c33f03876a94e9/HikariSub/ConfigConverter.cpp#L31"
"Config","AudioDrawVideoPosition","AUDIO_DRAW_VIDEO_POSITION","true","emptyString","resolve-to-worksheet-row","Retain raw value and use exact legacy delimiter expression; do not call destructive converter","https://github.com/altqx/hikari/blob/20d647c4c769ab7f5d383cf3c1c33f03876a94e9/HikariSub/ConfigConverter.cpp#L32"
"Config","AudioGrabTimesOnSelect","AUDIO_GRAB_TIMES_ON_SELECT","true","emptyString","resolve-to-worksheet-row","Retain raw value and use exact legacy delimiter expression; do not call destructive converter","https://github.com/altqx/hikari/blob/20d647c4c769ab7f5d383cf3c1c33f03876a94e9/HikariSub/ConfigConverter.cpp#L33"
"Config","AudioHorizontalZoom","AUDIO_HORIZONTAL_ZOOM","true","emptyString","resolve-to-worksheet-row","Retain raw value and use exact legacy delimiter expression; do not call destructive converter","https://github.com/altqx/hikari/blob/20d647c4c769ab7f5d383cf3c1c33f03876a94e9/HikariSub/ConfigConverter.cpp#L34"
"Config","AudioInactiveLinesDisplayMode","AUDIO_INACTIVE_LINES_DISPLAY_MODE","true","emptyString","resolve-to-worksheet-row","Retain raw value and use exact legacy delimiter expression; do not call destructive converter","https://github.com/altqx/hikari/blob/20d647c4c769ab7f5d383cf3c1c33f03876a94e9/HikariSub/ConfigConverter.cpp#L35"
"Config","AudioKaraoke","AUDIO_KARAOKE","true","emptyString","resolve-to-worksheet-row","Retain raw value and use exact legacy delimiter expression; do not call destructive converter","https://github.com/altqx/hikari/blob/20d647c4c769ab7f5d383cf3c1c33f03876a94e9/HikariSub/ConfigConverter.cpp#L36"
"Config","AudioKaraokeMoveOnClick","AUDIO_KARAOKE_MOVE_ON_CLICK","true","emptyString","resolve-to-worksheet-row","Retain raw value and use exact legacy delimiter expression; do not call destructive converter","https://github.com/altqx/hikari/blob/20d647c4c769ab7f5d383cf3c1c33f03876a94e9/HikariSub/ConfigConverter.cpp#L37"
"Config","AudioKaraokeSplitMode","AUDIO_KARAOKE_SPLIT_MODE","true","emptyString","resolve-to-worksheet-row","Retain raw value and use exact legacy delimiter expression; do not call destructive converter","https://github.com/altqx/hikari/blob/20d647c4c769ab7f5d383cf3c1c33f03876a94e9/HikariSub/ConfigConverter.cpp#L38"
"Config","AudioLeadIn","AUDIO_LEAD_IN_VALUE","true","emptyString","resolve-to-worksheet-row","Retain raw value and use exact legacy delimiter expression; do not call destructive converter","https://github.com/altqx/hikari/blob/20d647c4c769ab7f5d383cf3c1c33f03876a94e9/HikariSub/ConfigConverter.cpp#L39"
"Config","AudioLeadOut","AUDIO_LEAD_OUT_VALUE","true","emptyString","resolve-to-worksheet-row","Retain raw value and use exact legacy delimiter expression; do not call destructive converter","https://github.com/altqx/hikari/blob/20d647c4c769ab7f5d383cf3c1c33f03876a94e9/HikariSub/ConfigConverter.cpp#L40"
"Config","AudioLineBoundariesThickness","AUDIO_LINE_BOUNDARIES_THICKNESS","true","emptyString","resolve-to-worksheet-row","Retain raw value and use exact legacy delimiter expression; do not call destructive converter","https://github.com/altqx/hikari/blob/20d647c4c769ab7f5d383cf3c1c33f03876a94e9/HikariSub/ConfigConverter.cpp#L41"
"Config","AudioLink","AUDIO_LINK","true","emptyString","resolve-to-worksheet-row","Retain raw value and use exact legacy delimiter expression; do not call destructive converter","https://github.com/altqx/hikari/blob/20d647c4c769ab7f5d383cf3c1c33f03876a94e9/HikariSub/ConfigConverter.cpp#L42"
"Config","AudioLockScrollOnCursor","AUDIO_LOCK_SCROLL_ON_CURSOR","true","emptyString","resolve-to-worksheet-row","Retain raw value and use exact legacy delimiter expression; do not call destructive converter","https://github.com/altqx/hikari/blob/20d647c4c769ab7f5d383cf3c1c33f03876a94e9/HikariSub/ConfigConverter.cpp#L43"
"Config","AudioMarkPlayTime","AUDIO_MARK_PLAY_TIME","true","emptyString","resolve-to-worksheet-row","Retain raw value and use exact legacy delimiter expression; do not call destructive converter","https://github.com/altqx/hikari/blob/20d647c4c769ab7f5d383cf3c1c33f03876a94e9/HikariSub/ConfigConverter.cpp#L44"
"Config","AudioMergeEveryNWithSyllable","AUDIO_MERGE_EVERY_N_WITH_SYLLABLE","true","emptyString","resolve-to-worksheet-row","Retain raw value and use exact legacy delimiter expression; do not call destructive converter","https://github.com/altqx/hikari/blob/20d647c4c769ab7f5d383cf3c1c33f03876a94e9/HikariSub/ConfigConverter.cpp#L45"
"Config","AudioNextLineOnCommit","AUDIO_NEXT_LINE_ON_COMMIT","true","emptyString","resolve-to-worksheet-row","Retain raw value and use exact legacy delimiter expression; do not call destructive converter","https://github.com/altqx/hikari/blob/20d647c4c769ab7f5d383cf3c1c33f03876a94e9/HikariSub/ConfigConverter.cpp#L46"
"Config","AudioRAMCache","AUDIO_RAM_CACHE","true","emptyString","resolve-to-worksheet-row","Retain raw value and use exact legacy delimiter expression; do not call destructive converter","https://github.com/altqx/hikari/blob/20d647c4c769ab7f5d383cf3c1c33f03876a94e9/HikariSub/ConfigConverter.cpp#L47"
"Config","AudioSnapToKeyframes","AUDIO_SNAP_TO_KEYFRAMES","true","emptyString","resolve-to-worksheet-row","Retain raw value and use exact legacy delimiter expression; do not call destructive converter","https://github.com/altqx/hikari/blob/20d647c4c769ab7f5d383cf3c1c33f03876a94e9/HikariSub/ConfigConverter.cpp#L48"
"Config","AudioSnapToOtherLines","AUDIO_SNAP_TO_OTHER_LINES","true","emptyString","resolve-to-worksheet-row","Retain raw value and use exact legacy delimiter expression; do not call destructive converter","https://github.com/altqx/hikari/blob/20d647c4c769ab7f5d383cf3c1c33f03876a94e9/HikariSub/ConfigConverter.cpp#L49"
"Config","AudioSpectrumOn","AUDIO_SPECTRUM_ON","true","emptyString","resolve-to-worksheet-row","Retain raw value and use exact legacy delimiter expression; do not call destructive converter","https://github.com/altqx/hikari/blob/20d647c4c769ab7f5d383cf3c1c33f03876a94e9/HikariSub/ConfigConverter.cpp#L50"
"Config","AudioSpectrumNonLinearOn","AUDIO_SPECTRUM_NON_LINEAR_ON","true","emptyString","resolve-to-worksheet-row","Retain raw value and use exact legacy delimiter expression; do not call destructive converter","https://github.com/altqx/hikari/blob/20d647c4c769ab7f5d383cf3c1c33f03876a94e9/HikariSub/ConfigConverter.cpp#L51"
"Config","AudioStartDragSensitivity","AUDIO_START_DRAG_SENSITIVITY","true","emptyString","resolve-to-worksheet-row","Retain raw value and use exact legacy delimiter expression; do not call destructive converter","https://github.com/altqx/hikari/blob/20d647c4c769ab7f5d383cf3c1c33f03876a94e9/HikariSub/ConfigConverter.cpp#L52"
"Config","AudioVerticalZoom","AUDIO_VERTICAL_ZOOM","true","emptyString","resolve-to-worksheet-row","Retain raw value and use exact legacy delimiter expression; do not call destructive converter","https://github.com/altqx/hikari/blob/20d647c4c769ab7f5d383cf3c1c33f03876a94e9/HikariSub/ConfigConverter.cpp#L53"
"Config","AudioVolume","AUDIO_VOLUME","true","emptyString","resolve-to-worksheet-row","Retain raw value and use exact legacy delimiter expression; do not call destructive converter","https://github.com/altqx/hikari/blob/20d647c4c769ab7f5d383cf3c1c33f03876a94e9/HikariSub/ConfigConverter.cpp#L54"
"Config","AudioWheelDefaultToZoom","AUDIO_WHEEL_DEFAULT_TO_ZOOM","true","emptyString","resolve-to-worksheet-row","Retain raw value and use exact legacy delimiter expression; do not call destructive converter","https://github.com/altqx/hikari/blob/20d647c4c769ab7f5d383cf3c1c33f03876a94e9/HikariSub/ConfigConverter.cpp#L55"
"Config","AcceptedAudioStream","ACCEPTED_AUDIO_STREAM","true","emptyString","resolve-to-worksheet-row","Retain raw value and use exact legacy delimiter expression; do not call destructive converter","https://github.com/altqx/hikari/blob/20d647c4c769ab7f5d383cf3c1c33f03876a94e9/HikariSub/ConfigConverter.cpp#L56"
"Config","ASSPropertiesTitle","ASS_PROPERTIES_TITLE","true","emptyString","resolve-to-worksheet-row","Retain raw value and use exact legacy delimiter expression; do not call destructive converter","https://github.com/altqx/hikari/blob/20d647c4c769ab7f5d383cf3c1c33f03876a94e9/HikariSub/ConfigConverter.cpp#L57"
"Config","ASSPropertiesScript","ASS_PROPERTIES_SCRIPT","true","emptyString","resolve-to-worksheet-row","Retain raw value and use exact legacy delimiter expression; do not call destructive converter","https://github.com/altqx/hikari/blob/20d647c4c769ab7f5d383cf3c1c33f03876a94e9/HikariSub/ConfigConverter.cpp#L58"
"Config","ASSPropertiesTranslation","ASS_PROPERTIES_TRANSLATION","true","emptyString","resolve-to-worksheet-row","Retain raw value and use exact legacy delimiter expression; do not call destructive converter","https://github.com/altqx/hikari/blob/20d647c4c769ab7f5d383cf3c1c33f03876a94e9/HikariSub/ConfigConverter.cpp#L59"
"Config","ASSPropertiesEditing","ASS_PROPERTIES_EDITING","true","emptyString","resolve-to-worksheet-row","Retain raw value and use exact legacy delimiter expression; do not call destructive converter","https://github.com/altqx/hikari/blob/20d647c4c769ab7f5d383cf3c1c33f03876a94e9/HikariSub/ConfigConverter.cpp#L60"
"Config","ASSPropertiesTiming","ASS_PROPERTIES_TIMING","true","emptyString","resolve-to-worksheet-row","Retain raw value and use exact legacy delimiter expression; do not call destructive converter","https://github.com/altqx/hikari/blob/20d647c4c769ab7f5d383cf3c1c33f03876a94e9/HikariSub/ConfigConverter.cpp#L61"
"Config","ASSPropertiesUpdate","ASS_PROPERTIES_UPDATE","true","emptyString","resolve-to-worksheet-row","Retain raw value and use exact legacy delimiter expression; do not call destructive converter","https://github.com/altqx/hikari/blob/20d647c4c769ab7f5d383cf3c1c33f03876a94e9/HikariSub/ConfigConverter.cpp#L62"
"Config","ASSPropertiesTitleOn","ASS_PROPERTIES_TITLE_ON","true","emptyString","resolve-to-worksheet-row","Retain raw value and use exact legacy delimiter expression; do not call destructive converter","https://github.com/altqx/hikari/blob/20d647c4c769ab7f5d383cf3c1c33f03876a94e9/HikariSub/ConfigConverter.cpp#L63"
"Config","ASSPropertiesScriptOn","ASS_PROPERTIES_SCRIPT_ON","true","emptyString","resolve-to-worksheet-row","Retain raw value and use exact legacy delimiter expression; do not call destructive converter","https://github.com/altqx/hikari/blob/20d647c4c769ab7f5d383cf3c1c33f03876a94e9/HikariSub/ConfigConverter.cpp#L64"
"Config","ASSPropertiesTranslationOn","ASS_PROPERTIES_TRANSLATION_ON","true","emptyString","resolve-to-worksheet-row","Retain raw value and use exact legacy delimiter expression; do not call destructive converter","https://github.com/altqx/hikari/blob/20d647c4c769ab7f5d383cf3c1c33f03876a94e9/HikariSub/ConfigConverter.cpp#L65"
"Config","ASSPropertiesEditingOn","ASS_PROPERTIES_EDITING_ON","true","emptyString","resolve-to-worksheet-row","Retain raw value and use exact legacy delimiter expression; do not call destructive converter","https://github.com/altqx/hikari/blob/20d647c4c769ab7f5d383cf3c1c33f03876a94e9/HikariSub/ConfigConverter.cpp#L66"
"Config","ASSPropertiesTimingOn","ASS_PROPERTIES_TIMING_ON","true","emptyString","resolve-to-worksheet-row","Retain raw value and use exact legacy delimiter expression; do not call destructive converter","https://github.com/altqx/hikari/blob/20d647c4c769ab7f5d383cf3c1c33f03876a94e9/HikariSub/ConfigConverter.cpp#L67"
"Config","ASSPropertiesUpdateOn","ASS_PROPERTIES_UPDATE_ON","true","emptyString","resolve-to-worksheet-row","Retain raw value and use exact legacy delimiter expression; do not call destructive converter","https://github.com/altqx/hikari/blob/20d647c4c769ab7f5d383cf3c1c33f03876a94e9/HikariSub/ConfigConverter.cpp#L68"
"Config","ASSPropertiesAskForChange","ASS_PROPERTIES_ASK_FOR_CHANGE","true","emptyString","resolve-to-worksheet-row","Retain raw value and use exact legacy delimiter expression; do not call destructive converter","https://github.com/altqx/hikari/blob/20d647c4c769ab7f5d383cf3c1c33f03876a94e9/HikariSub/ConfigConverter.cpp#L69"
"Config","AudioRecent","AUDIO_RECENT_FILES","true","L""|""","resolve-to-worksheet-row","Retain raw value and use exact legacy delimiter expression; do not call destructive converter","https://github.com/altqx/hikari/blob/20d647c4c769ab7f5d383cf3c1c33f03876a94e9/HikariSub/ConfigConverter.cpp#L70"
"Config","AutomationLoadingMethod","AUTOMATION_LOADING_METHOD","true","emptyString","resolve-to-worksheet-row","Retain raw value and use exact legacy delimiter expression; do not call destructive converter","https://github.com/altqx/hikari/blob/20d647c4c769ab7f5d383cf3c1c33f03876a94e9/HikariSub/ConfigConverter.cpp#L71"
"Config","AutomationOldScriptsCompatybility","AUTOMATION_OLD_SCRIPTS_COMPATIBILITY","true","emptyString","resolve-to-worksheet-row","Retain raw value and use exact legacy delimiter expression; do not call destructive converter","https://github.com/altqx/hikari/blob/20d647c4c769ab7f5d383cf3c1c33f03876a94e9/HikariSub/ConfigConverter.cpp#L72"
"Config","AutomationRecent","AUTOMATION_RECENT_FILES","true","emptyString","resolve-to-worksheet-row","Retain raw value and use exact legacy delimiter expression; do not call destructive converter","https://github.com/altqx/hikari/blob/20d647c4c769ab7f5d383cf3c1c33f03876a94e9/HikariSub/ConfigConverter.cpp#L73"
"Config","AutomationScriptEditor","AUTOMATION_SCRIPT_EDITOR","true","emptyString","resolve-to-worksheet-row","Retain raw value and use exact legacy delimiter expression; do not call destructive converter","https://github.com/altqx/hikari/blob/20d647c4c769ab7f5d383cf3c1c33f03876a94e9/HikariSub/ConfigConverter.cpp#L74"
"Config","AutomationTraceLevel","AUTOMATION_TRACE_LEVEL","true","emptyString","resolve-to-worksheet-row","Retain raw value and use exact legacy delimiter expression; do not call destructive converter","https://github.com/altqx/hikari/blob/20d647c4c769ab7f5d383cf3c1c33f03876a94e9/HikariSub/ConfigConverter.cpp#L75"
"Config","AutoMoveTagsFromOriginal","AUTO_MOVE_TAGS_FROM_ORIGINAL","true","emptyString","resolve-to-worksheet-row","Retain raw value and use exact legacy delimiter expression; do not call destructive converter","https://github.com/altqx/hikari/blob/20d647c4c769ab7f5d383cf3c1c33f03876a94e9/HikariSub/ConfigConverter.cpp#L76"
"Config","AutoSaveMaxFiles","AUTOSAVE_MAX_FILES","true","emptyString","resolve-to-worksheet-row","Retain raw value and use exact legacy delimiter expression; do not call destructive converter","https://github.com/altqx/hikari/blob/20d647c4c769ab7f5d383cf3c1c33f03876a94e9/HikariSub/ConfigConverter.cpp#L77"
"Config","AutoSelectLinesFromLastTab","AUTO_SELECT_LINES_FROM_LAST_TAB","true","emptyString","resolve-to-worksheet-row","Retain raw value and use exact legacy delimiter expression; do not call destructive converter","https://github.com/altqx/hikari/blob/20d647c4c769ab7f5d383cf3c1c33f03876a94e9/HikariSub/ConfigConverter.cpp#L78"
"Config","ColorpickerRecent","COLORPICKER_RECENT_COLORS","true","emptyString","resolve-to-worksheet-row","Retain raw value and use exact legacy delimiter expression; do not call destructive converter","https://github.com/altqx/hikari/blob/20d647c4c769ab7f5d383cf3c1c33f03876a94e9/HikariSub/ConfigConverter.cpp#L79"
"Config","ConvertASSTagsOnLineStart","CONVERT_ASS_TAGS_TO_INSERT_IN_LINE","true","emptyString","resolve-to-worksheet-row","Retain raw value and use exact legacy delimiter expression; do not call destructive converter","https://github.com/altqx/hikari/blob/20d647c4c769ab7f5d383cf3c1c33f03876a94e9/HikariSub/ConfigConverter.cpp#L80"
"Config","ConvertFPS","CONVERT_FPS","true","emptyString","resolve-to-worksheet-row","Retain raw value and use exact legacy delimiter expression; do not call destructive converter","https://github.com/altqx/hikari/blob/20d647c4c769ab7f5d383cf3c1c33f03876a94e9/HikariSub/ConfigConverter.cpp#L81"
"Config","ConvertFPSFromVideo","CONVERT_FPS_FROM_VIDEO","true","emptyString","resolve-to-worksheet-row","Retain raw value and use exact legacy delimiter expression; do not call destructive converter","https://github.com/altqx/hikari/blob/20d647c4c769ab7f5d383cf3c1c33f03876a94e9/HikariSub/ConfigConverter.cpp#L82"
"Config","ConvertNewEndTimes","CONVERT_NEW_END_TIMES","true","emptyString","resolve-to-worksheet-row","Retain raw value and use exact legacy delimiter expression; do not call destructive converter","https://github.com/altqx/hikari/blob/20d647c4c769ab7f5d383cf3c1c33f03876a94e9/HikariSub/ConfigConverter.cpp#L83"
"Config","ConvertResolutionWidth","CONVERT_RESOLUTION_WIDTH","true","emptyString","resolve-to-worksheet-row","Retain raw value and use exact legacy delimiter expression; do not call destructive converter","https://github.com/altqx/hikari/blob/20d647c4c769ab7f5d383cf3c1c33f03876a94e9/HikariSub/ConfigConverter.cpp#L84"
"Config","ConvertResolutionHeight","CONVERT_RESOLUTION_HEIGHT","true","emptyString","resolve-to-worksheet-row","Retain raw value and use exact legacy delimiter expression; do not call destructive converter","https://github.com/altqx/hikari/blob/20d647c4c769ab7f5d383cf3c1c33f03876a94e9/HikariSub/ConfigConverter.cpp#L85"
"Config","ConvertShowSettings","CONVERT_SHOW_SETTINGS","true","emptyString","resolve-to-worksheet-row","Retain raw value and use exact legacy delimiter expression; do not call destructive converter","https://github.com/altqx/hikari/blob/20d647c4c769ab7f5d383cf3c1c33f03876a94e9/HikariSub/ConfigConverter.cpp#L86"
"Config","ConvertStyle","CONVERT_STYLE","true","emptyString","resolve-to-worksheet-row","Retain raw value and use exact legacy delimiter expression; do not call destructive converter","https://github.com/altqx/hikari/blob/20d647c4c769ab7f5d383cf3c1c33f03876a94e9/HikariSub/ConfigConverter.cpp#L87"
"Config","ConvertStyleCatalog","CONVERT_STYLE_CATALOG","true","emptyString","resolve-to-worksheet-row","Retain raw value and use exact legacy delimiter expression; do not call destructive converter","https://github.com/altqx/hikari/blob/20d647c4c769ab7f5d383cf3c1c33f03876a94e9/HikariSub/ConfigConverter.cpp#L88"
"Config","ConvertTimePerLetter","CONVERT_TIME_PER_CHARACTER","true","emptyString","resolve-to-worksheet-row","Retain raw value and use exact legacy delimiter expression; do not call destructive converter","https://github.com/altqx/hikari/blob/20d647c4c769ab7f5d383cf3c1c33f03876a94e9/HikariSub/ConfigConverter.cpp#L89"
"Config","CopyCollumnsSelection","COPY_COLLUMS_SELECTIONS","true","emptyString","resolve-to-worksheet-row","Retain raw value and use exact legacy delimiter expression; do not call destructive converter","https://github.com/altqx/hikari/blob/20d647c4c769ab7f5d383cf3c1c33f03876a94e9/HikariSub/ConfigConverter.cpp#L90"
"Config","DictionaryLanguage","DICTIONARY_LANGUAGE","true","emptyString","resolve-to-worksheet-row","Retain raw value and use exact legacy delimiter expression; do not call destructive converter","https://github.com/altqx/hikari/blob/20d647c4c769ab7f5d383cf3c1c33f03876a94e9/HikariSub/ConfigConverter.cpp#L91"
"Config","DisableLiveVideoEditing","DISABLE_LIVE_VIDEO_EDITING","true","emptyString","resolve-to-worksheet-row","Retain raw value and use exact legacy delimiter expression; do not call destructive converter","https://github.com/altqx/hikari/blob/20d647c4c769ab7f5d383cf3c1c33f03876a94e9/HikariSub/ConfigConverter.cpp#L92"
"Config","DontAskForBadResolution","DONT_ASK_FOR_BAD_RESOLUTION","true","emptyString","resolve-to-worksheet-row","Retain raw value and use exact legacy delimiter expression; do not call destructive converter","https://github.com/altqx/hikari/blob/20d647c4c769ab7f5d383cf3c1c33f03876a94e9/HikariSub/ConfigConverter.cpp#L93"
"Config","EditboxSugestionsOnDoubleClick","EDITBOX_SUGGESTIONS_ON_DOUBLE_CLICK","true","emptyString","resolve-to-worksheet-row","Retain raw value and use exact legacy delimiter expression; do not call destructive converter","https://github.com/altqx/hikari/blob/20d647c4c769ab7f5d383cf3c1c33f03876a94e9/HikariSub/ConfigConverter.cpp#L94"
"Config","EditorOn","EDITOR_ON","true","emptyString","resolve-to-worksheet-row","Retain raw value and use exact legacy delimiter expression; do not call destructive converter","https://github.com/altqx/hikari/blob/20d647c4c769ab7f5d383cf3c1c33f03876a94e9/HikariSub/ConfigConverter.cpp#L95"
"Config","FIND_IN_SUBS_FILTERS_RECENT","FIND_IN_SUBS_FILTERS_RECENT","true","L""\f""","resolve-to-worksheet-row","Retain raw value and use exact legacy delimiter expression; do not call destructive converter","https://github.com/altqx/hikari/blob/20d647c4c769ab7f5d383cf3c1c33f03876a94e9/HikariSub/ConfigConverter.cpp#L96"
"Config","FIND_IN_SUBS_PATHS_RECENT","FIND_IN_SUBS_PATHS_RECENT","true","L""\f""","resolve-to-worksheet-row","Retain raw value and use exact legacy delimiter expression; do not call destructive converter","https://github.com/altqx/hikari/blob/20d647c4c769ab7f5d383cf3c1c33f03876a94e9/HikariSub/ConfigConverter.cpp#L97"
"Config","FindRecent","FIND_RECENT_FINDS","true","L""\f""","resolve-to-worksheet-row","Retain raw value and use exact legacy delimiter expression; do not call destructive converter","https://github.com/altqx/hikari/blob/20d647c4c769ab7f5d383cf3c1c33f03876a94e9/HikariSub/ConfigConverter.cpp#L98"
"Config","FindReplaceOptions","FIND_REPLACE_OPTIONS","true","emptyString","resolve-to-worksheet-row","Retain raw value and use exact legacy delimiter expression; do not call destructive converter","https://github.com/altqx/hikari/blob/20d647c4c769ab7f5d383cf3c1c33f03876a94e9/HikariSub/ConfigConverter.cpp#L99"
"Config","FontCollectorAction","FONT_COLLECTOR_ACTION","true","emptyString","resolve-to-worksheet-row","Retain raw value and use exact legacy delimiter expression; do not call destructive converter","https://github.com/altqx/hikari/blob/20d647c4c769ab7f5d383cf3c1c33f03876a94e9/HikariSub/ConfigConverter.cpp#L100"
"Config","FontCollectorDirectory","FONT_COLLECTOR_DIRECTORY","true","emptyString","resolve-to-worksheet-row","Retain raw value and use exact legacy delimiter expression; do not call destructive converter","https://github.com/altqx/hikari/blob/20d647c4c769ab7f5d383cf3c1c33f03876a94e9/HikariSub/ConfigConverter.cpp#L101"
"Config","FontCollectorFromMKV","FONT_COLLECTOR_FROM_MKV","true","emptyString","resolve-to-worksheet-row","Retain raw value and use exact legacy delimiter expression; do not call destructive converter","https://github.com/altqx/hikari/blob/20d647c4c769ab7f5d383cf3c1c33f03876a94e9/HikariSub/ConfigConverter.cpp#L102"
"Config","FontCollectorUseSubsDirectory","FONT_COLLECTOR_USE_SUBS_DIRECTORY","true","emptyString","resolve-to-worksheet-row","Retain raw value and use exact legacy delimiter expression; do not call destructive converter","https://github.com/altqx/hikari/blob/20d647c4c769ab7f5d383cf3c1c33f03876a94e9/HikariSub/ConfigConverter.cpp#L103"
"Config","FFMS2VideoSeeking","FFMS2_VIDEO_SEEKING","true","emptyString","resolve-to-worksheet-row","Retain raw value and use exact legacy delimiter expression; do not call destructive converter","https://github.com/altqx/hikari/blob/20d647c4c769ab7f5d383cf3c1c33f03876a94e9/HikariSub/ConfigConverter.cpp#L104"
"Config","GridChangeActiveOnSelection","GRID_CHANGE_ACTIVE_ON_SELECTION","true","emptyString","resolve-to-worksheet-row","Retain raw value and use exact legacy delimiter expression; do not call destructive converter","https://github.com/altqx/hikari/blob/20d647c4c769ab7f5d383cf3c1c33f03876a94e9/HikariSub/ConfigConverter.cpp#L105"
"Config","GridFontName","GRID_FONT","true","emptyString","resolve-to-worksheet-row","Retain raw value and use exact legacy delimiter expression; do not call destructive converter","https://github.com/altqx/hikari/blob/20d647c4c769ab7f5d383cf3c1c33f03876a94e9/HikariSub/ConfigConverter.cpp#L106"
"Config","GridFontSize","GRID_FONT_SIZE","true","emptyString","resolve-to-worksheet-row","Retain raw value and use exact legacy delimiter expression; do not call destructive converter","https://github.com/altqx/hikari/blob/20d647c4c769ab7f5d383cf3c1c33f03876a94e9/HikariSub/ConfigConverter.cpp#L107"
"Config","GridAddToFilter","GRID_ADD_TO_FILTER","true","emptyString","resolve-to-worksheet-row","Retain raw value and use exact legacy delimiter expression; do not call destructive converter","https://github.com/altqx/hikari/blob/20d647c4c769ab7f5d383cf3c1c33f03876a94e9/HikariSub/ConfigConverter.cpp#L108"
"Config","GridFilterAfterLoad","GRID_FILTER_AFTER_LOAD","true","emptyString","resolve-to-worksheet-row","Retain raw value and use exact legacy delimiter expression; do not call destructive converter","https://github.com/altqx/hikari/blob/20d647c4c769ab7f5d383cf3c1c33f03876a94e9/HikariSub/ConfigConverter.cpp#L109"
"Config","GridFilterBy","GRID_FILTER_BY","true","emptyString","resolve-to-worksheet-row","Retain raw value and use exact legacy delimiter expression; do not call destructive converter","https://github.com/altqx/hikari/blob/20d647c4c769ab7f5d383cf3c1c33f03876a94e9/HikariSub/ConfigConverter.cpp#L110"
"Config","GridFilterInverted","GRID_FILTER_INVERTED","true","emptyString","resolve-to-worksheet-row","Retain raw value and use exact legacy delimiter expression; do not call destructive converter","https://github.com/altqx/hikari/blob/20d647c4c769ab7f5d383cf3c1c33f03876a94e9/HikariSub/ConfigConverter.cpp#L111"
"Config","GridFilterStyles","GRID_FILTER_STYLES","true","L"",""","resolve-to-worksheet-row","Retain raw value and use exact legacy delimiter expression; do not call destructive converter","https://github.com/altqx/hikari/blob/20d647c4c769ab7f5d383cf3c1c33f03876a94e9/HikariSub/ConfigConverter.cpp#L112"
"Config","GridHideCollums","GRID_HIDE_COLUMNS","true","emptyString","resolve-to-worksheet-row","Retain raw value and use exact legacy delimiter expression; do not call destructive converter","https://github.com/altqx/hikari/blob/20d647c4c769ab7f5d383cf3c1c33f03876a94e9/HikariSub/ConfigConverter.cpp#L113"
"Config","GridHideTags","GRID_HIDE_TAGS","true","emptyString","resolve-to-worksheet-row","Retain raw value and use exact legacy delimiter expression; do not call destructive converter","https://github.com/altqx/hikari/blob/20d647c4c769ab7f5d383cf3c1c33f03876a94e9/HikariSub/ConfigConverter.cpp#L114"
"Config","GridIgnoreFiltering","GRID_IGNORE_FILTERING","true","emptyString","resolve-to-worksheet-row","Retain raw value and use exact legacy delimiter expression; do not call destructive converter","https://github.com/altqx/hikari/blob/20d647c4c769ab7f5d383cf3c1c33f03876a94e9/HikariSub/ConfigConverter.cpp#L115"
"Config","GridLoadSortedSubs","GRID_LOAD_SORTED_SUBS","true","emptyString","resolve-to-worksheet-row","Retain raw value and use exact legacy delimiter expression; do not call destructive converter","https://github.com/altqx/hikari/blob/20d647c4c769ab7f5d383cf3c1c33f03876a94e9/HikariSub/ConfigConverter.cpp#L116"
"Config","GridSaveAfterCharacterCount","GRID_SAVE_AFTER_CHARACTER_COUNT","true","emptyString","resolve-to-worksheet-row","Retain raw value and use exact legacy delimiter expression; do not call destructive converter","https://github.com/altqx/hikari/blob/20d647c4c769ab7f5d383cf3c1c33f03876a94e9/HikariSub/ConfigConverter.cpp#L117"
"Config","GridTagsSwapChar","GRID_TAGS_SWAP_CHARACTER","true","emptyString","resolve-to-worksheet-row","Retain raw value and use exact legacy delimiter expression; do not call destructive converter","https://github.com/altqx/hikari/blob/20d647c4c769ab7f5d383cf3c1c33f03876a94e9/HikariSub/ConfigConverter.cpp#L118"
"Config","InsertEndOffset","GRID_INSERT_END_OFFSET","true","emptyString","resolve-to-worksheet-row","Retain raw value and use exact legacy delimiter expression; do not call destructive converter","https://github.com/altqx/hikari/blob/20d647c4c769ab7f5d383cf3c1c33f03876a94e9/HikariSub/ConfigConverter.cpp#L119"
"Config","InsertStartOffset","GRID_INSERT_START_OFFSET","true","emptyString","resolve-to-worksheet-row","Retain raw value and use exact legacy delimiter expression; do not call destructive converter","https://github.com/altqx/hikari/blob/20d647c4c769ab7f5d383cf3c1c33f03876a94e9/HikariSub/ConfigConverter.cpp#L120"
"Config","KEYFRAMES_RECENT","KEYFRAMES_RECENT","true","L""|""","resolve-to-worksheet-row","Retain raw value and use exact legacy delimiter expression; do not call destructive converter","https://github.com/altqx/hikari/blob/20d647c4c769ab7f5d383cf3c1c33f03876a94e9/HikariSub/ConfigConverter.cpp#L121"
"Config","MoveTimesByTime","SHIFT_TIMES_BY_TIME","true","emptyString","resolve-to-worksheet-row","Retain raw value and use exact legacy delimiter expression; do not call destructive converter","https://github.com/altqx/hikari/blob/20d647c4c769ab7f5d383cf3c1c33f03876a94e9/HikariSub/ConfigConverter.cpp#L122"
"Config","MoveTimesLoadSetTabOptions","SHIFT_TIMES_CHANGE_VALUES_WITH_TAB","true","emptyString","resolve-to-worksheet-row","Retain raw value and use exact legacy delimiter expression; do not call destructive converter","https://github.com/altqx/hikari/blob/20d647c4c769ab7f5d383cf3c1c33f03876a94e9/HikariSub/ConfigConverter.cpp#L123"
"Config","MoveTimesCorrectEndTimes","SHIFT_TIMES_CORRECT_END_TIMES","true","emptyString","resolve-to-worksheet-row","Retain raw value and use exact legacy delimiter expression; do not call destructive converter","https://github.com/altqx/hikari/blob/20d647c4c769ab7f5d383cf3c1c33f03876a94e9/HikariSub/ConfigConverter.cpp#L124"
"Config","MoveTimesForward","SHIFT_TIMES_MOVE_FORWARD","true","emptyString","resolve-to-worksheet-row","Retain raw value and use exact legacy delimiter expression; do not call destructive converter","https://github.com/altqx/hikari/blob/20d647c4c769ab7f5d383cf3c1c33f03876a94e9/HikariSub/ConfigConverter.cpp#L125"
"Config","MoveTimesFrames","SHIFT_TIMES_DISPLAY_FRAMES","true","emptyString","resolve-to-worksheet-row","Retain raw value and use exact legacy delimiter expression; do not call destructive converter","https://github.com/altqx/hikari/blob/20d647c4c769ab7f5d383cf3c1c33f03876a94e9/HikariSub/ConfigConverter.cpp#L126"
"Config","MoveTimesOn","SHIFT_TIMES_ON","true","emptyString","resolve-to-worksheet-row","Retain raw value and use exact legacy delimiter expression; do not call destructive converter","https://github.com/altqx/hikari/blob/20d647c4c769ab7f5d383cf3c1c33f03876a94e9/HikariSub/ConfigConverter.cpp#L127"
"Config","MoveTimesOptions","SHIFT_TIMES_OPTIONS","true","emptyString","resolve-to-worksheet-row","Retain raw value and use exact legacy delimiter expression; do not call destructive converter","https://github.com/altqx/hikari/blob/20d647c4c769ab7f5d383cf3c1c33f03876a94e9/HikariSub/ConfigConverter.cpp#L128"
"Config","MoveTimesWhichLines","SHIFT_TIMES_WHICH_LINES","true","emptyString","resolve-to-worksheet-row","Retain raw value and use exact legacy delimiter expression; do not call destructive converter","https://github.com/altqx/hikari/blob/20d647c4c769ab7f5d383cf3c1c33f03876a94e9/HikariSub/ConfigConverter.cpp#L129"
"Config","MoveTimesWhichTimes","SHIFT_TIMES_WHICH_TIMES","true","emptyString","resolve-to-worksheet-row","Retain raw value and use exact legacy delimiter expression; do not call destructive converter","https://github.com/altqx/hikari/blob/20d647c4c769ab7f5d383cf3c1c33f03876a94e9/HikariSub/ConfigConverter.cpp#L130"
"Config","MoveTimesStyles","SHIFT_TIMES_STYLES","true","emptyString","resolve-to-worksheet-row","Retain raw value and use exact legacy delimiter expression; do not call destructive converter","https://github.com/altqx/hikari/blob/20d647c4c769ab7f5d383cf3c1c33f03876a94e9/HikariSub/ConfigConverter.cpp#L131"
"Config","MoveTimesTime","SHIFT_TIMES_TIME","true","emptyString","resolve-to-worksheet-row","Retain raw value and use exact legacy delimiter expression; do not call destructive converter","https://github.com/altqx/hikari/blob/20d647c4c769ab7f5d383cf3c1c33f03876a94e9/HikariSub/ConfigConverter.cpp#L132"
"Config","MoveVideoToActiveLine","MOVE_VIDEO_TO_ACTIVE_LINE","true","emptyString","resolve-to-worksheet-row","Retain raw value and use exact legacy delimiter expression; do not call destructive converter","https://github.com/altqx/hikari/blob/20d647c4c769ab7f5d383cf3c1c33f03876a94e9/HikariSub/ConfigConverter.cpp#L133"
"Config","NoNewLineAfterTimesEdition","EDITBOX_DONT_GO_TO_NEXT_LINE_ON_TIMES_EDIT","true","emptyString","resolve-to-worksheet-row","Retain raw value and use exact legacy delimiter expression; do not call destructive converter","https://github.com/altqx/hikari/blob/20d647c4c769ab7f5d383cf3c1c33f03876a94e9/HikariSub/ConfigConverter.cpp#L134"
"Config","OpenSubsInNewCard","OPEN_SUBS_IN_NEW_TAB","true","emptyString","resolve-to-worksheet-row","Retain raw value and use exact legacy delimiter expression; do not call destructive converter","https://github.com/altqx/hikari/blob/20d647c4c769ab7f5d383cf3c1c33f03876a94e9/HikariSub/ConfigConverter.cpp#L135"
"Config","OpenVideoAtActiveLine","OPEN_VIDEO_AT_ACTIVE_LINE","true","emptyString","resolve-to-worksheet-row","Retain raw value and use exact legacy delimiter expression; do not call destructive converter","https://github.com/altqx/hikari/blob/20d647c4c769ab7f5d383cf3c1c33f03876a94e9/HikariSub/ConfigConverter.cpp#L136"
"Config","PasteCollumnsSelection","PASTE_COLUMNS_SELECTION","true","emptyString","resolve-to-worksheet-row","Retain raw value and use exact legacy delimiter expression; do not call destructive converter","https://github.com/altqx/hikari/blob/20d647c4c769ab7f5d383cf3c1c33f03876a94e9/HikariSub/ConfigConverter.cpp#L137"
"Config","PlayAfterSelection","VIDEO_PLAY_AFTER_SELECTION","true","emptyString","resolve-to-worksheet-row","Retain raw value and use exact legacy delimiter expression; do not call destructive converter","https://github.com/altqx/hikari/blob/20d647c4c769ab7f5d383cf3c1c33f03876a94e9/HikariSub/ConfigConverter.cpp#L138"
"Config","PostprocessorEnabling","POSTPROCESSOR_ON","true","emptyString","resolve-to-worksheet-row","Retain raw value and use exact legacy delimiter expression; do not call destructive converter","https://github.com/altqx/hikari/blob/20d647c4c769ab7f5d383cf3c1c33f03876a94e9/HikariSub/ConfigConverter.cpp#L139"
"Config","PostprocessorKeyframeBeforeStart","POSTPROCESSOR_KEYFRAME_BEFORE_START","true","emptyString","resolve-to-worksheet-row","Retain raw value and use exact legacy delimiter expression; do not call destructive converter","https://github.com/altqx/hikari/blob/20d647c4c769ab7f5d383cf3c1c33f03876a94e9/HikariSub/ConfigConverter.cpp#L140"
"Config","PostprocessorKeyframeAfterStart","POSTPROCESSOR_KEYFRAME_AFTER_START","true","emptyString","resolve-to-worksheet-row","Retain raw value and use exact legacy delimiter expression; do not call destructive converter","https://github.com/altqx/hikari/blob/20d647c4c769ab7f5d383cf3c1c33f03876a94e9/HikariSub/ConfigConverter.cpp#L141"
"Config","PostprocessorKeyframeBeforeEnd","POSTPROCESSOR_KEYFRAME_BEFORE_END","true","emptyString","resolve-to-worksheet-row","Retain raw value and use exact legacy delimiter expression; do not call destructive converter","https://github.com/altqx/hikari/blob/20d647c4c769ab7f5d383cf3c1c33f03876a94e9/HikariSub/ConfigConverter.cpp#L142"
"Config","PostprocessorKeyframeAfterEnd","POSTPROCESSOR_KEYFRAME_AFTER_END","true","emptyString","resolve-to-worksheet-row","Retain raw value and use exact legacy delimiter expression; do not call destructive converter","https://github.com/altqx/hikari/blob/20d647c4c769ab7f5d383cf3c1c33f03876a94e9/HikariSub/ConfigConverter.cpp#L143"
"Config","PostprocessorLeadIn","POSTPROCESSOR_LEAD_IN","true","emptyString","resolve-to-worksheet-row","Retain raw value and use exact legacy delimiter expression; do not call destructive converter","https://github.com/altqx/hikari/blob/20d647c4c769ab7f5d383cf3c1c33f03876a94e9/HikariSub/ConfigConverter.cpp#L144"
"Config","PostprocessorLeadOut","POSTPROCESSOR_LEAD_OUT","true","emptyString","resolve-to-worksheet-row","Retain raw value and use exact legacy delimiter expression; do not call destructive converter","https://github.com/altqx/hikari/blob/20d647c4c769ab7f5d383cf3c1c33f03876a94e9/HikariSub/ConfigConverter.cpp#L145"
"Config","PostprocessorThresholdStart","POSTPROCESSOR_THRESHOLD_START","true","emptyString","resolve-to-worksheet-row","Retain raw value and use exact legacy delimiter expression; do not call destructive converter","https://github.com/altqx/hikari/blob/20d647c4c769ab7f5d383cf3c1c33f03876a94e9/HikariSub/ConfigConverter.cpp#L146"
"Config","PostprocessorThresholdEnd","POSTPROCESSOR_THRESHOLD_END","true","emptyString","resolve-to-worksheet-row","Retain raw value and use exact legacy delimiter expression; do not call destructive converter","https://github.com/altqx/hikari/blob/20d647c4c769ab7f5d383cf3c1c33f03876a94e9/HikariSub/ConfigConverter.cpp#L147"
"Config","PreviewText","STYLE_PREVIEW_TEXT","true","emptyString","resolve-to-worksheet-row","Retain raw value and use exact legacy delimiter expression; do not call destructive converter","https://github.com/altqx/hikari/blob/20d647c4c769ab7f5d383cf3c1c33f03876a94e9/HikariSub/ConfigConverter.cpp#L148"
"Config","ProgramLanguage","PROGRAM_LANGUAGE","true","emptyString","resolve-to-worksheet-row","Retain raw value and use exact legacy delimiter expression; do not call destructive converter","https://github.com/altqx/hikari/blob/20d647c4c769ab7f5d383cf3c1c33f03876a94e9/HikariSub/ConfigConverter.cpp#L149"
"Config","ProgramTheme","PROGRAM_THEME","true","emptyString","exclude-accepted-theme","Historical only; no theme import","https://github.com/altqx/hikari/blob/20d647c4c769ab7f5d383cf3c1c33f03876a94e9/HikariSub/ConfigConverter.cpp#L150"
"Config","ReplaceRecent","REPLACE_RECENT_REPLACEMENTS","true","L""\f""","resolve-to-worksheet-row","Retain raw value and use exact legacy delimiter expression; do not call destructive converter","https://github.com/altqx/hikari/blob/20d647c4c769ab7f5d383cf3c1c33f03876a94e9/HikariSub/ConfigConverter.cpp#L151"
"Config","SelectionsRecent","SELECT_LINES_RECENT_SELECTIONS","true","L""\f""","resolve-to-worksheet-row","Retain raw value and use exact legacy delimiter expression; do not call destructive converter","https://github.com/altqx/hikari/blob/20d647c4c769ab7f5d383cf3c1c33f03876a94e9/HikariSub/ConfigConverter.cpp#L152"
"Config","SelectionsOptions","SELECT_LINES_OPTIONS","true","emptyString","resolve-to-worksheet-row","Retain raw value and use exact legacy delimiter expression; do not call destructive converter","https://github.com/altqx/hikari/blob/20d647c4c769ab7f5d383cf3c1c33f03876a94e9/HikariSub/ConfigConverter.cpp#L153"
"Config","SelectVisibleLineAfterFullscreen","GRID_SET_VISIBLE_LINE_AFTER_FULL_SCREEN","true","emptyString","resolve-to-worksheet-row","Retain raw value and use exact legacy delimiter expression; do not call destructive converter","https://github.com/altqx/hikari/blob/20d647c4c769ab7f5d383cf3c1c33f03876a94e9/HikariSub/ConfigConverter.cpp#L154"
"Config","SHIFT_TIMES_PROFILES","SHIFT_TIMES_PROFILES","true","L""\f""","resolve-to-worksheet-row","Retain raw value and use exact legacy delimiter expression; do not call destructive converter","https://github.com/altqx/hikari/blob/20d647c4c769ab7f5d383cf3c1c33f03876a94e9/HikariSub/ConfigConverter.cpp#L155"
"Config","SpellcheckerOn","SPELLCHECKER_ON","true","emptyString","resolve-to-worksheet-row","Retain raw value and use exact legacy delimiter expression; do not call destructive converter","https://github.com/altqx/hikari/blob/20d647c4c769ab7f5d383cf3c1c33f03876a94e9/HikariSub/ConfigConverter.cpp#L156"
"Config","StyleEditFilterText","STYLE_EDIT_FILTER_TEXT","true","emptyString","resolve-to-worksheet-row","Retain raw value and use exact legacy delimiter expression; do not call destructive converter","https://github.com/altqx/hikari/blob/20d647c4c769ab7f5d383cf3c1c33f03876a94e9/HikariSub/ConfigConverter.cpp#L157"
"Config","StyleFilterTextOn","STYLE_EDIT_FILTER_TEXT_ON","true","emptyString","resolve-to-worksheet-row","Retain raw value and use exact legacy delimiter expression; do not call destructive converter","https://github.com/altqx/hikari/blob/20d647c4c769ab7f5d383cf3c1c33f03876a94e9/HikariSub/ConfigConverter.cpp#L158"
"Config","StyleManagerPosition","STYLE_MANAGER_POSITION","true","emptyString","resolve-to-worksheet-row","Retain raw value and use exact legacy delimiter expression; do not call destructive converter","https://github.com/altqx/hikari/blob/20d647c4c769ab7f5d383cf3c1c33f03876a94e9/HikariSub/ConfigConverter.cpp#L159"
"Config","StyleManagerDetachEditor","STYLE_MANAGER_DETACH_EDIT_WINDOW","true","emptyString","resolve-to-worksheet-row","Retain raw value and use exact legacy delimiter expression; do not call destructive converter","https://github.com/altqx/hikari/blob/20d647c4c769ab7f5d383cf3c1c33f03876a94e9/HikariSub/ConfigConverter.cpp#L160"
"Config","SubsAutonaming","SUBS_AUTONAMING","true","emptyString","resolve-to-worksheet-row","Retain raw value and use exact legacy delimiter expression; do not call destructive converter","https://github.com/altqx/hikari/blob/20d647c4c769ab7f5d383cf3c1c33f03876a94e9/HikariSub/ConfigConverter.cpp#L161"
"Config","SubsComparisonType","SUBS_COMPARISON_TYPE","true","emptyString","resolve-to-worksheet-row","Retain raw value and use exact legacy delimiter expression; do not call destructive converter","https://github.com/altqx/hikari/blob/20d647c4c769ab7f5d383cf3c1c33f03876a94e9/HikariSub/ConfigConverter.cpp#L162"
"Config","SubsComparisonStyles","SUBS_COMPARISON_STYLES","true","emptyString","resolve-to-worksheet-row","Retain raw value and use exact legacy delimiter expression; do not call destructive converter","https://github.com/altqx/hikari/blob/20d647c4c769ab7f5d383cf3c1c33f03876a94e9/HikariSub/ConfigConverter.cpp#L163"
"Config","SubsRecent","SUBS_RECENT_FILES","true","L""|""","resolve-to-worksheet-row","Retain raw value and use exact legacy delimiter expression; do not call destructive converter","https://github.com/altqx/hikari/blob/20d647c4c769ab7f5d383cf3c1c33f03876a94e9/HikariSub/ConfigConverter.cpp#L164"
"Config","TextFieldAllowNumpadHotkeys","TEXT_FIELD_ALLOW_NUMPAD_HOTKEYS","true","emptyString","resolve-to-worksheet-row","Retain raw value and use exact legacy delimiter expression; do not call destructive converter","https://github.com/altqx/hikari/blob/20d647c4c769ab7f5d383cf3c1c33f03876a94e9/HikariSub/ConfigConverter.cpp#L165"
"Config","TlModeShowOriginal","TL_MODE_SHOW_ORIGINAL","true","emptyString","resolve-to-worksheet-row","Retain raw value and use exact legacy delimiter expression; do not call destructive converter","https://github.com/altqx/hikari/blob/20d647c4c769ab7f5d383cf3c1c33f03876a94e9/HikariSub/ConfigConverter.cpp#L166"
"Config","ToolbarIDs","TOOLBAR_IDS","true","L""|""","resolve-to-worksheet-row","Special pipe-delimited action-name conversion; preserve unknown entries and order","https://github.com/altqx/hikari/blob/20d647c4c769ab7f5d383cf3c1c33f03876a94e9/HikariSub/ConfigConverter.cpp#L167"
"Config","ToolbarAlignment","TOOLBAR_ALIGNMENT","true","emptyString","resolve-to-worksheet-row","Retain raw value and use exact legacy delimiter expression; do not call destructive converter","https://github.com/altqx/hikari/blob/20d647c4c769ab7f5d383cf3c1c33f03876a94e9/HikariSub/ConfigConverter.cpp#L168"
"Config","UpdaterCheckForStable","UPDATER_CHECK_FOR_STABLE","true","emptyString","resolve-to-worksheet-row","Retain raw value and use exact legacy delimiter expression; do not call destructive converter","https://github.com/altqx/hikari/blob/20d647c4c769ab7f5d383cf3c1c33f03876a94e9/HikariSub/ConfigConverter.cpp#L169"
"Config","VideoFullskreenOnStart","VIDEO_FULL_SCREEN_ON_START","true","emptyString","resolve-to-worksheet-row","Retain raw value and use exact legacy delimiter expression; do not call destructive converter","https://github.com/altqx/hikari/blob/20d647c4c769ab7f5d383cf3c1c33f03876a94e9/HikariSub/ConfigConverter.cpp#L170"
"Config","VideoIndex","VIDEO_INDEX","true","emptyString","resolve-to-worksheet-row","Retain raw value and use exact legacy delimiter expression; do not call destructive converter","https://github.com/altqx/hikari/blob/20d647c4c769ab7f5d383cf3c1c33f03876a94e9/HikariSub/ConfigConverter.cpp#L171"
"Config","VideoPauseOnClick","VIDEO_PAUSE_ON_CLICK","true","emptyString","resolve-to-worksheet-row","Retain raw value and use exact legacy delimiter expression; do not call destructive converter","https://github.com/altqx/hikari/blob/20d647c4c769ab7f5d383cf3c1c33f03876a94e9/HikariSub/ConfigConverter.cpp#L172"
"Config","VideoProgressBar","VIDEO_PROGRESS_BAR","true","emptyString","resolve-to-worksheet-row","Retain raw value and use exact legacy delimiter expression; do not call destructive converter","https://github.com/altqx/hikari/blob/20d647c4c769ab7f5d383cf3c1c33f03876a94e9/HikariSub/ConfigConverter.cpp#L173"
"Config","VideoRecent","VIDEO_RECENT_FILES","true","L""|""","resolve-to-worksheet-row","Retain raw value and use exact legacy delimiter expression; do not call destructive converter","https://github.com/altqx/hikari/blob/20d647c4c769ab7f5d383cf3c1c33f03876a94e9/HikariSub/ConfigConverter.cpp#L174"
"Config","VideoVolume","VIDEO_VOLUME","true","emptyString","resolve-to-worksheet-row","Retain raw value and use exact legacy delimiter expression; do not call destructive converter","https://github.com/altqx/hikari/blob/20d647c4c769ab7f5d383cf3c1c33f03876a94e9/HikariSub/ConfigConverter.cpp#L175"
"Config","VideoWindowSize","VIDEO_WINDOW_SIZE","true","emptyString","resolve-to-worksheet-row","Retain raw value and use exact legacy delimiter expression; do not call destructive converter","https://github.com/altqx/hikari/blob/20d647c4c769ab7f5d383cf3c1c33f03876a94e9/HikariSub/ConfigConverter.cpp#L176"
"Config","VisualWarningsOff","VIDEO_VISUAL_WARNINGS_OFF","true","emptyString","resolve-to-worksheet-row","Retain raw value and use exact legacy delimiter expression; do not call destructive converter","https://github.com/altqx/hikari/blob/20d647c4c769ab7f5d383cf3c1c33f03876a94e9/HikariSub/ConfigConverter.cpp#L177"
"Config","WindowMaximized","WINDOW_MAXIMIZED","true","emptyString","resolve-to-worksheet-row","Retain raw value and use exact legacy delimiter expression; do not call destructive converter","https://github.com/altqx/hikari/blob/20d647c4c769ab7f5d383cf3c1c33f03876a94e9/HikariSub/ConfigConverter.cpp#L178"
"Config","WindowPosition","WINDOW_POSITION","true","emptyString","resolve-to-worksheet-row","Retain raw value and use exact legacy delimiter expression; do not call destructive converter","https://github.com/altqx/hikari/blob/20d647c4c769ab7f5d383cf3c1c33f03876a94e9/HikariSub/ConfigConverter.cpp#L179"
"Config","WindowSize","WINDOW_SIZE","true","emptyString","resolve-to-worksheet-row","Retain raw value and use exact legacy delimiter expression; do not call destructive converter","https://github.com/altqx/hikari/blob/20d647c4c769ab7f5d383cf3c1c33f03876a94e9/HikariSub/ConfigConverter.cpp#L180"
"Config","EditboxTagButtons","EDITBOX_TAG_BUTTONS","true","emptyString","resolve-to-worksheet-row","Retain raw value and use exact legacy delimiter expression; do not call destructive converter","https://github.com/altqx/hikari/blob/20d647c4c769ab7f5d383cf3c1c33f03876a94e9/HikariSub/ConfigConverter.cpp#L181"
"Config","EditboxTagButton1","EDITBOX_TAG_BUTTON_VALUE1","true","L""\f""","resolve-to-worksheet-row","Retain raw value and use exact legacy delimiter expression; do not call destructive converter","https://github.com/altqx/hikari/blob/20d647c4c769ab7f5d383cf3c1c33f03876a94e9/HikariSub/ConfigConverter.cpp#L182"
"Config","EditboxTagButton2","EDITBOX_TAG_BUTTON_VALUE2","true","L""\f""","resolve-to-worksheet-row","Retain raw value and use exact legacy delimiter expression; do not call destructive converter","https://github.com/altqx/hikari/blob/20d647c4c769ab7f5d383cf3c1c33f03876a94e9/HikariSub/ConfigConverter.cpp#L183"
"Config","EditboxTagButton3","EDITBOX_TAG_BUTTON_VALUE3","true","L""\f""","resolve-to-worksheet-row","Retain raw value and use exact legacy delimiter expression; do not call destructive converter","https://github.com/altqx/hikari/blob/20d647c4c769ab7f5d383cf3c1c33f03876a94e9/HikariSub/ConfigConverter.cpp#L184"
"Config","EditboxTagButton4","EDITBOX_TAG_BUTTON_VALUE4","true","L""\f""","resolve-to-worksheet-row","Retain raw value and use exact legacy delimiter expression; do not call destructive converter","https://github.com/altqx/hikari/blob/20d647c4c769ab7f5d383cf3c1c33f03876a94e9/HikariSub/ConfigConverter.cpp#L185"
"Config","EditboxTagButton5","EDITBOX_TAG_BUTTON_VALUE5","true","L""\f""","resolve-to-worksheet-row","Retain raw value and use exact legacy delimiter expression; do not call destructive converter","https://github.com/altqx/hikari/blob/20d647c4c769ab7f5d383cf3c1c33f03876a94e9/HikariSub/ConfigConverter.cpp#L186"
"Config","EditboxTagButton6","EDITBOX_TAG_BUTTON_VALUE6","true","L""\f""","resolve-to-worksheet-row","Retain raw value and use exact legacy delimiter expression; do not call destructive converter","https://github.com/altqx/hikari/blob/20d647c4c769ab7f5d383cf3c1c33f03876a94e9/HikariSub/ConfigConverter.cpp#L187"
"Config","EditboxTagButton7","EDITBOX_TAG_BUTTON_VALUE7","true","L""\f""","resolve-to-worksheet-row","Retain raw value and use exact legacy delimiter expression; do not call destructive converter","https://github.com/altqx/hikari/blob/20d647c4c769ab7f5d383cf3c1c33f03876a94e9/HikariSub/ConfigConverter.cpp#L188"
"Config","EditboxTagButton8","EDITBOX_TAG_BUTTON_VALUE8","true","L""\f""","resolve-to-worksheet-row","Retain raw value and use exact legacy delimiter expression; do not call destructive converter","https://github.com/altqx/hikari/blob/20d647c4c769ab7f5d383cf3c1c33f03876a94e9/HikariSub/ConfigConverter.cpp#L189"
"Config","EditboxTagButton9","EDITBOX_TAG_BUTTON_VALUE9","true","L""\f""","resolve-to-worksheet-row","Retain raw value and use exact legacy delimiter expression; do not call destructive converter","https://github.com/altqx/hikari/blob/20d647c4c769ab7f5d383cf3c1c33f03876a94e9/HikariSub/ConfigConverter.cpp#L190"
"Config","EditboxTagButton10","EDITBOX_TAG_BUTTON_VALUE10","true","L""\f""","resolve-to-worksheet-row","Retain raw value and use exact legacy delimiter expression; do not call destructive converter","https://github.com/altqx/hikari/blob/20d647c4c769ab7f5d383cf3c1c33f03876a94e9/HikariSub/ConfigConverter.cpp#L191"
"Config","EditboxTagButton11","EDITBOX_TAG_BUTTON_VALUE11","true","L""\f""","resolve-to-worksheet-row","Retain raw value and use exact legacy delimiter expression; do not call destructive converter","https://github.com/altqx/hikari/blob/20d647c4c769ab7f5d383cf3c1c33f03876a94e9/HikariSub/ConfigConverter.cpp#L192"
"Config","EditboxTagButton12","EDITBOX_TAG_BUTTON_VALUE12","true","L""\f""","resolve-to-worksheet-row","Retain raw value and use exact legacy delimiter expression; do not call destructive converter","https://github.com/altqx/hikari/blob/20d647c4c769ab7f5d383cf3c1c33f03876a94e9/HikariSub/ConfigConverter.cpp#L193"
"Config","EditboxTagButton13","EDITBOX_TAG_BUTTON_VALUE13","true","L""\f""","resolve-to-worksheet-row","Retain raw value and use exact legacy delimiter expression; do not call destructive converter","https://github.com/altqx/hikari/blob/20d647c4c769ab7f5d383cf3c1c33f03876a94e9/HikariSub/ConfigConverter.cpp#L194"
"Config","EditboxTagButton14","EDITBOX_TAG_BUTTON_VALUE14","true","L""\f""","resolve-to-worksheet-row","Retain raw value and use exact legacy delimiter expression; do not call destructive converter","https://github.com/altqx/hikari/blob/20d647c4c769ab7f5d383cf3c1c33f03876a94e9/HikariSub/ConfigConverter.cpp#L195"
"Config","EditboxTagButton15","EDITBOX_TAG_BUTTON_VALUE15","true","L""\f""","resolve-to-worksheet-row","Retain raw value and use exact legacy delimiter expression; do not call destructive converter","https://github.com/altqx/hikari/blob/20d647c4c769ab7f5d383cf3c1c33f03876a94e9/HikariSub/ConfigConverter.cpp#L196"
"Config","EditboxTagButton16","EDITBOX_TAG_BUTTON_VALUE16","true","L""\f""","resolve-to-worksheet-row","Retain raw value and use exact legacy delimiter expression; do not call destructive converter","https://github.com/altqx/hikari/blob/20d647c4c769ab7f5d383cf3c1c33f03876a94e9/HikariSub/ConfigConverter.cpp#L197"
"Config","EditboxTagButton17","EDITBOX_TAG_BUTTON_VALUE17","true","L""\f""","resolve-to-worksheet-row","Retain raw value and use exact legacy delimiter expression; do not call destructive converter","https://github.com/altqx/hikari/blob/20d647c4c769ab7f5d383cf3c1c33f03876a94e9/HikariSub/ConfigConverter.cpp#L198"
"Config","EditboxTagButton18","EDITBOX_TAG_BUTTON_VALUE18","true","L""\f""","resolve-to-worksheet-row","Retain raw value and use exact legacy delimiter expression; do not call destructive converter","https://github.com/altqx/hikari/blob/20d647c4c769ab7f5d383cf3c1c33f03876a94e9/HikariSub/ConfigConverter.cpp#L199"
"Config","EditboxTagButton19","EDITBOX_TAG_BUTTON_VALUE19","true","L""\f""","resolve-to-worksheet-row","Retain raw value and use exact legacy delimiter expression; do not call destructive converter","https://github.com/altqx/hikari/blob/20d647c4c769ab7f5d383cf3c1c33f03876a94e9/HikariSub/ConfigConverter.cpp#L200"
"Config","EditboxTagButton20","EDITBOX_TAG_BUTTON_VALUE20","true","L""\f""","resolve-to-worksheet-row","Retain raw value and use exact legacy delimiter expression; do not call destructive converter","https://github.com/altqx/hikari/blob/20d647c4c769ab7f5d383cf3c1c33f03876a94e9/HikariSub/ConfigConverter.cpp#L201"
"Colors","WindowBackground","WINDOW_BACKGROUND","true","not applicable","exclude-accepted-theme","Historical only; no theme import","https://github.com/altqx/hikari/blob/20d647c4c769ab7f5d383cf3c1c33f03876a94e9/HikariSub/ConfigConverter.cpp#L204"
"Colors","WindowBackgroundInactive","WINDOW_BACKGROUND_INACTIVE","true","not applicable","exclude-accepted-theme","Historical only; no theme import","https://github.com/altqx/hikari/blob/20d647c4c769ab7f5d383cf3c1c33f03876a94e9/HikariSub/ConfigConverter.cpp#L205"
"Colors","WindowText","WINDOW_TEXT","true","not applicable","exclude-accepted-theme","Historical only; no theme import","https://github.com/altqx/hikari/blob/20d647c4c769ab7f5d383cf3c1c33f03876a94e9/HikariSub/ConfigConverter.cpp#L206"
"Colors","WindowTextInactive","WINDOW_TEXT_INACTIVE","true","not applicable","exclude-accepted-theme","Historical only; no theme import","https://github.com/altqx/hikari/blob/20d647c4c769ab7f5d383cf3c1c33f03876a94e9/HikariSub/ConfigConverter.cpp#L207"
"Colors","WindowBorder","WINDOW_BORDER","true","not applicable","exclude-accepted-theme","Historical only; no theme import","https://github.com/altqx/hikari/blob/20d647c4c769ab7f5d383cf3c1c33f03876a94e9/HikariSub/ConfigConverter.cpp#L208"
"Colors","WindowBorderInactive","WINDOW_BORDER_INACTIVE","true","not applicable","exclude-accepted-theme","Historical only; no theme import","https://github.com/altqx/hikari/blob/20d647c4c769ab7f5d383cf3c1c33f03876a94e9/HikariSub/ConfigConverter.cpp#L209"
"Colors","WindowBorderBackground","WINDOW_BORDER_BACKGROUND","true","not applicable","exclude-accepted-theme","Historical only; no theme import","https://github.com/altqx/hikari/blob/20d647c4c769ab7f5d383cf3c1c33f03876a94e9/HikariSub/ConfigConverter.cpp#L210"
"Colors","WindowBorderBackgroundInactive","WINDOW_BORDER_BACKGROUND_INACTIVE","true","not applicable","exclude-accepted-theme","Historical only; no theme import","https://github.com/altqx/hikari/blob/20d647c4c769ab7f5d383cf3c1c33f03876a94e9/HikariSub/ConfigConverter.cpp#L211"
"Colors","WindowHeaderText","WINDOW_HEADER_TEXT","true","not applicable","exclude-accepted-theme","Historical only; no theme import","https://github.com/altqx/hikari/blob/20d647c4c769ab7f5d383cf3c1c33f03876a94e9/HikariSub/ConfigConverter.cpp#L212"
"Colors","WindowHeaderTextInactive","WINDOW_HEADER_TEXT_INACTIVE","true","not applicable","exclude-accepted-theme","Historical only; no theme import","https://github.com/altqx/hikari/blob/20d647c4c769ab7f5d383cf3c1c33f03876a94e9/HikariSub/ConfigConverter.cpp#L213"
"Colors","WindowHoverHeaderElement","WINDOW_HOVER_HEADER_ELEMENT","true","not applicable","exclude-accepted-theme","Historical only; no theme import","https://github.com/altqx/hikari/blob/20d647c4c769ab7f5d383cf3c1c33f03876a94e9/HikariSub/ConfigConverter.cpp#L214"
"Colors","WindowPushedHeaderElement","WINDOW_PUSHED_HEADER_ELEMENT","true","not applicable","exclude-accepted-theme","Historical only; no theme import","https://github.com/altqx/hikari/blob/20d647c4c769ab7f5d383cf3c1c33f03876a94e9/HikariSub/ConfigConverter.cpp#L215"
"Colors","WindowHoverCloseButton","WINDOW_HOVER_CLOSE_BUTTON","true","not applicable","exclude-accepted-theme","Historical only; no theme import","https://github.com/altqx/hikari/blob/20d647c4c769ab7f5d383cf3c1c33f03876a94e9/HikariSub/ConfigConverter.cpp#L216"
"Colors","WindowPushedCloseButton","WINDOW_PUSHED_CLOSE_BUTTON","true","not applicable","exclude-accepted-theme","Historical only; no theme import","https://github.com/altqx/hikari/blob/20d647c4c769ab7f5d383cf3c1c33f03876a94e9/HikariSub/ConfigConverter.cpp#L217"
"Colors","WindowWarningElements","WINDOW_WARNING_ELEMENTS","true","not applicable","exclude-accepted-theme","Historical only; no theme import","https://github.com/altqx/hikari/blob/20d647c4c769ab7f5d383cf3c1c33f03876a94e9/HikariSub/ConfigConverter.cpp#L218"
"Colors","GridText","GRID_TEXT","true","not applicable","exclude-accepted-theme","Historical only; no theme import","https://github.com/altqx/hikari/blob/20d647c4c769ab7f5d383cf3c1c33f03876a94e9/HikariSub/ConfigConverter.cpp#L219"
"Colors","GridBackground","GRID_BACKGROUND","true","not applicable","exclude-accepted-theme","Historical only; no theme import","https://github.com/altqx/hikari/blob/20d647c4c769ab7f5d383cf3c1c33f03876a94e9/HikariSub/ConfigConverter.cpp#L220"
"Colors","GridDialogue","GRID_DIALOGUE","true","not applicable","exclude-accepted-theme","Historical only; no theme import","https://github.com/altqx/hikari/blob/20d647c4c769ab7f5d383cf3c1c33f03876a94e9/HikariSub/ConfigConverter.cpp#L221"
"Colors","GridComment","GRID_COMMENT","true","not applicable","exclude-accepted-theme","Historical only; no theme import","https://github.com/altqx/hikari/blob/20d647c4c769ab7f5d383cf3c1c33f03876a94e9/HikariSub/ConfigConverter.cpp#L222"
"Colors","GridSelection","GRID_SELECTION","true","not applicable","exclude-accepted-theme","Historical only; no theme import","https://github.com/altqx/hikari/blob/20d647c4c769ab7f5d383cf3c1c33f03876a94e9/HikariSub/ConfigConverter.cpp#L223"
"Colors","GridVisibleOnVideo","GRID_LINE_VISIBLE_ON_VIDEO","true","not applicable","exclude-accepted-theme","Historical only; no theme import","https://github.com/altqx/hikari/blob/20d647c4c769ab7f5d383cf3c1c33f03876a94e9/HikariSub/ConfigConverter.cpp#L224"
"Colors","GridCollisions","GRID_COLLISIONS","true","not applicable","exclude-accepted-theme","Historical only; no theme import","https://github.com/altqx/hikari/blob/20d647c4c769ab7f5d383cf3c1c33f03876a94e9/HikariSub/ConfigConverter.cpp#L225"
"Colors","GridLines","GRID_LINES","true","not applicable","exclude-accepted-theme","Historical only; no theme import","https://github.com/altqx/hikari/blob/20d647c4c769ab7f5d383cf3c1c33f03876a94e9/HikariSub/ConfigConverter.cpp#L226"
"Colors","GridActiveLine","GRID_ACTIVE_LINE","true","not applicable","exclude-accepted-theme","Historical only; no theme import","https://github.com/altqx/hikari/blob/20d647c4c769ab7f5d383cf3c1c33f03876a94e9/HikariSub/ConfigConverter.cpp#L227"
"Colors","GridHeader","GRID_HEADER","true","not applicable","exclude-accepted-theme","Historical only; no theme import","https://github.com/altqx/hikari/blob/20d647c4c769ab7f5d383cf3c1c33f03876a94e9/HikariSub/ConfigConverter.cpp#L228"
"Colors","GridHeaderText","GRID_HEADER_TEXT","true","not applicable","exclude-accepted-theme","Historical only; no theme import","https://github.com/altqx/hikari/blob/20d647c4c769ab7f5d383cf3c1c33f03876a94e9/HikariSub/ConfigConverter.cpp#L229"
"Colors","GridLabelNormal","GRID_LABEL_NORMAL","true","not applicable","exclude-accepted-theme","Historical only; no theme import","https://github.com/altqx/hikari/blob/20d647c4c769ab7f5d383cf3c1c33f03876a94e9/HikariSub/ConfigConverter.cpp#L230"
"Colors","GridLabelModified","GRID_LABEL_MODIFIED","true","not applicable","exclude-accepted-theme","Historical only; no theme import","https://github.com/altqx/hikari/blob/20d647c4c769ab7f5d383cf3c1c33f03876a94e9/HikariSub/ConfigConverter.cpp#L231"
"Colors","GridLabelSaved","GRID_LABEL_SAVED","true","not applicable","exclude-accepted-theme","Historical only; no theme import","https://github.com/altqx/hikari/blob/20d647c4c769ab7f5d383cf3c1c33f03876a94e9/HikariSub/ConfigConverter.cpp#L232"
"Colors","GridLabelDoubtful","GRID_LABEL_DOUBTFUL","true","not applicable","exclude-accepted-theme","Historical only; no theme import","https://github.com/altqx/hikari/blob/20d647c4c769ab7f5d383cf3c1c33f03876a94e9/HikariSub/ConfigConverter.cpp#L233"
"Colors","GridSpellchecker","GRID_SPELLCHECKER","true","not applicable","exclude-accepted-theme","Historical only; no theme import","https://github.com/altqx/hikari/blob/20d647c4c769ab7f5d383cf3c1c33f03876a94e9/HikariSub/ConfigConverter.cpp#L234"
"Colors","GridComparisonOutline","GRID_COMPARISON_OUTLINE","true","not applicable","exclude-accepted-theme","Historical only; no theme import","https://github.com/altqx/hikari/blob/20d647c4c769ab7f5d383cf3c1c33f03876a94e9/HikariSub/ConfigConverter.cpp#L235"
"Colors","GridComparisonBackgroundNotMatch","GRID_COMPARISON_BACKGROUND_NOT_MATCH","true","not applicable","exclude-accepted-theme","Historical only; no theme import","https://github.com/altqx/hikari/blob/20d647c4c769ab7f5d383cf3c1c33f03876a94e9/HikariSub/ConfigConverter.cpp#L236"
"Colors","GridComparisonBackgroundMatch","GRID_COMPARISON_BACKGROUND_MATCH","true","not applicable","exclude-accepted-theme","Historical only; no theme import","https://github.com/altqx/hikari/blob/20d647c4c769ab7f5d383cf3c1c33f03876a94e9/HikariSub/ConfigConverter.cpp#L237"
"Colors","GridComparisonCommentBackgroundNotMatch","GRID_COMPARISON_COMMENT_BACKGROUND_NOT_MATCH","true","not applicable","exclude-accepted-theme","Historical only; no theme import","https://github.com/altqx/hikari/blob/20d647c4c769ab7f5d383cf3c1c33f03876a94e9/HikariSub/ConfigConverter.cpp#L238"
"Colors","GridComparisonCommentBackgroundMatch","GRID_COMPARISON_COMMENT_BACKGROUND_MATCH","true","not applicable","exclude-accepted-theme","Historical only; no theme import","https://github.com/altqx/hikari/blob/20d647c4c769ab7f5d383cf3c1c33f03876a94e9/HikariSub/ConfigConverter.cpp#L239"
"Colors","EditorText","EDITOR_TEXT","true","not applicable","exclude-accepted-theme","Historical only; no theme import","https://github.com/altqx/hikari/blob/20d647c4c769ab7f5d383cf3c1c33f03876a94e9/HikariSub/ConfigConverter.cpp#L240"
"Colors","EditorTagNames","EDITOR_TAG_NAMES","true","not applicable","exclude-accepted-theme","Historical only; no theme import","https://github.com/altqx/hikari/blob/20d647c4c769ab7f5d383cf3c1c33f03876a94e9/HikariSub/ConfigConverter.cpp#L241"
"Colors","EditorTagValues","EDITOR_TAG_VALUES","true","not applicable","exclude-accepted-theme","Historical only; no theme import","https://github.com/altqx/hikari/blob/20d647c4c769ab7f5d383cf3c1c33f03876a94e9/HikariSub/ConfigConverter.cpp#L242"
"Colors","EditorCurlyBraces","EDITOR_CURLY_BRACES","true","not applicable","exclude-accepted-theme","Historical only; no theme import","https://github.com/altqx/hikari/blob/20d647c4c769ab7f5d383cf3c1c33f03876a94e9/HikariSub/ConfigConverter.cpp#L243"
"Colors","EditorTagOperators","EDITOR_TAG_OPERATORS","true","not applicable","exclude-accepted-theme","Historical only; no theme import","https://github.com/altqx/hikari/blob/20d647c4c769ab7f5d383cf3c1c33f03876a94e9/HikariSub/ConfigConverter.cpp#L244"
"Colors","EditorTemplateVariables","EDITOR_TEMPLATE_VARIABLES","true","not applicable","exclude-accepted-theme","Historical only; no theme import","https://github.com/altqx/hikari/blob/20d647c4c769ab7f5d383cf3c1c33f03876a94e9/HikariSub/ConfigConverter.cpp#L245"
"Colors","EditorTemplateCodeMarks","EDITOR_TEMPLATE_CODE_MARKS","true","not applicable","exclude-accepted-theme","Historical only; no theme import","https://github.com/altqx/hikari/blob/20d647c4c769ab7f5d383cf3c1c33f03876a94e9/HikariSub/ConfigConverter.cpp#L246"
"Colors","EditorTemplateFunctions","EDITOR_TEMPLATE_FUNCTIONS","true","not applicable","exclude-accepted-theme","Historical only; no theme import","https://github.com/altqx/hikari/blob/20d647c4c769ab7f5d383cf3c1c33f03876a94e9/HikariSub/ConfigConverter.cpp#L247"
"Colors","EditorTemplateKeywords","EDITOR_TEMPLATE_KEYWORDS","true","not applicable","exclude-accepted-theme","Historical only; no theme import","https://github.com/altqx/hikari/blob/20d647c4c769ab7f5d383cf3c1c33f03876a94e9/HikariSub/ConfigConverter.cpp#L248"
"Colors","EditorTemplateStrings","EDITOR_TEMPLATE_STRINGS","true","not applicable","exclude-accepted-theme","Historical only; no theme import","https://github.com/altqx/hikari/blob/20d647c4c769ab7f5d383cf3c1c33f03876a94e9/HikariSub/ConfigConverter.cpp#L249"
"Colors","EditorPhraseSearch","EDITOR_PHRASE_SEARCH","true","not applicable","exclude-accepted-theme","Historical only; no theme import","https://github.com/altqx/hikari/blob/20d647c4c769ab7f5d383cf3c1c33f03876a94e9/HikariSub/ConfigConverter.cpp#L250"
"Colors","EditorBracesBackground","EDITOR_BRACES_BACKGROUND","true","not applicable","exclude-accepted-theme","Historical only; no theme import","https://github.com/altqx/hikari/blob/20d647c4c769ab7f5d383cf3c1c33f03876a94e9/HikariSub/ConfigConverter.cpp#L251"
"Colors","EditorBackground","EDITOR_BACKGROUND","true","not applicable","exclude-accepted-theme","Historical only; no theme import","https://github.com/altqx/hikari/blob/20d647c4c769ab7f5d383cf3c1c33f03876a94e9/HikariSub/ConfigConverter.cpp#L252"
"Colors","EditorSelection","EDITOR_SELECTION","true","not applicable","exclude-accepted-theme","Historical only; no theme import","https://github.com/altqx/hikari/blob/20d647c4c769ab7f5d383cf3c1c33f03876a94e9/HikariSub/ConfigConverter.cpp#L253"
"Colors","EditorSelectionNoFocus","EDITOR_SELECTION_NO_FOCUS","true","not applicable","exclude-accepted-theme","Historical only; no theme import","https://github.com/altqx/hikari/blob/20d647c4c769ab7f5d383cf3c1c33f03876a94e9/HikariSub/ConfigConverter.cpp#L254"
"Colors","EditorBorder","EDITOR_BORDER","true","not applicable","exclude-accepted-theme","Historical only; no theme import","https://github.com/altqx/hikari/blob/20d647c4c769ab7f5d383cf3c1c33f03876a94e9/HikariSub/ConfigConverter.cpp#L255"
"Colors","EditorBorderOnFocus","EDITOR_BORDER_ON_FOCUS","true","not applicable","exclude-accepted-theme","Historical only; no theme import","https://github.com/altqx/hikari/blob/20d647c4c769ab7f5d383cf3c1c33f03876a94e9/HikariSub/ConfigConverter.cpp#L256"
"Colors","EditorSpellchecker","EDITOR_SPELLCHECKER","true","not applicable","exclude-accepted-theme","Historical only; no theme import","https://github.com/altqx/hikari/blob/20d647c4c769ab7f5d383cf3c1c33f03876a94e9/HikariSub/ConfigConverter.cpp#L257"
"Colors","AudioBackground","AUDIO_BACKGROUND","true","not applicable","exclude-accepted-theme","Historical only; no theme import","https://github.com/altqx/hikari/blob/20d647c4c769ab7f5d383cf3c1c33f03876a94e9/HikariSub/ConfigConverter.cpp#L258"
"Colors","AudioLineBoundaryStart","AUDIO_LINE_BOUNDARY_START","true","not applicable","exclude-accepted-theme","Historical only; no theme import","https://github.com/altqx/hikari/blob/20d647c4c769ab7f5d383cf3c1c33f03876a94e9/HikariSub/ConfigConverter.cpp#L259"
"Colors","AudioLineBoundaryEnd","AUDIO_LINE_BOUNDARY_END","true","not applicable","exclude-accepted-theme","Historical only; no theme import","https://github.com/altqx/hikari/blob/20d647c4c769ab7f5d383cf3c1c33f03876a94e9/HikariSub/ConfigConverter.cpp#L260"
"Colors","AudioLineBoundaryMark","AUDIO_LINE_BOUNDARY_MARK","true","not applicable","exclude-accepted-theme","Historical only; no theme import","https://github.com/altqx/hikari/blob/20d647c4c769ab7f5d383cf3c1c33f03876a94e9/HikariSub/ConfigConverter.cpp#L261"
"Colors","AudioLineBoundaryInactiveLine","AUDIO_LINE_BOUNDARY_INACTIVE_LINE","true","not applicable","exclude-accepted-theme","Historical only; no theme import","https://github.com/altqx/hikari/blob/20d647c4c769ab7f5d383cf3c1c33f03876a94e9/HikariSub/ConfigConverter.cpp#L262"
"Colors","AudioPlayCursor","AUDIO_PLAY_CURSOR","true","not applicable","exclude-accepted-theme","Historical only; no theme import","https://github.com/altqx/hikari/blob/20d647c4c769ab7f5d383cf3c1c33f03876a94e9/HikariSub/ConfigConverter.cpp#L263"
"Colors","AudioSecondsBoundaries","AUDIO_SECONDS_BOUNDARIES","true","not applicable","exclude-accepted-theme","Historical only; no theme import","https://github.com/altqx/hikari/blob/20d647c4c769ab7f5d383cf3c1c33f03876a94e9/HikariSub/ConfigConverter.cpp#L264"
"Colors","AudioKeyframes","AUDIO_KEYFRAMES","true","not applicable","exclude-accepted-theme","Historical only; no theme import","https://github.com/altqx/hikari/blob/20d647c4c769ab7f5d383cf3c1c33f03876a94e9/HikariSub/ConfigConverter.cpp#L265"
"Colors","AudioSyllableBoundaries","AUDIO_SYLLABLE_BOUNDARIES","true","not applicable","exclude-accepted-theme","Historical only; no theme import","https://github.com/altqx/hikari/blob/20d647c4c769ab7f5d383cf3c1c33f03876a94e9/HikariSub/ConfigConverter.cpp#L266"
"Colors","AudioSyllableText","AUDIO_SYLLABLE_TEXT","true","not applicable","exclude-accepted-theme","Historical only; no theme import","https://github.com/altqx/hikari/blob/20d647c4c769ab7f5d383cf3c1c33f03876a94e9/HikariSub/ConfigConverter.cpp#L267"
"Colors","AudioSelectionBackground","AUDIO_SELECTION_BACKGROUND","true","not applicable","exclude-accepted-theme","Historical only; no theme import","https://github.com/altqx/hikari/blob/20d647c4c769ab7f5d383cf3c1c33f03876a94e9/HikariSub/ConfigConverter.cpp#L268"
"Colors","AudioSelectionBackgroundModified","AUDIO_SELECTION_BACKGROUND_MODIFIED","true","not applicable","exclude-accepted-theme","Historical only; no theme import","https://github.com/altqx/hikari/blob/20d647c4c769ab7f5d383cf3c1c33f03876a94e9/HikariSub/ConfigConverter.cpp#L269"
"Colors","AudioInactiveLinesBackground","AUDIO_INACTIVE_LINES_BACKGROUND","true","not applicable","exclude-accepted-theme","Historical only; no theme import","https://github.com/altqx/hikari/blob/20d647c4c769ab7f5d383cf3c1c33f03876a94e9/HikariSub/ConfigConverter.cpp#L270"
"Colors","AudioWaveform","AUDIO_WAVEFORM","true","not applicable","exclude-accepted-theme","Historical only; no theme import","https://github.com/altqx/hikari/blob/20d647c4c769ab7f5d383cf3c1c33f03876a94e9/HikariSub/ConfigConverter.cpp#L271"
"Colors","AudioWaveformInactive","AUDIO_WAVEFORM_INACTIVE","true","not applicable","exclude-accepted-theme","Historical only; no theme import","https://github.com/altqx/hikari/blob/20d647c4c769ab7f5d383cf3c1c33f03876a94e9/HikariSub/ConfigConverter.cpp#L272"
"Colors","AudioWaveformModified","AUDIO_WAVEFORM_MODIFIED","true","not applicable","exclude-accepted-theme","Historical only; no theme import","https://github.com/altqx/hikari/blob/20d647c4c769ab7f5d383cf3c1c33f03876a94e9/HikariSub/ConfigConverter.cpp#L273"
"Colors","AudioWaveformSelected","AUDIO_WAVEFORM_SELECTED","true","not applicable","exclude-accepted-theme","Historical only; no theme import","https://github.com/altqx/hikari/blob/20d647c4c769ab7f5d383cf3c1c33f03876a94e9/HikariSub/ConfigConverter.cpp#L274"
"Colors","AudioSpectrumBackground","AUDIO_SPECTRUM_BACKGROUND","true","not applicable","exclude-accepted-theme","Historical only; no theme import","https://github.com/altqx/hikari/blob/20d647c4c769ab7f5d383cf3c1c33f03876a94e9/HikariSub/ConfigConverter.cpp#L275"
"Colors","AudioSpectrumEcho","AUDIO_SPECTRUM_ECHO","true","not applicable","exclude-accepted-theme","Historical only; no theme import","https://github.com/altqx/hikari/blob/20d647c4c769ab7f5d383cf3c1c33f03876a94e9/HikariSub/ConfigConverter.cpp#L276"
"Colors","AudioSpectrumInner","AUDIO_SPECTRUM_INNER","true","not applicable","exclude-accepted-theme","Historical only; no theme import","https://github.com/altqx/hikari/blob/20d647c4c769ab7f5d383cf3c1c33f03876a94e9/HikariSub/ConfigConverter.cpp#L277"
"Colors","TextFieldBackground","TEXT_FIELD_BACKGROUND","true","not applicable","exclude-accepted-theme","Historical only; no theme import","https://github.com/altqx/hikari/blob/20d647c4c769ab7f5d383cf3c1c33f03876a94e9/HikariSub/ConfigConverter.cpp#L278"
"Colors","TextFieldBorder","TEXT_FIELD_BORDER","true","not applicable","exclude-accepted-theme","Historical only; no theme import","https://github.com/altqx/hikari/blob/20d647c4c769ab7f5d383cf3c1c33f03876a94e9/HikariSub/ConfigConverter.cpp#L279"
"Colors","TextFieldBorderOnFocus","TEXT_FIELD_BORDER_ON_FOCUS","true","not applicable","exclude-accepted-theme","Historical only; no theme import","https://github.com/altqx/hikari/blob/20d647c4c769ab7f5d383cf3c1c33f03876a94e9/HikariSub/ConfigConverter.cpp#L280"
"Colors","TextFieldSelection","TEXT_FIELD_SELECTION","true","not applicable","exclude-accepted-theme","Historical only; no theme import","https://github.com/altqx/hikari/blob/20d647c4c769ab7f5d383cf3c1c33f03876a94e9/HikariSub/ConfigConverter.cpp#L281"
"Colors","TextFieldSelectionNoFocus","TEXT_FIELD_SELECTION_NO_FOCUS","true","not applicable","exclude-accepted-theme","Historical only; no theme import","https://github.com/altqx/hikari/blob/20d647c4c769ab7f5d383cf3c1c33f03876a94e9/HikariSub/ConfigConverter.cpp#L282"
"Colors","ButtonBackground","BUTTON_BACKGROUND","true","not applicable","exclude-accepted-theme","Historical only; no theme import","https://github.com/altqx/hikari/blob/20d647c4c769ab7f5d383cf3c1c33f03876a94e9/HikariSub/ConfigConverter.cpp#L283"
"Colors","ButtonBackgroundHover","BUTTON_BACKGROUND_HOVER","true","not applicable","exclude-accepted-theme","Historical only; no theme import","https://github.com/altqx/hikari/blob/20d647c4c769ab7f5d383cf3c1c33f03876a94e9/HikariSub/ConfigConverter.cpp#L284"
"Colors","ButtonBackgroundPushed","BUTTON_BACKGROUND_PUSHED","true","not applicable","exclude-accepted-theme","Historical only; no theme import","https://github.com/altqx/hikari/blob/20d647c4c769ab7f5d383cf3c1c33f03876a94e9/HikariSub/ConfigConverter.cpp#L285"
"Colors","ButtonBackgroundOnFocus","BUTTON_BACKGROUND_ON_FOCUS","true","not applicable","exclude-accepted-theme","Historical only; no theme import","https://github.com/altqx/hikari/blob/20d647c4c769ab7f5d383cf3c1c33f03876a94e9/HikariSub/ConfigConverter.cpp#L286"
"Colors","ButtonBorder","BUTTON_BORDER","true","not applicable","exclude-accepted-theme","Historical only; no theme import","https://github.com/altqx/hikari/blob/20d647c4c769ab7f5d383cf3c1c33f03876a94e9/HikariSub/ConfigConverter.cpp#L287"
"Colors","ButtonBorderHover","BUTTON_BORDER_HOVER","true","not applicable","exclude-accepted-theme","Historical only; no theme import","https://github.com/altqx/hikari/blob/20d647c4c769ab7f5d383cf3c1c33f03876a94e9/HikariSub/ConfigConverter.cpp#L288"
"Colors","ButtonBorderPushed","BUTTON_BORDER_PUSHED","true","not applicable","exclude-accepted-theme","Historical only; no theme import","https://github.com/altqx/hikari/blob/20d647c4c769ab7f5d383cf3c1c33f03876a94e9/HikariSub/ConfigConverter.cpp#L289"
"Colors","ButtonBorderOnFocus","BUTTON_BORDER_ON_FOCUS","true","not applicable","exclude-accepted-theme","Historical only; no theme import","https://github.com/altqx/hikari/blob/20d647c4c769ab7f5d383cf3c1c33f03876a94e9/HikariSub/ConfigConverter.cpp#L290"
"Colors","ButtonBorderInactive","BUTTON_BORDER_INACTIVE","true","not applicable","exclude-accepted-theme","Historical only; no theme import","https://github.com/altqx/hikari/blob/20d647c4c769ab7f5d383cf3c1c33f03876a94e9/HikariSub/ConfigConverter.cpp#L291"
"Colors","TogglebuttonBackgroundToggled","TOGGLE_BUTTON_BACKGROUND_TOGGLED","true","not applicable","exclude-accepted-theme","Historical only; no theme import","https://github.com/altqx/hikari/blob/20d647c4c769ab7f5d383cf3c1c33f03876a94e9/HikariSub/ConfigConverter.cpp#L292"
"Colors","TogglebuttonBorderToggled","TOGGLE_BUTTON_BORDER_TOGGLED","true","not applicable","exclude-accepted-theme","Historical only; no theme import","https://github.com/altqx/hikari/blob/20d647c4c769ab7f5d383cf3c1c33f03876a94e9/HikariSub/ConfigConverter.cpp#L293"
"Colors","ScrollbarBackground","SCROLLBAR_BACKGROUND","true","not applicable","exclude-accepted-theme","Historical only; no theme import","https://github.com/altqx/hikari/blob/20d647c4c769ab7f5d383cf3c1c33f03876a94e9/HikariSub/ConfigConverter.cpp#L294"
"Colors","ScrollbarScroll","SCROLLBAR_THUMB","true","not applicable","exclude-accepted-theme","Historical only; no theme import","https://github.com/altqx/hikari/blob/20d647c4c769ab7f5d383cf3c1c33f03876a94e9/HikariSub/ConfigConverter.cpp#L295"
"Colors","ScrollbarScrollHover","SCROLLBAR_THUMB_HOVER","true","not applicable","exclude-accepted-theme","Historical only; no theme import","https://github.com/altqx/hikari/blob/20d647c4c769ab7f5d383cf3c1c33f03876a94e9/HikariSub/ConfigConverter.cpp#L296"
"Colors","ScrollbarScrollPushed","SCROLLBAR_THUMB_PUSHED","true","not applicable","exclude-accepted-theme","Historical only; no theme import","https://github.com/altqx/hikari/blob/20d647c4c769ab7f5d383cf3c1c33f03876a94e9/HikariSub/ConfigConverter.cpp#L297"
"Colors","StaticboxBorder","STATICBOX_BORDER","true","not applicable","exclude-accepted-theme","Historical only; no theme import","https://github.com/altqx/hikari/blob/20d647c4c769ab7f5d383cf3c1c33f03876a94e9/HikariSub/ConfigConverter.cpp#L298"
"Colors","StaticListBorder","STATICLIST_BORDER","true","not applicable","exclude-accepted-theme","Historical only; no theme import","https://github.com/altqx/hikari/blob/20d647c4c769ab7f5d383cf3c1c33f03876a94e9/HikariSub/ConfigConverter.cpp#L299"
"Colors","StaticListBackground","STATICLIST_BACKGROUND","true","not applicable","exclude-accepted-theme","Historical only; no theme import","https://github.com/altqx/hikari/blob/20d647c4c769ab7f5d383cf3c1c33f03876a94e9/HikariSub/ConfigConverter.cpp#L300"
"Colors","StaticListSelection","STATICLIST_SELECTION","true","not applicable","exclude-accepted-theme","Historical only; no theme import","https://github.com/altqx/hikari/blob/20d647c4c769ab7f5d383cf3c1c33f03876a94e9/HikariSub/ConfigConverter.cpp#L301"
"Colors","StaticListBackgroundHeadline","STATICLIST_BACKGROUND_HEADLINE","true","not applicable","exclude-accepted-theme","Historical only; no theme import","https://github.com/altqx/hikari/blob/20d647c4c769ab7f5d383cf3c1c33f03876a94e9/HikariSub/ConfigConverter.cpp#L302"
"Colors","StaticListTextHeadline","STATICLIST_TEXT_HEADLINE","true","not applicable","exclude-accepted-theme","Historical only; no theme import","https://github.com/altqx/hikari/blob/20d647c4c769ab7f5d383cf3c1c33f03876a94e9/HikariSub/ConfigConverter.cpp#L303"
"Colors","StatusBarBorder","STATUSBAR_BORDER","true","not applicable","exclude-accepted-theme","Historical only; no theme import","https://github.com/altqx/hikari/blob/20d647c4c769ab7f5d383cf3c1c33f03876a94e9/HikariSub/ConfigConverter.cpp#L304"
"Colors","MenuBarBackground1","MENUBAR_BACKGROUND1","true","not applicable","exclude-accepted-theme","Historical only; no theme import","https://github.com/altqx/hikari/blob/20d647c4c769ab7f5d383cf3c1c33f03876a94e9/HikariSub/ConfigConverter.cpp#L305"
"Colors","MenuBarBackground2","MENUBAR_BACKGROUND2","true","not applicable","exclude-accepted-theme","Historical only; no theme import","https://github.com/altqx/hikari/blob/20d647c4c769ab7f5d383cf3c1c33f03876a94e9/HikariSub/ConfigConverter.cpp#L306"
"Colors","MenuBarBorderSelection","MENUBAR_BORDER_SELECTION","true","not applicable","exclude-accepted-theme","Historical only; no theme import","https://github.com/altqx/hikari/blob/20d647c4c769ab7f5d383cf3c1c33f03876a94e9/HikariSub/ConfigConverter.cpp#L307"
"Colors","MENU_BAR_BACKGROUND_HOVER","MENUBAR_BACKGROUND_HOVER","true","not applicable","exclude-accepted-theme","Historical only; no theme import","https://github.com/altqx/hikari/blob/20d647c4c769ab7f5d383cf3c1c33f03876a94e9/HikariSub/ConfigConverter.cpp#L308"
"Colors","MenuBarBackgroundSelection","MENUBAR_BACKGROUND_SELECTION","true","not applicable","exclude-accepted-theme","Historical only; no theme import","https://github.com/altqx/hikari/blob/20d647c4c769ab7f5d383cf3c1c33f03876a94e9/HikariSub/ConfigConverter.cpp#L309"
"Colors","MenuBackground","MENUBAR_BACKGROUND","true","not applicable","exclude-accepted-theme","Historical only; no theme import","https://github.com/altqx/hikari/blob/20d647c4c769ab7f5d383cf3c1c33f03876a94e9/HikariSub/ConfigConverter.cpp#L310"
"Colors","MenuBorderSelection","MENU_BORDER_SELECTION","true","not applicable","exclude-accepted-theme","Historical only; no theme import","https://github.com/altqx/hikari/blob/20d647c4c769ab7f5d383cf3c1c33f03876a94e9/HikariSub/ConfigConverter.cpp#L311"
"Colors","MenuBackgroundSelection","MENU_BACKGROUND_SELECTION","true","not applicable","exclude-accepted-theme","Historical only; no theme import","https://github.com/altqx/hikari/blob/20d647c4c769ab7f5d383cf3c1c33f03876a94e9/HikariSub/ConfigConverter.cpp#L312"
"Colors","TabsBarBackground1","TABSBAR_BACKGROUND1","true","not applicable","exclude-accepted-theme","Historical only; no theme import","https://github.com/altqx/hikari/blob/20d647c4c769ab7f5d383cf3c1c33f03876a94e9/HikariSub/ConfigConverter.cpp#L313"
"Colors","TabsBarBackground2","TABSBAR_BACKGROUND2","true","not applicable","exclude-accepted-theme","Historical only; no theme import","https://github.com/altqx/hikari/blob/20d647c4c769ab7f5d383cf3c1c33f03876a94e9/HikariSub/ConfigConverter.cpp#L314"
"Colors","TabsBorderActive","TABS_BORDER_ACTIVE","true","not applicable","exclude-accepted-theme","Historical only; no theme import","https://github.com/altqx/hikari/blob/20d647c4c769ab7f5d383cf3c1c33f03876a94e9/HikariSub/ConfigConverter.cpp#L315"
"Colors","TabsBorderInactive","TABS_BORDER_INACTIVE","true","not applicable","exclude-accepted-theme","Historical only; no theme import","https://github.com/altqx/hikari/blob/20d647c4c769ab7f5d383cf3c1c33f03876a94e9/HikariSub/ConfigConverter.cpp#L316"
"Colors","TabsBackgroundActive","TABS_BACKGROUND_ACTIVE","true","not applicable","exclude-accepted-theme","Historical only; no theme import","https://github.com/altqx/hikari/blob/20d647c4c769ab7f5d383cf3c1c33f03876a94e9/HikariSub/ConfigConverter.cpp#L317"
"Colors","TabsBackgroundInactive","TABS_BACKGROUND_INACTIVE","true","not applicable","exclude-accepted-theme","Historical only; no theme import","https://github.com/altqx/hikari/blob/20d647c4c769ab7f5d383cf3c1c33f03876a94e9/HikariSub/ConfigConverter.cpp#L318"
"Colors","TabsBackgroundInactiveHover","TABS_BACKGROUND_INACTIVE_HOVER","true","not applicable","exclude-accepted-theme","Historical only; no theme import","https://github.com/altqx/hikari/blob/20d647c4c769ab7f5d383cf3c1c33f03876a94e9/HikariSub/ConfigConverter.cpp#L319"
"Colors","TabsBackgroundSecondWindow","TABS_BACKGROUND_SECOND_WINDOW","true","not applicable","exclude-accepted-theme","Historical only; no theme import","https://github.com/altqx/hikari/blob/20d647c4c769ab7f5d383cf3c1c33f03876a94e9/HikariSub/ConfigConverter.cpp#L320"
"Colors","TabsTextActive","TABS_TEXT_ACTIVE","true","not applicable","exclude-accepted-theme","Historical only; no theme import","https://github.com/altqx/hikari/blob/20d647c4c769ab7f5d383cf3c1c33f03876a94e9/HikariSub/ConfigConverter.cpp#L321"
"Colors","TabsTextInactive","TABS_TEXT_INACTIVE","true","not applicable","exclude-accepted-theme","Historical only; no theme import","https://github.com/altqx/hikari/blob/20d647c4c769ab7f5d383cf3c1c33f03876a94e9/HikariSub/ConfigConverter.cpp#L322"
"Colors","TabsCloseHover","TABS_CLOSE_HOVER","true","not applicable","exclude-accepted-theme","Historical only; no theme import","https://github.com/altqx/hikari/blob/20d647c4c769ab7f5d383cf3c1c33f03876a94e9/HikariSub/ConfigConverter.cpp#L323"
"Colors","TabsBarArrow","TABSBAR_ARROW","true","not applicable","exclude-accepted-theme","Historical only; no theme import","https://github.com/altqx/hikari/blob/20d647c4c769ab7f5d383cf3c1c33f03876a94e9/HikariSub/ConfigConverter.cpp#L324"
"Colors","TabsBarArrowBackground","TABSBAR_ARROW_BACKGROUND","true","not applicable","exclude-accepted-theme","Historical only; no theme import","https://github.com/altqx/hikari/blob/20d647c4c769ab7f5d383cf3c1c33f03876a94e9/HikariSub/ConfigConverter.cpp#L325"
"Colors","TabsBarArrowBackgroundHover","TABSBAR_ARROW_BACKGROUND_HOVER","true","not applicable","exclude-accepted-theme","Historical only; no theme import","https://github.com/altqx/hikari/blob/20d647c4c769ab7f5d383cf3c1c33f03876a94e9/HikariSub/ConfigConverter.cpp#L326"
"Colors","SliderPathBackground","SLIDER_PATH_BACKGROUND","true","not applicable","exclude-accepted-theme","Historical only; no theme import","https://github.com/altqx/hikari/blob/20d647c4c769ab7f5d383cf3c1c33f03876a94e9/HikariSub/ConfigConverter.cpp#L327"
"Colors","SliderPathBorder","SLIDER_PATH_BORDER","true","not applicable","exclude-accepted-theme","Historical only; no theme import","https://github.com/altqx/hikari/blob/20d647c4c769ab7f5d383cf3c1c33f03876a94e9/HikariSub/ConfigConverter.cpp#L328"
"Colors","SliderBorder","SLIDER_BORDER","true","not applicable","exclude-accepted-theme","Historical only; no theme import","https://github.com/altqx/hikari/blob/20d647c4c769ab7f5d383cf3c1c33f03876a94e9/HikariSub/ConfigConverter.cpp#L329"
"Colors","SliderBorderHover","SLIDER_BORDER_HOVER","true","not applicable","exclude-accepted-theme","Historical only; no theme import","https://github.com/altqx/hikari/blob/20d647c4c769ab7f5d383cf3c1c33f03876a94e9/HikariSub/ConfigConverter.cpp#L330"
"Colors","SliderBorderPushed","SLIDER_BORDER_PUSHED","true","not applicable","exclude-accepted-theme","Historical only; no theme import","https://github.com/altqx/hikari/blob/20d647c4c769ab7f5d383cf3c1c33f03876a94e9/HikariSub/ConfigConverter.cpp#L331"
"Colors","SliderBackground","SLIDER_BACKGROUND","true","not applicable","exclude-accepted-theme","Historical only; no theme import","https://github.com/altqx/hikari/blob/20d647c4c769ab7f5d383cf3c1c33f03876a94e9/HikariSub/ConfigConverter.cpp#L332"
"Colors","SliderBackgroundHover","SLIDER_BACKGROUND_HOVER","true","not applicable","exclude-accepted-theme","Historical only; no theme import","https://github.com/altqx/hikari/blob/20d647c4c769ab7f5d383cf3c1c33f03876a94e9/HikariSub/ConfigConverter.cpp#L333"
"Colors","SliderBackgroundPushed","SLIDER_BACKGROUND_PUSHED","true","not applicable","exclude-accepted-theme","Historical only; no theme import","https://github.com/altqx/hikari/blob/20d647c4c769ab7f5d383cf3c1c33f03876a94e9/HikariSub/ConfigConverter.cpp#L334"
"Colors","StylePreviewColor1","STYLE_PREVIEW_COLOR1","true","not applicable","exclude-accepted-theme","Historical only; no theme import","https://github.com/altqx/hikari/blob/20d647c4c769ab7f5d383cf3c1c33f03876a94e9/HikariSub/ConfigConverter.cpp#L335"
"Colors","StylePreviewColor2","STYLE_PREVIEW_COLOR2","true","not applicable","exclude-accepted-theme","Historical only; no theme import","https://github.com/altqx/hikari/blob/20d647c4c769ab7f5d383cf3c1c33f03876a94e9/HikariSub/ConfigConverter.cpp#L336"
"Hotkeys","AudioCommitAlt","AUDIO_COMMIT_ALT","true","not applicable","resolve-to-worksheet-row","Preserve binding and context; historical N→S and W→V are context aliases only","https://github.com/altqx/hikari/blob/20d647c4c769ab7f5d383cf3c1c33f03876a94e9/HikariSub/ConfigConverter.cpp#L339"
"Hotkeys","AudioPlayAlt","AUDIO_PLAY_ALT","true","not applicable","resolve-to-worksheet-row","Preserve binding and context; historical N→S and W→V are context aliases only","https://github.com/altqx/hikari/blob/20d647c4c769ab7f5d383cf3c1c33f03876a94e9/HikariSub/ConfigConverter.cpp#L340"
"Hotkeys","AudioPlayLineAlt","AUDIO_PLAY_LINE_ALT","true","not applicable","resolve-to-worksheet-row","Preserve binding and context; historical N→S and W→V are context aliases only","https://github.com/altqx/hikari/blob/20d647c4c769ab7f5d383cf3c1c33f03876a94e9/HikariSub/ConfigConverter.cpp#L341"
"Hotkeys","AudioPreviousAlt","AUDIO_PREVIOUS_ALT","true","not applicable","resolve-to-worksheet-row","Preserve binding and context; historical N→S and W→V are context aliases only","https://github.com/altqx/hikari/blob/20d647c4c769ab7f5d383cf3c1c33f03876a94e9/HikariSub/ConfigConverter.cpp#L342"
"Hotkeys","AudioNextAlt","AUDIO_NEXT_ALT","true","not applicable","resolve-to-worksheet-row","Preserve binding and context; historical N→S and W→V are context aliases only","https://github.com/altqx/hikari/blob/20d647c4c769ab7f5d383cf3c1c33f03876a94e9/HikariSub/ConfigConverter.cpp#L343"
"Hotkeys","AudioCommit","AUDIO_COMMIT","true","not applicable","resolve-to-worksheet-row","Preserve binding and context; historical N→S and W→V are context aliases only","https://github.com/altqx/hikari/blob/20d647c4c769ab7f5d383cf3c1c33f03876a94e9/HikariSub/ConfigConverter.cpp#L344"
"Hotkeys","AudioPlay","AUDIO_PLAY","true","not applicable","resolve-to-worksheet-row","Preserve binding and context; historical N→S and W→V are context aliases only","https://github.com/altqx/hikari/blob/20d647c4c769ab7f5d383cf3c1c33f03876a94e9/HikariSub/ConfigConverter.cpp#L345"
"Hotkeys","AudioPlayLine","AUDIO_PLAY_LINE","true","not applicable","resolve-to-worksheet-row","Preserve binding and context; historical N→S and W→V are context aliases only","https://github.com/altqx/hikari/blob/20d647c4c769ab7f5d383cf3c1c33f03876a94e9/HikariSub/ConfigConverter.cpp#L346"
"Hotkeys","AudioPrevious","AUDIO_PREVIOUS","true","not applicable","resolve-to-worksheet-row","Preserve binding and context; historical N→S and W→V are context aliases only","https://github.com/altqx/hikari/blob/20d647c4c769ab7f5d383cf3c1c33f03876a94e9/HikariSub/ConfigConverter.cpp#L347"
"Hotkeys","AudioNext","AUDIO_NEXT","true","not applicable","resolve-to-worksheet-row","Preserve binding and context; historical N→S and W→V are context aliases only","https://github.com/altqx/hikari/blob/20d647c4c769ab7f5d383cf3c1c33f03876a94e9/HikariSub/ConfigConverter.cpp#L348"
"Hotkeys","AudioStop","AUDIO_STOP","true","not applicable","resolve-to-worksheet-row","Preserve binding and context; historical N→S and W→V are context aliases only","https://github.com/altqx/hikari/blob/20d647c4c769ab7f5d383cf3c1c33f03876a94e9/HikariSub/ConfigConverter.cpp#L349"
"Hotkeys","AudioPlayBeforeMark","AUDIO_PLAY_BEFORE_MARK","true","not applicable","resolve-to-worksheet-row","Preserve binding and context; historical N→S and W→V are context aliases only","https://github.com/altqx/hikari/blob/20d647c4c769ab7f5d383cf3c1c33f03876a94e9/HikariSub/ConfigConverter.cpp#L350"
"Hotkeys","AudioPlayAfterMark","AUDIO_PLAY_AFTER_MARK","true","not applicable","resolve-to-worksheet-row","Preserve binding and context; historical N→S and W→V are context aliases only","https://github.com/altqx/hikari/blob/20d647c4c769ab7f5d383cf3c1c33f03876a94e9/HikariSub/ConfigConverter.cpp#L351"
"Hotkeys","AudioPlay500MSBefore","AUDIO_PLAY_500MS_BEFORE","true","not applicable","resolve-to-worksheet-row","Preserve binding and context; historical N→S and W→V are context aliases only","https://github.com/altqx/hikari/blob/20d647c4c769ab7f5d383cf3c1c33f03876a94e9/HikariSub/ConfigConverter.cpp#L352"
"Hotkeys","AudioPlay500MSAfter","AUDIO_PLAY_500MS_AFTER","true","not applicable","resolve-to-worksheet-row","Preserve binding and context; historical N→S and W→V are context aliases only","https://github.com/altqx/hikari/blob/20d647c4c769ab7f5d383cf3c1c33f03876a94e9/HikariSub/ConfigConverter.cpp#L353"
"Hotkeys","AudioPlay500MSFirst","AUDIO_PLAY_500MS_FIRST","true","not applicable","resolve-to-worksheet-row","Preserve binding and context; historical N→S and W→V are context aliases only","https://github.com/altqx/hikari/blob/20d647c4c769ab7f5d383cf3c1c33f03876a94e9/HikariSub/ConfigConverter.cpp#L354"
"Hotkeys","AudioPlay500MSLast","AUDIO_PLAY_500MS_LAST","true","not applicable","resolve-to-worksheet-row","Preserve binding and context; historical N→S and W→V are context aliases only","https://github.com/altqx/hikari/blob/20d647c4c769ab7f5d383cf3c1c33f03876a94e9/HikariSub/ConfigConverter.cpp#L355"
"Hotkeys","AudioPlayToEnd","AUDIO_PLAY_TO_END","true","not applicable","resolve-to-worksheet-row","Preserve binding and context; historical N→S and W→V are context aliases only","https://github.com/altqx/hikari/blob/20d647c4c769ab7f5d383cf3c1c33f03876a94e9/HikariSub/ConfigConverter.cpp#L356"
"Hotkeys","AudioScrollLeft","AUDIO_SCROLL_LEFT","true","not applicable","resolve-to-worksheet-row","Preserve binding and context; historical N→S and W→V are context aliases only","https://github.com/altqx/hikari/blob/20d647c4c769ab7f5d383cf3c1c33f03876a94e9/HikariSub/ConfigConverter.cpp#L357"
"Hotkeys","AudioScrollRight","AUDIO_SCROLL_RIGHT","true","not applicable","resolve-to-worksheet-row","Preserve binding and context; historical N→S and W→V are context aliases only","https://github.com/altqx/hikari/blob/20d647c4c769ab7f5d383cf3c1c33f03876a94e9/HikariSub/ConfigConverter.cpp#L358"
"Hotkeys","AudioGoto","AUDIO_GOTO","true","not applicable","resolve-to-worksheet-row","Preserve binding and context; historical N→S and W→V are context aliases only","https://github.com/altqx/hikari/blob/20d647c4c769ab7f5d383cf3c1c33f03876a94e9/HikariSub/ConfigConverter.cpp#L359"
"Hotkeys","AudioLeadin","AUDIO_LEAD_IN","true","not applicable","resolve-to-worksheet-row","Preserve binding and context; historical N→S and W→V are context aliases only","https://github.com/altqx/hikari/blob/20d647c4c769ab7f5d383cf3c1c33f03876a94e9/HikariSub/ConfigConverter.cpp#L360"
"Hotkeys","AudioLeadout","AUDIO_LEAD_OUT","true","not applicable","resolve-to-worksheet-row","Preserve binding and context; historical N→S and W→V are context aliases only","https://github.com/altqx/hikari/blob/20d647c4c769ab7f5d383cf3c1c33f03876a94e9/HikariSub/ConfigConverter.cpp#L361"
"Hotkeys","PlayPause","VIDEO_PLAY_PAUSE","true","not applicable","resolve-to-worksheet-row","Preserve binding and context; historical N→S and W→V are context aliases only","https://github.com/altqx/hikari/blob/20d647c4c769ab7f5d383cf3c1c33f03876a94e9/HikariSub/ConfigConverter.cpp#L362"
"Hotkeys","StopPlayback","VIDEO_STOP","true","not applicable","resolve-to-worksheet-row","Preserve binding and context; historical N→S and W→V are context aliases only","https://github.com/altqx/hikari/blob/20d647c4c769ab7f5d383cf3c1c33f03876a94e9/HikariSub/ConfigConverter.cpp#L363"
"Hotkeys","Plus5Second","VIDEO_5_SECONDS_FORWARD","true","not applicable","resolve-to-worksheet-row","Preserve binding and context; historical N→S and W→V are context aliases only","https://github.com/altqx/hikari/blob/20d647c4c769ab7f5d383cf3c1c33f03876a94e9/HikariSub/ConfigConverter.cpp#L364"
"Hotkeys","Minus5Second","VIDEO_5_SECONDS_BACKWARD","true","not applicable","resolve-to-worksheet-row","Preserve binding and context; historical N→S and W→V are context aliases only","https://github.com/altqx/hikari/blob/20d647c4c769ab7f5d383cf3c1c33f03876a94e9/HikariSub/ConfigConverter.cpp#L365"
"Hotkeys","MinusMinute","VIDEO_MINUTE_BACKWARD","true","not applicable","resolve-to-worksheet-row","Preserve binding and context; historical N→S and W→V are context aliases only","https://github.com/altqx/hikari/blob/20d647c4c769ab7f5d383cf3c1c33f03876a94e9/HikariSub/ConfigConverter.cpp#L366"
"Hotkeys","PlusMinute","VIDEO_MINUTE_FORWARD","true","not applicable","resolve-to-worksheet-row","Preserve binding and context; historical N→S and W→V are context aliases only","https://github.com/altqx/hikari/blob/20d647c4c769ab7f5d383cf3c1c33f03876a94e9/HikariSub/ConfigConverter.cpp#L367"
"Hotkeys","VolumePlus","VIDEO_VOLUME_PLUS","true","not applicable","resolve-to-worksheet-row","Preserve binding and context; historical N→S and W→V are context aliases only","https://github.com/altqx/hikari/blob/20d647c4c769ab7f5d383cf3c1c33f03876a94e9/HikariSub/ConfigConverter.cpp#L368"
"Hotkeys","VolumeMinus","VIDEO_VOLUME_MINUS","true","not applicable","resolve-to-worksheet-row","Preserve binding and context; historical N→S and W→V are context aliases only","https://github.com/altqx/hikari/blob/20d647c4c769ab7f5d383cf3c1c33f03876a94e9/HikariSub/ConfigConverter.cpp#L369"
"Hotkeys","PreviousVideo","VIDEO_PREVIOUS_FILE","true","not applicable","resolve-to-worksheet-row","Preserve binding and context; historical N→S and W→V are context aliases only","https://github.com/altqx/hikari/blob/20d647c4c769ab7f5d383cf3c1c33f03876a94e9/HikariSub/ConfigConverter.cpp#L370"
"Hotkeys","NextVideo","VIDEO_NEXT_FILE","true","not applicable","resolve-to-worksheet-row","Preserve binding and context; historical N→S and W→V are context aliases only","https://github.com/altqx/hikari/blob/20d647c4c769ab7f5d383cf3c1c33f03876a94e9/HikariSub/ConfigConverter.cpp#L371"
"Hotkeys","PreviousChapter","VIDEO_PREVIOUS_CHAPTER","true","not applicable","resolve-to-worksheet-row","Preserve binding and context; historical N→S and W→V are context aliases only","https://github.com/altqx/hikari/blob/20d647c4c769ab7f5d383cf3c1c33f03876a94e9/HikariSub/ConfigConverter.cpp#L372"
"Hotkeys","NextChapter","VIDEO_NEXT_CHAPTER","true","not applicable","resolve-to-worksheet-row","Preserve binding and context; historical N→S and W→V are context aliases only","https://github.com/altqx/hikari/blob/20d647c4c769ab7f5d383cf3c1c33f03876a94e9/HikariSub/ConfigConverter.cpp#L373"
"Hotkeys","FullScreen","VIDEO_FULL_SCREEN","true","not applicable","resolve-to-worksheet-row","Preserve binding and context; historical N→S and W→V are context aliases only","https://github.com/altqx/hikari/blob/20d647c4c769ab7f5d383cf3c1c33f03876a94e9/HikariSub/ConfigConverter.cpp#L374"
"Hotkeys","HideProgressBar","VIDEO_HIDE_PROGRESS_BAR","true","not applicable","resolve-to-worksheet-row","Preserve binding and context; historical N→S and W→V are context aliases only","https://github.com/altqx/hikari/blob/20d647c4c769ab7f5d383cf3c1c33f03876a94e9/HikariSub/ConfigConverter.cpp#L375"
"Hotkeys","DeleteVideo","VIDEO_DELETE_FILE","true","not applicable","resolve-to-worksheet-row","Preserve binding and context; historical N→S and W→V are context aliases only","https://github.com/altqx/hikari/blob/20d647c4c769ab7f5d383cf3c1c33f03876a94e9/HikariSub/ConfigConverter.cpp#L376"
"Hotkeys","AspectRatio","VIDEO_ASPECT_RATIO","true","not applicable","resolve-to-worksheet-row","Preserve binding and context; historical N→S and W→V are context aliases only","https://github.com/altqx/hikari/blob/20d647c4c769ab7f5d383cf3c1c33f03876a94e9/HikariSub/ConfigConverter.cpp#L377"
"Hotkeys","CopyCoords","VIDEO_COPY_COORDS","true","not applicable","resolve-to-worksheet-row","Preserve binding and context; historical N→S and W→V are context aliases only","https://github.com/altqx/hikari/blob/20d647c4c769ab7f5d383cf3c1c33f03876a94e9/HikariSub/ConfigConverter.cpp#L378"
"Hotkeys","FrameToPNG","VIDEO_SAVE_FRAME_TO_PNG","true","not applicable","resolve-to-worksheet-row","Preserve binding and context; historical N→S and W→V are context aliases only","https://github.com/altqx/hikari/blob/20d647c4c769ab7f5d383cf3c1c33f03876a94e9/HikariSub/ConfigConverter.cpp#L379"
"Hotkeys","FrameToClipboard","VIDEO_COPY_FRAME_TO_CLIPBOARD","true","not applicable","resolve-to-worksheet-row","Preserve binding and context; historical N→S and W→V are context aliases only","https://github.com/altqx/hikari/blob/20d647c4c769ab7f5d383cf3c1c33f03876a94e9/HikariSub/ConfigConverter.cpp#L380"
"Hotkeys","SubbedFrameToPNG","VIDEO_SAVE_SUBBED_FRAME_TO_PNG","true","not applicable","resolve-to-worksheet-row","Preserve binding and context; historical N→S and W→V are context aliases only","https://github.com/altqx/hikari/blob/20d647c4c769ab7f5d383cf3c1c33f03876a94e9/HikariSub/ConfigConverter.cpp#L381"
"Hotkeys","SubbedFrameToClipboard","VIDEO_COPY_SUBBED_FRAME_TO_CLIPBOARD","true","not applicable","resolve-to-worksheet-row","Preserve binding and context; historical N→S and W→V are context aliases only","https://github.com/altqx/hikari/blob/20d647c4c769ab7f5d383cf3c1c33f03876a94e9/HikariSub/ConfigConverter.cpp#L382"
"Hotkeys","PutBold","EDITBOX_INSERT_BOLD","true","not applicable","resolve-to-worksheet-row","Preserve binding and context; historical N→S and W→V are context aliases only","https://github.com/altqx/hikari/blob/20d647c4c769ab7f5d383cf3c1c33f03876a94e9/HikariSub/ConfigConverter.cpp#L383"
"Hotkeys","PutItalic","EDITBOX_INSERT_ITALIC","true","not applicable","resolve-to-worksheet-row","Preserve binding and context; historical N→S and W→V are context aliases only","https://github.com/altqx/hikari/blob/20d647c4c769ab7f5d383cf3c1c33f03876a94e9/HikariSub/ConfigConverter.cpp#L384"
"Hotkeys","SplitLine","EDITBOX_SPLIT_LINE","true","not applicable","resolve-to-worksheet-row","Preserve binding and context; historical N→S and W→V are context aliases only","https://github.com/altqx/hikari/blob/20d647c4c769ab7f5d383cf3c1c33f03876a94e9/HikariSub/ConfigConverter.cpp#L385"
"Hotkeys","StartDifference","EDITBOX_START_DIFFERENCE","true","not applicable","resolve-to-worksheet-row","Preserve binding and context; historical N→S and W→V are context aliases only","https://github.com/altqx/hikari/blob/20d647c4c769ab7f5d383cf3c1c33f03876a94e9/HikariSub/ConfigConverter.cpp#L386"
"Hotkeys","EndDifference","EDITBOX_END_DIFFERENCE","true","not applicable","resolve-to-worksheet-row","Preserve binding and context; historical N→S and W→V are context aliases only","https://github.com/altqx/hikari/blob/20d647c4c769ab7f5d383cf3c1c33f03876a94e9/HikariSub/ConfigConverter.cpp#L387"
"Hotkeys","FindNextDoubtful","EDITBOX_FIND_NEXT_DOUBTFUL","true","not applicable","resolve-to-worksheet-row","Preserve binding and context; historical N→S and W→V are context aliases only","https://github.com/altqx/hikari/blob/20d647c4c769ab7f5d383cf3c1c33f03876a94e9/HikariSub/ConfigConverter.cpp#L388"
"Hotkeys","FindNextUntranslated","EDITBOX_FIND_NEXT_UNTRANSLATED","true","not applicable","resolve-to-worksheet-row","Preserve binding and context; historical N→S and W→V are context aliases only","https://github.com/altqx/hikari/blob/20d647c4c769ab7f5d383cf3c1c33f03876a94e9/HikariSub/ConfigConverter.cpp#L389"
"Hotkeys","SetDoubtful","EDITBOX_SET_DOUBTFUL","true","not applicable","resolve-to-worksheet-row","Preserve binding and context; historical N→S and W→V are context aliases only","https://github.com/altqx/hikari/blob/20d647c4c769ab7f5d383cf3c1c33f03876a94e9/HikariSub/ConfigConverter.cpp#L390"
"Hotkeys","GRID_FILTER_INVERTED","GRID_FILTER_INVERT","true","not applicable","resolve-to-worksheet-row","Preserve binding and context; historical N→S and W→V are context aliases only","https://github.com/altqx/hikari/blob/20d647c4c769ab7f5d383cf3c1c33f03876a94e9/HikariSub/ConfigConverter.cpp#L391"
"Hotkeys","InsertBefore","GRID_INSERT_BEFORE","true","not applicable","resolve-to-worksheet-row","Preserve binding and context; historical N→S and W→V are context aliases only","https://github.com/altqx/hikari/blob/20d647c4c769ab7f5d383cf3c1c33f03876a94e9/HikariSub/ConfigConverter.cpp#L392"
"Hotkeys","InsertAfter","GRID_INSERT_AFTER","true","not applicable","resolve-to-worksheet-row","Preserve binding and context; historical N→S and W→V are context aliases only","https://github.com/altqx/hikari/blob/20d647c4c769ab7f5d383cf3c1c33f03876a94e9/HikariSub/ConfigConverter.cpp#L393"
"Hotkeys","InsertBeforeVideo","GRID_INSERT_BEFORE_VIDEO","true","not applicable","resolve-to-worksheet-row","Preserve binding and context; historical N→S and W→V are context aliases only","https://github.com/altqx/hikari/blob/20d647c4c769ab7f5d383cf3c1c33f03876a94e9/HikariSub/ConfigConverter.cpp#L394"
"Hotkeys","InsertAfterVideo","GRID_INSERT_AFTER_VIDEO","true","not applicable","resolve-to-worksheet-row","Preserve binding and context; historical N→S and W→V are context aliases only","https://github.com/altqx/hikari/blob/20d647c4c769ab7f5d383cf3c1c33f03876a94e9/HikariSub/ConfigConverter.cpp#L395"
"Hotkeys","InsertBeforeWithVideoFrame","GRID_INSERT_BEFORE_WITH_VIDEO_FRAME","true","not applicable","resolve-to-worksheet-row","Preserve binding and context; historical N→S and W→V are context aliases only","https://github.com/altqx/hikari/blob/20d647c4c769ab7f5d383cf3c1c33f03876a94e9/HikariSub/ConfigConverter.cpp#L396"
"Hotkeys","InsertAfterWithVideoFrame","GRID_INSERT_AFTER_WITH_VIDEO_FRAME","true","not applicable","resolve-to-worksheet-row","Preserve binding and context; historical N→S and W→V are context aliases only","https://github.com/altqx/hikari/blob/20d647c4c769ab7f5d383cf3c1c33f03876a94e9/HikariSub/ConfigConverter.cpp#L397"
"Hotkeys","Swap","GRID_SWAP_LINES","true","not applicable","resolve-to-worksheet-row","Preserve binding and context; historical N→S and W→V are context aliases only","https://github.com/altqx/hikari/blob/20d647c4c769ab7f5d383cf3c1c33f03876a94e9/HikariSub/ConfigConverter.cpp#L398"
"Hotkeys","Duplicate","GRID_DUPLICATE_LINES","true","not applicable","resolve-to-worksheet-row","Preserve binding and context; historical N→S and W→V are context aliases only","https://github.com/altqx/hikari/blob/20d647c4c769ab7f5d383cf3c1c33f03876a94e9/HikariSub/ConfigConverter.cpp#L399"
"Hotkeys","Join","GRID_JOIN_LINES","true","not applicable","resolve-to-worksheet-row","Preserve binding and context; historical N→S and W→V are context aliases only","https://github.com/altqx/hikari/blob/20d647c4c769ab7f5d383cf3c1c33f03876a94e9/HikariSub/ConfigConverter.cpp#L400"
"Hotkeys","JoinToFirst","GRID_JOIN_TO_FIRST_LINE","true","not applicable","resolve-to-worksheet-row","Preserve binding and context; historical N→S and W→V are context aliases only","https://github.com/altqx/hikari/blob/20d647c4c769ab7f5d383cf3c1c33f03876a94e9/HikariSub/ConfigConverter.cpp#L401"
"Hotkeys","JoinToLast","GRID_JOIN_TO_LAST_LINE","true","not applicable","resolve-to-worksheet-row","Preserve binding and context; historical N→S and W→V are context aliases only","https://github.com/altqx/hikari/blob/20d647c4c769ab7f5d383cf3c1c33f03876a94e9/HikariSub/ConfigConverter.cpp#L402"
"Hotkeys","Copy","GRID_COPY","true","not applicable","resolve-to-worksheet-row","Preserve binding and context; historical N→S and W→V are context aliases only","https://github.com/altqx/hikari/blob/20d647c4c769ab7f5d383cf3c1c33f03876a94e9/HikariSub/ConfigConverter.cpp#L403"
"Hotkeys","Paste","GRID_PASTE","true","not applicable","resolve-to-worksheet-row","Preserve binding and context; historical N→S and W→V are context aliases only","https://github.com/altqx/hikari/blob/20d647c4c769ab7f5d383cf3c1c33f03876a94e9/HikariSub/ConfigConverter.cpp#L404"
"Hotkeys","Cut","GRID_CUT","true","not applicable","resolve-to-worksheet-row","Preserve binding and context; historical N→S and W→V are context aliases only","https://github.com/altqx/hikari/blob/20d647c4c769ab7f5d383cf3c1c33f03876a94e9/HikariSub/ConfigConverter.cpp#L405"
"Hotkeys","ShowPreview","GRID_SHOW_PREVIEW","true","not applicable","resolve-to-worksheet-row","Preserve binding and context; historical N→S and W→V are context aliases only","https://github.com/altqx/hikari/blob/20d647c4c769ab7f5d383cf3c1c33f03876a94e9/HikariSub/ConfigConverter.cpp#L406"
"Hotkeys","HideSelected","GRID_HIDE_SELECTED","true","not applicable","resolve-to-worksheet-row","Preserve binding and context; historical N→S and W→V are context aliases only","https://github.com/altqx/hikari/blob/20d647c4c769ab7f5d383cf3c1c33f03876a94e9/HikariSub/ConfigConverter.cpp#L407"
"Hotkeys","FilterByNothing","GRID_FILTER_BY_NOTHING","true","not applicable","resolve-to-worksheet-row","Preserve binding and context; historical N→S and W→V are context aliases only","https://github.com/altqx/hikari/blob/20d647c4c769ab7f5d383cf3c1c33f03876a94e9/HikariSub/ConfigConverter.cpp#L408"
"Hotkeys","FilterByStyles","GRID_FILTER_BY_STYLES","true","not applicable","resolve-to-worksheet-row","Preserve binding and context; historical N→S and W→V are context aliases only","https://github.com/altqx/hikari/blob/20d647c4c769ab7f5d383cf3c1c33f03876a94e9/HikariSub/ConfigConverter.cpp#L409"
"Hotkeys","FilterBySelections","GRID_FILTER_BY_SELECTIONS","true","not applicable","resolve-to-worksheet-row","Preserve binding and context; historical N→S and W→V are context aliases only","https://github.com/altqx/hikari/blob/20d647c4c769ab7f5d383cf3c1c33f03876a94e9/HikariSub/ConfigConverter.cpp#L410"
"Hotkeys","FilterByDialogues","GRID_FILTER_BY_DIALOGUES","true","not applicable","resolve-to-worksheet-row","Preserve binding and context; historical N→S and W→V are context aliases only","https://github.com/altqx/hikari/blob/20d647c4c769ab7f5d383cf3c1c33f03876a94e9/HikariSub/ConfigConverter.cpp#L411"
"Hotkeys","FilterByDoubtful","GRID_FILTER_BY_DOUBTFUL","true","not applicable","resolve-to-worksheet-row","Preserve binding and context; historical N→S and W→V are context aliases only","https://github.com/altqx/hikari/blob/20d647c4c769ab7f5d383cf3c1c33f03876a94e9/HikariSub/ConfigConverter.cpp#L412"
"Hotkeys","FilterByUntranslated","GRID_FILTER_BY_UNTRANSLATED","true","not applicable","resolve-to-worksheet-row","Preserve binding and context; historical N→S and W→V are context aliases only","https://github.com/altqx/hikari/blob/20d647c4c769ab7f5d383cf3c1c33f03876a94e9/HikariSub/ConfigConverter.cpp#L413"
"Hotkeys","PasteTranslation","GRID_PASTE_TRANSLATION","true","not applicable","resolve-to-worksheet-row","Preserve binding and context; historical N→S and W→V are context aliases only","https://github.com/altqx/hikari/blob/20d647c4c769ab7f5d383cf3c1c33f03876a94e9/HikariSub/ConfigConverter.cpp#L414"
"Hotkeys","TranslationDialog","GRID_TRANSLATION_DIALOG","true","not applicable","resolve-to-worksheet-row","Preserve binding and context; historical N→S and W→V are context aliases only","https://github.com/altqx/hikari/blob/20d647c4c769ab7f5d383cf3c1c33f03876a94e9/HikariSub/ConfigConverter.cpp#L415"
"Hotkeys","SubsFromMKV","GRID_SUBS_FROM_MKV","true","not applicable","resolve-to-worksheet-row","Preserve binding and context; historical N→S and W→V are context aliases only","https://github.com/altqx/hikari/blob/20d647c4c769ab7f5d383cf3c1c33f03876a94e9/HikariSub/ConfigConverter.cpp#L416"
"Hotkeys","ContinousPrevious","GRID_MAKE_CONTINOUS_PREVIOUS_LINE","true","not applicable","resolve-to-worksheet-row","Preserve binding and context; historical N→S and W→V are context aliases only","https://github.com/altqx/hikari/blob/20d647c4c769ab7f5d383cf3c1c33f03876a94e9/HikariSub/ConfigConverter.cpp#L417"
"Hotkeys","ContinousNext","GRID_MAKE_CONTINOUS_NEXT_LINE","true","not applicable","resolve-to-worksheet-row","Preserve binding and context; historical N→S and W→V are context aliases only","https://github.com/altqx/hikari/blob/20d647c4c769ab7f5d383cf3c1c33f03876a94e9/HikariSub/ConfigConverter.cpp#L418"
"Hotkeys","PasteCollumns","GRID_PASTE_COLUMNS","true","not applicable","resolve-to-worksheet-row","Preserve binding and context; historical N→S and W→V are context aliases only","https://github.com/altqx/hikari/blob/20d647c4c769ab7f5d383cf3c1c33f03876a94e9/HikariSub/ConfigConverter.cpp#L419"
"Hotkeys","CopyCollumns","GRID_COPY_COLUMNS","true","not applicable","resolve-to-worksheet-row","Preserve binding and context; historical N→S and W→V are context aliases only","https://github.com/altqx/hikari/blob/20d647c4c769ab7f5d383cf3c1c33f03876a94e9/HikariSub/ConfigConverter.cpp#L420"
"Hotkeys","FPSFromVideo","GRID_SET_FPS_FROM_VIDEO","true","not applicable","resolve-to-worksheet-row","Preserve binding and context; historical N→S and W→V are context aliases only","https://github.com/altqx/hikari/blob/20d647c4c769ab7f5d383cf3c1c33f03876a94e9/HikariSub/ConfigConverter.cpp#L421"
"Hotkeys","NewFPS","GRID_SET_NEW_FPS","true","not applicable","resolve-to-worksheet-row","Preserve binding and context; historical N→S and W→V are context aliases only","https://github.com/altqx/hikari/blob/20d647c4c769ab7f5d383cf3c1c33f03876a94e9/HikariSub/ConfigConverter.cpp#L422"
"Hotkeys","SaveSubs","GLOBAL_SAVE_SUBS","true","not applicable","resolve-to-worksheet-row","Preserve binding and context; historical N→S and W→V are context aliases only","https://github.com/altqx/hikari/blob/20d647c4c769ab7f5d383cf3c1c33f03876a94e9/HikariSub/ConfigConverter.cpp#L423"
"Hotkeys","SaveAllSubs","GLOBAL_SAVE_ALL_SUBS","true","not applicable","resolve-to-worksheet-row","Preserve binding and context; historical N→S and W→V are context aliases only","https://github.com/altqx/hikari/blob/20d647c4c769ab7f5d383cf3c1c33f03876a94e9/HikariSub/ConfigConverter.cpp#L424"
"Hotkeys","SaveSubsAs","GLOBAL_SAVE_SUBS_AS","true","not applicable","resolve-to-worksheet-row","Preserve binding and context; historical N→S and W→V are context aliases only","https://github.com/altqx/hikari/blob/20d647c4c769ab7f5d383cf3c1c33f03876a94e9/HikariSub/ConfigConverter.cpp#L425"
"Hotkeys","SaveTranslation","GLOBAL_SAVE_TRANSLATION","true","not applicable","resolve-to-worksheet-row","Preserve binding and context; historical N→S and W→V are context aliases only","https://github.com/altqx/hikari/blob/20d647c4c769ab7f5d383cf3c1c33f03876a94e9/HikariSub/ConfigConverter.cpp#L426"
"Hotkeys","RemoveSubs","GLOBAL_REMOVE_SUBS","true","not applicable","resolve-to-worksheet-row","Preserve binding and context; historical N→S and W→V are context aliases only","https://github.com/altqx/hikari/blob/20d647c4c769ab7f5d383cf3c1c33f03876a94e9/HikariSub/ConfigConverter.cpp#L427"
"Hotkeys","Search","GLOBAL_SEARCH","true","not applicable","resolve-to-worksheet-row","Preserve binding and context; historical N→S and W→V are context aliases only","https://github.com/altqx/hikari/blob/20d647c4c769ab7f5d383cf3c1c33f03876a94e9/HikariSub/ConfigConverter.cpp#L428"
"Hotkeys","SelectLinesDialog","GLOBAL_OPEN_SELECT_LINES","true","not applicable","resolve-to-worksheet-row","Preserve binding and context; historical N→S and W→V are context aliases only","https://github.com/altqx/hikari/blob/20d647c4c769ab7f5d383cf3c1c33f03876a94e9/HikariSub/ConfigConverter.cpp#L429"
"Hotkeys","SpellcheckerDialog","GLOBAL_OPEN_SPELLCHECKER","true","not applicable","resolve-to-worksheet-row","Preserve binding and context; historical N→S and W→V are context aliases only","https://github.com/altqx/hikari/blob/20d647c4c769ab7f5d383cf3c1c33f03876a94e9/HikariSub/ConfigConverter.cpp#L430"
"Hotkeys","VideoIndexing","GLOBAL_VIDEO_INDEXING","true","not applicable","resolve-to-worksheet-row","Preserve binding and context; historical N→S and W→V are context aliases only","https://github.com/altqx/hikari/blob/20d647c4c769ab7f5d383cf3c1c33f03876a94e9/HikariSub/ConfigConverter.cpp#L431"
"Hotkeys","SaveWithVideoName","GLOBAL_SAVE_WITH_VIDEO_NAME","true","not applicable","resolve-to-worksheet-row","Preserve binding and context; historical N→S and W→V are context aliases only","https://github.com/altqx/hikari/blob/20d647c4c769ab7f5d383cf3c1c33f03876a94e9/HikariSub/ConfigConverter.cpp#L432"
"Hotkeys","OpenAudio","GLOBAL_OPEN_AUDIO","true","not applicable","resolve-to-worksheet-row","Preserve binding and context; historical N→S and W→V are context aliases only","https://github.com/altqx/hikari/blob/20d647c4c769ab7f5d383cf3c1c33f03876a94e9/HikariSub/ConfigConverter.cpp#L433"
"Hotkeys","AudioFromVideo","GLOBAL_AUDIO_FROM_VIDEO","true","not applicable","resolve-to-worksheet-row","Preserve binding and context; historical N→S and W→V are context aliases only","https://github.com/altqx/hikari/blob/20d647c4c769ab7f5d383cf3c1c33f03876a94e9/HikariSub/ConfigConverter.cpp#L434"
"Hotkeys","CloseAudio","GLOBAL_CLOSE_AUDIO","true","not applicable","resolve-to-worksheet-row","Preserve binding and context; historical N→S and W→V are context aliases only","https://github.com/altqx/hikari/blob/20d647c4c769ab7f5d383cf3c1c33f03876a94e9/HikariSub/ConfigConverter.cpp#L435"
"Hotkeys","ASSProperties","GLOBAL_OPEN_ASS_PROPERTIES","true","not applicable","resolve-to-worksheet-row","Preserve binding and context; historical N→S and W→V are context aliases only","https://github.com/altqx/hikari/blob/20d647c4c769ab7f5d383cf3c1c33f03876a94e9/HikariSub/ConfigConverter.cpp#L436"
"Hotkeys","StyleManager","GLOBAL_OPEN_STYLE_MANAGER","true","not applicable","resolve-to-worksheet-row","Preserve binding and context; historical N→S and W→V are context aliases only","https://github.com/altqx/hikari/blob/20d647c4c769ab7f5d383cf3c1c33f03876a94e9/HikariSub/ConfigConverter.cpp#L437"
"Hotkeys","SubsResample","GLOBAL_OPEN_SUBS_RESAMPLE","true","not applicable","resolve-to-worksheet-row","Preserve binding and context; historical N→S and W→V are context aliases only","https://github.com/altqx/hikari/blob/20d647c4c769ab7f5d383cf3c1c33f03876a94e9/HikariSub/ConfigConverter.cpp#L438"
"Hotkeys","FontCollectorID","GLOBAL_OPEN_FONT_COLLECTOR","true","not applicable","resolve-to-worksheet-row","Preserve binding and context; historical N→S and W→V are context aliases only","https://github.com/altqx/hikari/blob/20d647c4c769ab7f5d383cf3c1c33f03876a94e9/HikariSub/ConfigConverter.cpp#L439"
"Hotkeys","ConvertToASS","GLOBAL_CONVERT_TO_ASS","true","not applicable","resolve-to-worksheet-row","Preserve binding and context; historical N→S and W→V are context aliases only","https://github.com/altqx/hikari/blob/20d647c4c769ab7f5d383cf3c1c33f03876a94e9/HikariSub/ConfigConverter.cpp#L440"
"Hotkeys","ConvertToSRT","GLOBAL_CONVERT_TO_SRT","true","not applicable","resolve-to-worksheet-row","Preserve binding and context; historical N→S and W→V are context aliases only","https://github.com/altqx/hikari/blob/20d647c4c769ab7f5d383cf3c1c33f03876a94e9/HikariSub/ConfigConverter.cpp#L441"
"Hotkeys","ConvertToTMP","GLOBAL_CONVERT_TO_TMP","true","not applicable","resolve-to-worksheet-row","Preserve binding and context; historical N→S and W→V are context aliases only","https://github.com/altqx/hikari/blob/20d647c4c769ab7f5d383cf3c1c33f03876a94e9/HikariSub/ConfigConverter.cpp#L442"
"Hotkeys","ConvertToMDVD","GLOBAL_CONVERT_TO_MDVD","true","not applicable","resolve-to-worksheet-row","Preserve binding and context; historical N→S and W→V are context aliases only","https://github.com/altqx/hikari/blob/20d647c4c769ab7f5d383cf3c1c33f03876a94e9/HikariSub/ConfigConverter.cpp#L443"
"Hotkeys","ConvertToMPL2","GLOBAL_CONVERT_TO_MPL2","true","not applicable","resolve-to-worksheet-row","Preserve binding and context; historical N→S and W→V are context aliases only","https://github.com/altqx/hikari/blob/20d647c4c769ab7f5d383cf3c1c33f03876a94e9/HikariSub/ConfigConverter.cpp#L444"
"Hotkeys","HideTags","GLOBAL_HIDE_TAGS","true","not applicable","resolve-to-worksheet-row","Preserve binding and context; historical N→S and W→V are context aliases only","https://github.com/altqx/hikari/blob/20d647c4c769ab7f5d383cf3c1c33f03876a94e9/HikariSub/ConfigConverter.cpp#L445"
"Hotkeys","ChangeTime","GLOBAL_SHOW_SHIFT_TIMES","true","not applicable","resolve-to-worksheet-row","Preserve binding and context; historical N→S and W→V are context aliases only","https://github.com/altqx/hikari/blob/20d647c4c769ab7f5d383cf3c1c33f03876a94e9/HikariSub/ConfigConverter.cpp#L446"
"Hotkeys","ViewAll","GLOBAL_VIEW_ALL","true","not applicable","resolve-to-worksheet-row","Preserve binding and context; historical N→S and W→V are context aliases only","https://github.com/altqx/hikari/blob/20d647c4c769ab7f5d383cf3c1c33f03876a94e9/HikariSub/ConfigConverter.cpp#L447"
"Hotkeys","ViewAudio","GLOBAL_VIEW_AUDIO","true","not applicable","resolve-to-worksheet-row","Preserve binding and context; historical N→S and W→V are context aliases only","https://github.com/altqx/hikari/blob/20d647c4c769ab7f5d383cf3c1c33f03876a94e9/HikariSub/ConfigConverter.cpp#L448"
"Hotkeys","ViewVideo","GLOBAL_VIEW_VIDEO","true","not applicable","resolve-to-worksheet-row","Preserve binding and context; historical N→S and W→V are context aliases only","https://github.com/altqx/hikari/blob/20d647c4c769ab7f5d383cf3c1c33f03876a94e9/HikariSub/ConfigConverter.cpp#L449"
"Hotkeys","ViewSubs","GLOBAL_VIEW_SUBS","true","not applicable","resolve-to-worksheet-row","Preserve binding and context; historical N→S and W→V are context aliases only","https://github.com/altqx/hikari/blob/20d647c4c769ab7f5d383cf3c1c33f03876a94e9/HikariSub/ConfigConverter.cpp#L450"
"Hotkeys","AutoLoadScript","GLOBAL_AUTOMATION_LOAD_SCRIPT","true","not applicable","resolve-to-worksheet-row","Preserve binding and context; historical N→S and W→V are context aliases only","https://github.com/altqx/hikari/blob/20d647c4c769ab7f5d383cf3c1c33f03876a94e9/HikariSub/ConfigConverter.cpp#L451"
"Hotkeys","AutoReloadAutoload","GLOBAL_AUTOMATION_RELOAD_AUTOLOAD","true","not applicable","resolve-to-worksheet-row","Preserve binding and context; historical N→S and W→V are context aliases only","https://github.com/altqx/hikari/blob/20d647c4c769ab7f5d383cf3c1c33f03876a94e9/HikariSub/ConfigConverter.cpp#L452"
"Hotkeys","LoadLastScript","GLOBAL_AUTOMATION_LOAD_LAST_SCRIPT","true","not applicable","resolve-to-worksheet-row","Preserve binding and context; historical N→S and W→V are context aliases only","https://github.com/altqx/hikari/blob/20d647c4c769ab7f5d383cf3c1c33f03876a94e9/HikariSub/ConfigConverter.cpp#L453"
"Hotkeys","AUTOMATION_OPEN_HOTKEYS_WINDOW","GLOBAL_AUTOMATION_OPEN_HOTKEYS_WINDOW","true","not applicable","resolve-to-worksheet-row","Preserve binding and context; historical N→S and W→V are context aliases only","https://github.com/altqx/hikari/blob/20d647c4c769ab7f5d383cf3c1c33f03876a94e9/HikariSub/ConfigConverter.cpp#L454"
"Hotkeys","PlayPauseG","GLOBAL_PLAY_PAUSE","true","not applicable","resolve-to-worksheet-row","Preserve binding and context; historical N→S and W→V are context aliases only","https://github.com/altqx/hikari/blob/20d647c4c769ab7f5d383cf3c1c33f03876a94e9/HikariSub/ConfigConverter.cpp#L455"
"Hotkeys","PreviousFrame","GLOBAL_PREVIOUS_FRAME","true","not applicable","resolve-to-worksheet-row","Preserve binding and context; historical N→S and W→V are context aliases only","https://github.com/altqx/hikari/blob/20d647c4c769ab7f5d383cf3c1c33f03876a94e9/HikariSub/ConfigConverter.cpp#L456"
"Hotkeys","NextFrame","GLOBAL_NEXT_FRAME","true","not applicable","resolve-to-worksheet-row","Preserve binding and context; historical N→S and W→V are context aliases only","https://github.com/altqx/hikari/blob/20d647c4c769ab7f5d383cf3c1c33f03876a94e9/HikariSub/ConfigConverter.cpp#L457"
"Hotkeys","VideoZoom","GLOBAL_VIDEO_ZOOM","true","not applicable","resolve-to-worksheet-row","Preserve binding and context; historical N→S and W→V are context aliases only","https://github.com/altqx/hikari/blob/20d647c4c769ab7f5d383cf3c1c33f03876a94e9/HikariSub/ConfigConverter.cpp#L458"
"Hotkeys","SetStartTime","GLOBAL_SET_START_TIME","true","not applicable","resolve-to-worksheet-row","Preserve binding and context; historical N→S and W→V are context aliases only","https://github.com/altqx/hikari/blob/20d647c4c769ab7f5d383cf3c1c33f03876a94e9/HikariSub/ConfigConverter.cpp#L459"
"Hotkeys","SetEndTime","GLOBAL_SET_END_TIME","true","not applicable","resolve-to-worksheet-row","Preserve binding and context; historical N→S and W→V are context aliases only","https://github.com/altqx/hikari/blob/20d647c4c769ab7f5d383cf3c1c33f03876a94e9/HikariSub/ConfigConverter.cpp#L460"
"Hotkeys","SetVideoAtStart","GLOBAL_SET_VIDEO_AT_START_TIME","true","not applicable","resolve-to-worksheet-row","Preserve binding and context; historical N→S and W→V are context aliases only","https://github.com/altqx/hikari/blob/20d647c4c769ab7f5d383cf3c1c33f03876a94e9/HikariSub/ConfigConverter.cpp#L461"
"Hotkeys","SetVideoAtEnd","GLOBAL_SET_VIDEO_AT_END_TIME","true","not applicable","resolve-to-worksheet-row","Preserve binding and context; historical N→S and W→V are context aliases only","https://github.com/altqx/hikari/blob/20d647c4c769ab7f5d383cf3c1c33f03876a94e9/HikariSub/ConfigConverter.cpp#L462"
"Hotkeys","GoToNextKeyframe","GLOBAL_GO_TO_NEXT_KEYFRAME","true","not applicable","resolve-to-worksheet-row","Preserve binding and context; historical N→S and W→V are context aliases only","https://github.com/altqx/hikari/blob/20d647c4c769ab7f5d383cf3c1c33f03876a94e9/HikariSub/ConfigConverter.cpp#L463"
"Hotkeys","GoToPrewKeyframe","GLOBAL_GO_TO_PREVIOUS_KEYFRAME","true","not applicable","resolve-to-worksheet-row","Preserve binding and context; historical N→S and W→V are context aliases only","https://github.com/altqx/hikari/blob/20d647c4c769ab7f5d383cf3c1c33f03876a94e9/HikariSub/ConfigConverter.cpp#L464"
"Hotkeys","SetAudioFromVideo","GLOBAL_SET_AUDIO_FROM_VIDEO","true","not applicable","resolve-to-worksheet-row","Preserve binding and context; historical N→S and W→V are context aliases only","https://github.com/altqx/hikari/blob/20d647c4c769ab7f5d383cf3c1c33f03876a94e9/HikariSub/ConfigConverter.cpp#L465"
"Hotkeys","SetAudioMarkFromVideo","GLOBAL_SET_AUDIO_MARK_FROM_VIDEO","true","not applicable","resolve-to-worksheet-row","Preserve binding and context; historical N→S and W→V are context aliases only","https://github.com/altqx/hikari/blob/20d647c4c769ab7f5d383cf3c1c33f03876a94e9/HikariSub/ConfigConverter.cpp#L466"
"Hotkeys","Redo","GLOBAL_REDO","true","not applicable","resolve-to-worksheet-row","Preserve binding and context; historical N→S and W→V are context aliases only","https://github.com/altqx/hikari/blob/20d647c4c769ab7f5d383cf3c1c33f03876a94e9/HikariSub/ConfigConverter.cpp#L467"
"Hotkeys","Undo","GLOBAL_UNDO","true","not applicable","resolve-to-worksheet-row","Preserve binding and context; historical N→S and W→V are context aliases only","https://github.com/altqx/hikari/blob/20d647c4c769ab7f5d383cf3c1c33f03876a94e9/HikariSub/ConfigConverter.cpp#L468"
"Hotkeys","UndoToLastSave","GLOBAL_UNDO_TO_LAST_SAVE","true","not applicable","resolve-to-worksheet-row","Preserve binding and context; historical N→S and W→V are context aliases only","https://github.com/altqx/hikari/blob/20d647c4c769ab7f5d383cf3c1c33f03876a94e9/HikariSub/ConfigConverter.cpp#L469"
"Hotkeys","History","GLOBAL_HISTORY","true","not applicable","resolve-to-worksheet-row","Preserve binding and context; historical N→S and W→V are context aliases only","https://github.com/altqx/hikari/blob/20d647c4c769ab7f5d383cf3c1c33f03876a94e9/HikariSub/ConfigConverter.cpp#L470"
"Hotkeys","OpenSubs","GLOBAL_OPEN_SUBS","true","not applicable","resolve-to-worksheet-row","Preserve binding and context; historical N→S and W→V are context aliases only","https://github.com/altqx/hikari/blob/20d647c4c769ab7f5d383cf3c1c33f03876a94e9/HikariSub/ConfigConverter.cpp#L471"
"Hotkeys","OpenVideo","GLOBAL_OPEN_VIDEO","true","not applicable","resolve-to-worksheet-row","Preserve binding and context; historical N→S and W→V are context aliases only","https://github.com/altqx/hikari/blob/20d647c4c769ab7f5d383cf3c1c33f03876a94e9/HikariSub/ConfigConverter.cpp#L472"
"Hotkeys","GLOBAL_KEYFRAMES_OPEN","GLOBAL_OPEN_KEYFRAMES","true","not applicable","resolve-to-worksheet-row","Preserve binding and context; historical N→S and W→V are context aliases only","https://github.com/altqx/hikari/blob/20d647c4c769ab7f5d383cf3c1c33f03876a94e9/HikariSub/ConfigConverter.cpp#L473"
"Hotkeys","Settings","GLOBAL_SETTINGS","true","not applicable","resolve-to-worksheet-row","Preserve binding and context; historical N→S and W→V are context aliases only","https://github.com/altqx/hikari/blob/20d647c4c769ab7f5d383cf3c1c33f03876a94e9/HikariSub/ConfigConverter.cpp#L474"
"Hotkeys","Quit","GLOBAL_QUIT","true","not applicable","resolve-to-worksheet-row","Preserve binding and context; historical N→S and W→V are context aliases only","https://github.com/altqx/hikari/blob/20d647c4c769ab7f5d383cf3c1c33f03876a94e9/HikariSub/ConfigConverter.cpp#L475"
"Hotkeys","Editor","GLOBAL_EDITOR","true","not applicable","resolve-to-worksheet-row","Preserve binding and context; historical N→S and W→V are context aliases only","https://github.com/altqx/hikari/blob/20d647c4c769ab7f5d383cf3c1c33f03876a94e9/HikariSub/ConfigConverter.cpp#L476"
"Hotkeys","About","GLOBAL_ABOUT","true","not applicable","resolve-to-worksheet-row","Preserve binding and context; historical N→S and W→V are context aliases only","https://github.com/altqx/hikari/blob/20d647c4c769ab7f5d383cf3c1c33f03876a94e9/HikariSub/ConfigConverter.cpp#L477"
"Hotkeys","Helpers","GLOBAL_HELPERS","true","not applicable","resolve-to-worksheet-row","Preserve binding and context; historical N→S and W→V are context aliases only","https://github.com/altqx/hikari/blob/20d647c4c769ab7f5d383cf3c1c33f03876a94e9/HikariSub/ConfigConverter.cpp#L478"
"Hotkeys","Help","GLOBAL_HELP","true","not applicable","resolve-to-worksheet-row","Preserve binding and context; historical N→S and W→V are context aliases only","https://github.com/altqx/hikari/blob/20d647c4c769ab7f5d383cf3c1c33f03876a94e9/HikariSub/ConfigConverter.cpp#L479"
"Hotkeys","ANSI","GLOBAL_ANSI","true","not applicable","resolve-to-worksheet-row","Preserve binding and context; historical N→S and W→V are context aliases only","https://github.com/altqx/hikari/blob/20d647c4c769ab7f5d383cf3c1c33f03876a94e9/HikariSub/ConfigConverter.cpp#L480"
"Hotkeys","PreviousLine","GLOBAL_PREVIOUS_LINE","true","not applicable","resolve-to-worksheet-row","Preserve binding and context; historical N→S and W→V are context aliases only","https://github.com/altqx/hikari/blob/20d647c4c769ab7f5d383cf3c1c33f03876a94e9/HikariSub/ConfigConverter.cpp#L481"
"Hotkeys","NextLine","GLOBAL_NEXT_LINE","true","not applicable","resolve-to-worksheet-row","Preserve binding and context; historical N→S and W→V are context aliases only","https://github.com/altqx/hikari/blob/20d647c4c769ab7f5d383cf3c1c33f03876a94e9/HikariSub/ConfigConverter.cpp#L482"
"Hotkeys","JoinWithPrevious","GLOBAL_JOIN_WITH_PREVIOUS","true","not applicable","resolve-to-worksheet-row","Preserve binding and context; historical N→S and W→V are context aliases only","https://github.com/altqx/hikari/blob/20d647c4c769ab7f5d383cf3c1c33f03876a94e9/HikariSub/ConfigConverter.cpp#L483"
"Hotkeys","JoinWithNext","GLOBAL_JOIN_WITH_NEXT","true","not applicable","resolve-to-worksheet-row","Preserve binding and context; historical N→S and W→V are context aliases only","https://github.com/altqx/hikari/blob/20d647c4c769ab7f5d383cf3c1c33f03876a94e9/HikariSub/ConfigConverter.cpp#L484"
"Hotkeys","NextTab","GLOBAL_NEXT_TAB","true","not applicable","resolve-to-worksheet-row","Preserve binding and context; historical N→S and W→V are context aliases only","https://github.com/altqx/hikari/blob/20d647c4c769ab7f5d383cf3c1c33f03876a94e9/HikariSub/ConfigConverter.cpp#L485"
"Hotkeys","PreviousTab","GLOBAL_PREVIOUS_TAB","true","not applicable","resolve-to-worksheet-row","Preserve binding and context; historical N→S and W→V are context aliases only","https://github.com/altqx/hikari/blob/20d647c4c769ab7f5d383cf3c1c33f03876a94e9/HikariSub/ConfigConverter.cpp#L486"
"Hotkeys","Remove","GLOBAL_REMOVE_LINES","true","not applicable","resolve-to-worksheet-row","Preserve binding and context; historical N→S and W→V are context aliases only","https://github.com/altqx/hikari/blob/20d647c4c769ab7f5d383cf3c1c33f03876a94e9/HikariSub/ConfigConverter.cpp#L487"
"Hotkeys","RemoveText","GLOBAL_REMOVE_TEXT","true","not applicable","resolve-to-worksheet-row","Preserve binding and context; historical N→S and W→V are context aliases only","https://github.com/altqx/hikari/blob/20d647c4c769ab7f5d383cf3c1c33f03876a94e9/HikariSub/ConfigConverter.cpp#L488"
"Hotkeys","SnapWithStart","GLOBAL_SNAP_WITH_START","true","not applicable","resolve-to-worksheet-row","Preserve binding and context; historical N→S and W→V are context aliases only","https://github.com/altqx/hikari/blob/20d647c4c769ab7f5d383cf3c1c33f03876a94e9/HikariSub/ConfigConverter.cpp#L489"
"Hotkeys","SnapWithEnd","GLOBAL_SNAP_WITH_END","true","not applicable","resolve-to-worksheet-row","Preserve binding and context; historical N→S and W→V are context aliases only","https://github.com/altqx/hikari/blob/20d647c4c769ab7f5d383cf3c1c33f03876a94e9/HikariSub/ConfigConverter.cpp#L490"
"Hotkeys","Plus5SecondG","GLOBAL_5_SECONDS_FORWARD","false","not applicable","preserve-unresolved","Target absent from current IDS; preserve original record, no nearest-action guess","https://github.com/altqx/hikari/blob/20d647c4c769ab7f5d383cf3c1c33f03876a94e9/HikariSub/ConfigConverter.cpp#L491"
"Hotkeys","Minus5SecondG","GLOBAL_5_SECONDS_BACKWARD","false","not applicable","preserve-unresolved","Target absent from current IDS; preserve original record, no nearest-action guess","https://github.com/altqx/hikari/blob/20d647c4c769ab7f5d383cf3c1c33f03876a94e9/HikariSub/ConfigConverter.cpp#L492"
"Hotkeys","SortLines","GLOBAL_SORT_LINES","true","not applicable","resolve-to-worksheet-row","Preserve binding and context; historical N→S and W→V are context aliases only","https://github.com/altqx/hikari/blob/20d647c4c769ab7f5d383cf3c1c33f03876a94e9/HikariSub/ConfigConverter.cpp#L493"
"Hotkeys","SortSelected","GLOBAL_SORT_SELECTED_LINES","true","not applicable","resolve-to-worksheet-row","Preserve binding and context; historical N→S and W→V are context aliases only","https://github.com/altqx/hikari/blob/20d647c4c769ab7f5d383cf3c1c33f03876a94e9/HikariSub/ConfigConverter.cpp#L494"
"Hotkeys","RecentAudio","GLOBAL_RECENT_AUDIO","true","not applicable","resolve-to-worksheet-row","Preserve binding and context; historical N→S and W→V are context aliases only","https://github.com/altqx/hikari/blob/20d647c4c769ab7f5d383cf3c1c33f03876a94e9/HikariSub/ConfigConverter.cpp#L495"
"Hotkeys","RecentVideo","GLOBAL_RECENT_VIDEO","true","not applicable","resolve-to-worksheet-row","Preserve binding and context; historical N→S and W→V are context aliases only","https://github.com/altqx/hikari/blob/20d647c4c769ab7f5d383cf3c1c33f03876a94e9/HikariSub/ConfigConverter.cpp#L496"
"Hotkeys","RecentSubs","GLOBAL_RECENT_SUBS","true","not applicable","resolve-to-worksheet-row","Preserve binding and context; historical N→S and W→V are context aliases only","https://github.com/altqx/hikari/blob/20d647c4c769ab7f5d383cf3c1c33f03876a94e9/HikariSub/ConfigConverter.cpp#L497"
"Hotkeys","GLOBAL_KEYFRAMES_RECENT","GLOBAL_RECENT_KEYFRAMES","true","not applicable","resolve-to-worksheet-row","Preserve binding and context; historical N→S and W→V are context aliases only","https://github.com/altqx/hikari/blob/20d647c4c769ab7f5d383cf3c1c33f03876a94e9/HikariSub/ConfigConverter.cpp#L498"
"Hotkeys","SelectFromVideo","GLOBAL_SELECT_FROM_VIDEO","true","not applicable","resolve-to-worksheet-row","Preserve binding and context; historical N→S and W→V are context aliases only","https://github.com/altqx/hikari/blob/20d647c4c769ab7f5d383cf3c1c33f03876a94e9/HikariSub/ConfigConverter.cpp#L499"
"Hotkeys","PlayActualLine","GLOBAL_PLAY_ACTUAL_LINE","true","not applicable","resolve-to-worksheet-row","Preserve binding and context; historical N→S and W→V are context aliases only","https://github.com/altqx/hikari/blob/20d647c4c769ab7f5d383cf3c1c33f03876a94e9/HikariSub/ConfigConverter.cpp#L500"
