ordinal,source_key,source_file,source_typed_use,proposed_type,unit,source_default_expression,proposed_owner,proposed_destination,disposition,rule,definition,consumer_evidence
"1","AUDIO_AUTO_COMMIT","AudioConfig.txt","Bool","boolean","none","L""true""","Application profile","Audio timing and audition preferences — audio auto commit","map-proposed","Copy the preference as an initial setting; PortAudio conversion, timing behavior and per-document overrides are separate contracts.","https://github.com/altqx/hikari/blob/20d647c4c769ab7f5d383cf3c1c33f03876a94e9/HikariSub/config.h#L68","https://github.com/altqx/hikari/blob/20d647c4c769ab7f5d383cf3c1c33f03876a94e9/HikariSub/AudioBox.cpp#L207 ; https://github.com/altqx/hikari/blob/20d647c4c769ab7f5d383cf3c1c33f03876a94e9/HikariSub/AudioDisplay.cpp#L1753"
"2","AUDIO_AUTO_FOCUS","AudioConfig.txt","Bool","boolean","none","L""true""","Application profile","Audio timing and audition preferences — audio auto focus","map-proposed","Copy the preference as an initial setting; PortAudio conversion, timing behavior and per-document overrides are separate contracts.","https://github.com/altqx/hikari/blob/20d647c4c769ab7f5d383cf3c1c33f03876a94e9/HikariSub/config.h#L69","https://github.com/altqx/hikari/blob/20d647c4c769ab7f5d383cf3c1c33f03876a94e9/HikariSub/AudioDisplay.cpp#L2024 ; https://github.com/altqx/hikari/blob/20d647c4c769ab7f5d383cf3c1c33f03876a94e9/HikariSub/OptionsDialog.cpp#L705"
"3","AUDIO_AUTO_SCROLL","AudioConfig.txt","Bool","boolean","none","L""true""","Application profile","Audio timing and audition preferences — audio auto scroll","map-proposed","Copy the preference as an initial setting; PortAudio conversion, timing behavior and per-document overrides are separate contracts.","https://github.com/altqx/hikari/blob/20d647c4c769ab7f5d383cf3c1c33f03876a94e9/HikariSub/config.h#L70","https://github.com/altqx/hikari/blob/20d647c4c769ab7f5d383cf3c1c33f03876a94e9/HikariSub/AudioBox.cpp#L215 ; https://github.com/altqx/hikari/blob/20d647c4c769ab7f5d383cf3c1c33f03876a94e9/HikariSub/AudioDisplay.cpp#L1193"
"4","AUDIO_CACHE_FILES_LIMIT","AudioConfig.txt","Int","integer token","files","L""10""","Application profile","Audio timing and audition preferences — audio cache files limit","map-proposed","Copy the preference as an initial setting; PortAudio conversion, timing behavior and per-document overrides are separate contracts.","https://github.com/altqx/hikari/blob/20d647c4c769ab7f5d383cf3c1c33f03876a94e9/HikariSub/config.h#L71","https://github.com/altqx/hikari/blob/20d647c4c769ab7f5d383cf3c1c33f03876a94e9/HikariSub/ProviderFFMS2.cpp#L877 ; https://github.com/altqx/hikari/blob/20d647c4c769ab7f5d383cf3c1c33f03876a94e9/HikariSub/OptionsDialog.cpp#L722"
"5","AUDIO_DELAY","AudioConfig.txt","Int","integer token","milliseconds before sample conversion","L""0""","Application profile","Audio timing and audition preferences — Audio offset in milliseconds before sample-frame conversion","map-proposed","Copy the preference as an initial setting; PortAudio conversion, timing behavior and per-document overrides are separate contracts.","https://github.com/altqx/hikari/blob/20d647c4c769ab7f5d383cf3c1c33f03876a94e9/HikariSub/config.h#L72","https://github.com/altqx/hikari/blob/20d647c4c769ab7f5d383cf3c1c33f03876a94e9/HikariSub/ProviderFFMS2.cpp#L482 ; https://github.com/altqx/hikari/blob/20d647c4c769ab7f5d383cf3c1c33f03876a94e9/HikariSub/OptionsDialog.cpp#L721"
"6","AUDIO_DONT_PLAY_WHEN_LINE_CHANGES","AudioConfig.txt","Bool","boolean","none","unset (empty string)","Application profile","Audio timing and audition preferences — audio dont play when line changes","map-proposed","Copy the preference as an initial setting; PortAudio conversion, timing behavior and per-document overrides are separate contracts.","https://github.com/altqx/hikari/blob/20d647c4c769ab7f5d383cf3c1c33f03876a94e9/HikariSub/config.h#L73","https://github.com/altqx/hikari/blob/20d647c4c769ab7f5d383cf3c1c33f03876a94e9/HikariSub/AudioBox.cpp#L368 ; https://github.com/altqx/hikari/blob/20d647c4c769ab7f5d383cf3c1c33f03876a94e9/HikariSub/AudioBox.cpp#L378"
"7","AUDIO_DRAW_KEYFRAMES","AudioConfig.txt","Bool","boolean","none","L""true""","Application profile","Audio timing and audition preferences — audio draw keyframes","map-proposed","Copy the preference as an initial setting; PortAudio conversion, timing behavior and per-document overrides are separate contracts.","https://github.com/altqx/hikari/blob/20d647c4c769ab7f5d383cf3c1c33f03876a94e9/HikariSub/config.h#L74","https://github.com/altqx/hikari/blob/20d647c4c769ab7f5d383cf3c1c33f03876a94e9/HikariSub/AudioDisplay.cpp#L1513 ; https://github.com/altqx/hikari/blob/20d647c4c769ab7f5d383cf3c1c33f03876a94e9/HikariSub/OptionsDialog.cpp#L705"
"8","AUDIO_DRAW_SECONDARY_LINES","AudioConfig.txt","Bool","boolean","none","L""true""","Application profile","Audio timing and audition preferences — audio draw secondary lines","map-proposed","Copy the preference as an initial setting; PortAudio conversion, timing behavior and per-document overrides are separate contracts.","https://github.com/altqx/hikari/blob/20d647c4c769ab7f5d383cf3c1c33f03876a94e9/HikariSub/config.h#L75","https://github.com/altqx/hikari/blob/20d647c4c769ab7f5d383cf3c1c33f03876a94e9/HikariSub/AudioDisplay.cpp#L1512 ; https://github.com/altqx/hikari/blob/20d647c4c769ab7f5d383cf3c1c33f03876a94e9/HikariSub/OptionsDialog.cpp#L704"
"9","AUDIO_DRAW_SELECTION_BACKGROUND","AudioConfig.txt","Bool","boolean","none","L""true""","Application profile","Audio timing and audition preferences — audio draw selection background","map-proposed","Copy the preference as an initial setting; PortAudio conversion, timing behavior and per-document overrides are separate contracts.","https://github.com/altqx/hikari/blob/20d647c4c769ab7f5d383cf3c1c33f03876a94e9/HikariSub/config.h#L76","https://github.com/altqx/hikari/blob/20d647c4c769ab7f5d383cf3c1c33f03876a94e9/HikariSub/AudioDisplay.cpp#L1510 ; https://github.com/altqx/hikari/blob/20d647c4c769ab7f5d383cf3c1c33f03876a94e9/HikariSub/OptionsDialog.cpp#L704"
"10","AUDIO_DRAW_TIME_CURSOR","AudioConfig.txt","No direct typed getter","boolean","none","L""true""","Application profile","Audio timing and audition preferences — audio draw time cursor","preserve-unresolved","Copy the preference as an initial setting; PortAudio conversion, timing behavior and per-document overrides are separate contracts. Boolean preference binding/default exists, but no direct runtime getter found. Preserve and characterize rather than promise a working equivalent.","https://github.com/altqx/hikari/blob/20d647c4c769ab7f5d383cf3c1c33f03876a94e9/HikariSub/config.h#L77","https://github.com/altqx/hikari/blob/20d647c4c769ab7f5d383cf3c1c33f03876a94e9/HikariSub/OptionsDialog.cpp#L704"
"11","AUDIO_DRAW_VIDEO_POSITION","AudioConfig.txt","Bool","boolean","none","L""true""","Application profile","Audio timing and audition preferences — audio draw video position","map-proposed","Copy the preference as an initial setting; PortAudio conversion, timing behavior and per-document overrides are separate contracts.","https://github.com/altqx/hikari/blob/20d647c4c769ab7f5d383cf3c1c33f03876a94e9/HikariSub/config.h#L78","https://github.com/altqx/hikari/blob/20d647c4c769ab7f5d383cf3c1c33f03876a94e9/HikariSub/AudioDisplay.cpp#L1509 ; https://github.com/altqx/hikari/blob/20d647c4c769ab7f5d383cf3c1c33f03876a94e9/HikariSub/OptionsDialog.cpp#L704"
"12","AUDIO_GRAB_TIMES_ON_SELECT","AudioConfig.txt","Bool","boolean","none","L""true""","Application profile","Audio timing and audition preferences — audio grab times on select","map-proposed","Copy the preference as an initial setting; PortAudio conversion, timing behavior and per-document overrides are separate contracts.","https://github.com/altqx/hikari/blob/20d647c4c769ab7f5d383cf3c1c33f03876a94e9/HikariSub/config.h#L79","https://github.com/altqx/hikari/blob/20d647c4c769ab7f5d383cf3c1c33f03876a94e9/HikariSub/AudioDisplay.cpp#L1674"
"13","AUDIO_HORIZONTAL_ZOOM","AudioConfig.txt","Int","integer token","legacy zoom slider position (nonlinear mapping)","L""50""","Application profile","Audio timing and audition preferences — Horizontal zoom control value (not directly pixels or seconds)","map-proposed","Copy the preference as an initial setting; PortAudio conversion, timing behavior and per-document overrides are separate contracts.","https://github.com/altqx/hikari/blob/20d647c4c769ab7f5d383cf3c1c33f03876a94e9/HikariSub/config.h#L80","https://github.com/altqx/hikari/blob/20d647c4c769ab7f5d383cf3c1c33f03876a94e9/HikariSub/AudioBox.cpp#L103 ; https://github.com/altqx/hikari/blob/20d647c4c769ab7f5d383cf3c1c33f03876a94e9/HikariSub/AudioBox.cpp#L271"
"14","AUDIO_INACTIVE_LINES_DISPLAY_MODE","AudioConfig.txt","Int","integer token","legacy display enum","L""1""","Application profile","Audio timing and audition preferences — audio inactive lines display mode","map-proposed","Copy the preference as an initial setting; PortAudio conversion, timing behavior and per-document overrides are separate contracts.","https://github.com/altqx/hikari/blob/20d647c4c769ab7f5d383cf3c1c33f03876a94e9/HikariSub/config.h#L81","https://github.com/altqx/hikari/blob/20d647c4c769ab7f5d383cf3c1c33f03876a94e9/HikariSub/AudioDisplay.cpp#L1508 ; https://github.com/altqx/hikari/blob/20d647c4c769ab7f5d383cf3c1c33f03876a94e9/HikariSub/HikariSubFrame.cpp#L2551"
"15","AUDIO_KARAOKE","AudioConfig.txt","Bool","boolean","none","L""false""","Application profile","Audio timing and audition preferences — audio karaoke","map-proposed","Copy the preference as an initial setting; PortAudio conversion, timing behavior and per-document overrides are separate contracts.","https://github.com/altqx/hikari/blob/20d647c4c769ab7f5d383cf3c1c33f03876a94e9/HikariSub/config.h#L82","https://github.com/altqx/hikari/blob/20d647c4c769ab7f5d383cf3c1c33f03876a94e9/HikariSub/AudioDisplay.cpp#L81 ; https://github.com/altqx/hikari/blob/20d647c4c769ab7f5d383cf3c1c33f03876a94e9/HikariSub/AudioBox.cpp#L486"
"16","AUDIO_KARAOKE_MOVE_ON_CLICK","AudioConfig.txt","Bool","boolean","none","unset (empty string)","Application profile","Audio timing and audition preferences — audio karaoke move on click","map-proposed","Copy the preference as an initial setting; PortAudio conversion, timing behavior and per-document overrides are separate contracts.","https://github.com/altqx/hikari/blob/20d647c4c769ab7f5d383cf3c1c33f03876a94e9/HikariSub/config.h#L83","https://github.com/altqx/hikari/blob/20d647c4c769ab7f5d383cf3c1c33f03876a94e9/HikariSub/AudioDisplay.cpp#L2180 ; https://github.com/altqx/hikari/blob/20d647c4c769ab7f5d383cf3c1c33f03876a94e9/HikariSub/OptionsDialog.cpp#L706"
"17","AUDIO_KARAOKE_SPLIT_MODE","AudioConfig.txt","Bool","boolean","none","L""true""","Application profile","Audio timing and audition preferences — audio karaoke split mode","map-proposed","Copy the preference as an initial setting; PortAudio conversion, timing behavior and per-document overrides are separate contracts.","https://github.com/altqx/hikari/blob/20d647c4c769ab7f5d383cf3c1c33f03876a94e9/HikariSub/config.h#L84","https://github.com/altqx/hikari/blob/20d647c4c769ab7f5d383cf3c1c33f03876a94e9/HikariSub/AudioDisplay.cpp#L80 ; https://github.com/altqx/hikari/blob/20d647c4c769ab7f5d383cf3c1c33f03876a94e9/HikariSub/AudioBox.cpp#L500"
"18","AUDIO_LEAD_IN_VALUE","AudioConfig.txt","Int","integer token","milliseconds","L""200""","Application profile","Audio timing and audition preferences — audio lead in value","map-proposed","Copy the preference as an initial setting; PortAudio conversion, timing behavior and per-document overrides are separate contracts.","https://github.com/altqx/hikari/blob/20d647c4c769ab7f5d383cf3c1c33f03876a94e9/HikariSub/config.h#L85","https://github.com/altqx/hikari/blob/20d647c4c769ab7f5d383cf3c1c33f03876a94e9/HikariSub/AudioDisplay.cpp#L1741 ; https://github.com/altqx/hikari/blob/20d647c4c769ab7f5d383cf3c1c33f03876a94e9/HikariSub/OptionsDialog.cpp#L722"
"19","AUDIO_LEAD_OUT_VALUE","AudioConfig.txt","Int","integer token","milliseconds","L""300""","Application profile","Audio timing and audition preferences — audio lead out value","map-proposed","Copy the preference as an initial setting; PortAudio conversion, timing behavior and per-document overrides are separate contracts.","https://github.com/altqx/hikari/blob/20d647c4c769ab7f5d383cf3c1c33f03876a94e9/HikariSub/config.h#L86","https://github.com/altqx/hikari/blob/20d647c4c769ab7f5d383cf3c1c33f03876a94e9/HikariSub/AudioDisplay.cpp#L1747 ; https://github.com/altqx/hikari/blob/20d647c4c769ab7f5d383cf3c1c33f03876a94e9/HikariSub/OptionsDialog.cpp#L722"
"20","AUDIO_LINE_BOUNDARIES_THICKNESS","AudioConfig.txt","Int","integer token","legacy pen-width pixels","L""2""","Application profile","Audio timing and audition preferences — audio line boundaries thickness","map-proposed","Copy the preference as an initial setting; PortAudio conversion, timing behavior and per-document overrides are separate contracts.","https://github.com/altqx/hikari/blob/20d647c4c769ab7f5d383cf3c1c33f03876a94e9/HikariSub/config.h#L87","https://github.com/altqx/hikari/blob/20d647c4c769ab7f5d383cf3c1c33f03876a94e9/HikariSub/AudioDisplay.cpp#L1507 ; https://github.com/altqx/hikari/blob/20d647c4c769ab7f5d383cf3c1c33f03876a94e9/HikariSub/OptionsDialog.cpp#L722"
"21","AUDIO_LINK","AudioConfig.txt","Bool","boolean","none","L""false""","Application profile","Audio timing and audition preferences — audio link","map-proposed","Copy the preference as an initial setting; PortAudio conversion, timing behavior and per-document overrides are separate contracts.","https://github.com/altqx/hikari/blob/20d647c4c769ab7f5d383cf3c1c33f03876a94e9/HikariSub/config.h#L88","https://github.com/altqx/hikari/blob/20d647c4c769ab7f5d383cf3c1c33f03876a94e9/HikariSub/AudioBox.cpp#L116 ; https://github.com/altqx/hikari/blob/20d647c4c769ab7f5d383cf3c1c33f03876a94e9/HikariSub/AudioBox.cpp#L330"
"22","AUDIO_LOCK_SCROLL_ON_CURSOR","AudioConfig.txt","No direct typed getter","boolean","none","L""false""","Application profile","Audio timing and audition preferences — audio lock scroll on cursor","preserve-unresolved","Copy the preference as an initial setting; PortAudio conversion, timing behavior and per-document overrides are separate contracts. Boolean preference binding/default exists, but no direct runtime getter found. Preserve and characterize rather than promise a working equivalent.","https://github.com/altqx/hikari/blob/20d647c4c769ab7f5d383cf3c1c33f03876a94e9/HikariSub/config.h#L89","https://github.com/altqx/hikari/blob/20d647c4c769ab7f5d383cf3c1c33f03876a94e9/HikariSub/OptionsDialog.cpp#L705"
"23","AUDIO_MARK_PLAY_TIME","AudioConfig.txt","Int","integer token","milliseconds","L""1000""","Application profile","Audio timing and audition preferences — audio mark play time","map-proposed","Copy the preference as an initial setting; PortAudio conversion, timing behavior and per-document overrides are separate contracts.","https://github.com/altqx/hikari/blob/20d647c4c769ab7f5d383cf3c1c33f03876a94e9/HikariSub/config.h#L90","https://github.com/altqx/hikari/blob/20d647c4c769ab7f5d383cf3c1c33f03876a94e9/HikariSub/AudioBox.cpp#L388 ; https://github.com/altqx/hikari/blob/20d647c4c769ab7f5d383cf3c1c33f03876a94e9/HikariSub/AudioBox.cpp#L395"
"24","AUDIO_MERGE_EVERY_N_WITH_SYLLABLE","AudioConfig.txt","Bool","boolean","none","unset (empty string)","Application profile","Audio timing and audition preferences — audio merge every n with syllable","map-proposed","Copy the preference as an initial setting; PortAudio conversion, timing behavior and per-document overrides are separate contracts.","https://github.com/altqx/hikari/blob/20d647c4c769ab7f5d383cf3c1c33f03876a94e9/HikariSub/config.h#L91","https://github.com/altqx/hikari/blob/20d647c4c769ab7f5d383cf3c1c33f03876a94e9/HikariSub/KaraokeSplitting.cpp#L45 ; https://github.com/altqx/hikari/blob/20d647c4c769ab7f5d383cf3c1c33f03876a94e9/HikariSub/OptionsDialog.cpp#L706"
"25","AUDIO_NEXT_LINE_ON_COMMIT","AudioConfig.txt","Bool","boolean","none","L""true""","Application profile","Audio timing and audition preferences — audio next line on commit","map-proposed","Copy the preference as an initial setting; PortAudio conversion, timing behavior and per-document overrides are separate contracts.","https://github.com/altqx/hikari/blob/20d647c4c769ab7f5d383cf3c1c33f03876a94e9/HikariSub/config.h#L92","https://github.com/altqx/hikari/blob/20d647c4c769ab7f5d383cf3c1c33f03876a94e9/HikariSub/AudioBox.cpp#L211 ; https://github.com/altqx/hikari/blob/20d647c4c769ab7f5d383cf3c1c33f03876a94e9/HikariSub/AudioBox.cpp#L535"
"26","AUDIO_RAM_CACHE","AudioConfig.txt","Bool","boolean","none","L""false""","Application profile","Audio timing and audition preferences — audio ram cache","map-proposed","Copy the preference as an initial setting; PortAudio conversion, timing behavior and per-document overrides are separate contracts.","https://github.com/altqx/hikari/blob/20d647c4c769ab7f5d383cf3c1c33f03876a94e9/HikariSub/config.h#L93","https://github.com/altqx/hikari/blob/20d647c4c769ab7f5d383cf3c1c33f03876a94e9/HikariSub/ProviderFFMS2.cpp#L87 ; https://github.com/altqx/hikari/blob/20d647c4c769ab7f5d383cf3c1c33f03876a94e9/HikariSub/OptionsDialog.cpp#L706"
"27","AUDIO_SNAP_TO_KEYFRAMES","AudioConfig.txt","Bool","boolean","none","L""false""","Application profile","Audio timing and audition preferences — audio snap to keyframes","map-proposed","Copy the preference as an initial setting; PortAudio conversion, timing behavior and per-document overrides are separate contracts.","https://github.com/altqx/hikari/blob/20d647c4c769ab7f5d383cf3c1c33f03876a94e9/HikariSub/config.h#L94","https://github.com/altqx/hikari/blob/20d647c4c769ab7f5d383cf3c1c33f03876a94e9/HikariSub/AudioDisplay.cpp#L2498 ; https://github.com/altqx/hikari/blob/20d647c4c769ab7f5d383cf3c1c33f03876a94e9/HikariSub/OptionsDialog.cpp#L705"
"28","AUDIO_SNAP_TO_OTHER_LINES","AudioConfig.txt","Bool","boolean","none","L""false""","Application profile","Audio timing and audition preferences — audio snap to other lines","map-proposed","Copy the preference as an initial setting; PortAudio conversion, timing behavior and per-document overrides are separate contracts.","https://github.com/altqx/hikari/blob/20d647c4c769ab7f5d383cf3c1c33f03876a94e9/HikariSub/config.h#L95","https://github.com/altqx/hikari/blob/20d647c4c769ab7f5d383cf3c1c33f03876a94e9/HikariSub/AudioDisplay.cpp#L2516 ; https://github.com/altqx/hikari/blob/20d647c4c769ab7f5d383cf3c1c33f03876a94e9/HikariSub/OptionsDialog.cpp#L705"
"29","AUDIO_SPECTRUM_ON","AudioConfig.txt","Bool","boolean","none","L""false""","Application profile","Audio timing and audition preferences — audio spectrum on","map-proposed","Copy the preference as an initial setting; PortAudio conversion, timing behavior and per-document overrides are separate contracts.","https://github.com/altqx/hikari/blob/20d647c4c769ab7f5d383cf3c1c33f03876a94e9/HikariSub/config.h#L96","https://github.com/altqx/hikari/blob/20d647c4c769ab7f5d383cf3c1c33f03876a94e9/HikariSub/AudioBox.cpp#L219 ; https://github.com/altqx/hikari/blob/20d647c4c769ab7f5d383cf3c1c33f03876a94e9/HikariSub/AudioDisplay.cpp#L1511"
"30","AUDIO_SPECTRUM_NON_LINEAR_ON","AudioConfig.txt","Bool","boolean","none","unset (empty string)","Application profile","Audio timing and audition preferences — audio spectrum non linear on","map-proposed","Copy the preference as an initial setting; PortAudio conversion, timing behavior and per-document overrides are separate contracts.","https://github.com/altqx/hikari/blob/20d647c4c769ab7f5d383cf3c1c33f03876a94e9/HikariSub/config.h#L97","https://github.com/altqx/hikari/blob/20d647c4c769ab7f5d383cf3c1c33f03876a94e9/HikariSub/AudioBox.cpp#L223 ; https://github.com/altqx/hikari/blob/20d647c4c769ab7f5d383cf3c1c33f03876a94e9/HikariSub/AudioDisplay.cpp#L1544"
"31","AUDIO_START_DRAG_SENSITIVITY","AudioConfig.txt","Int","integer token","screen x-delta pixels","L""6""","Application profile","Audio timing and audition preferences — audio start drag sensitivity","map-proposed","Copy the preference as an initial setting; PortAudio conversion, timing behavior and per-document overrides are separate contracts.","https://github.com/altqx/hikari/blob/20d647c4c769ab7f5d383cf3c1c33f03876a94e9/HikariSub/config.h#L98","https://github.com/altqx/hikari/blob/20d647c4c769ab7f5d383cf3c1c33f03876a94e9/HikariSub/AudioDisplay.cpp#L2328"
"32","AUDIO_VERTICAL_ZOOM","AudioConfig.txt","Int","integer token","legacy scale slider position (nonlinear mapping)","L""50""","Application profile","Audio timing and audition preferences — Vertical zoom control value","map-proposed","Copy the preference as an initial setting; PortAudio conversion, timing behavior and per-document overrides are separate contracts.","https://github.com/altqx/hikari/blob/20d647c4c769ab7f5d383cf3c1c33f03876a94e9/HikariSub/config.h#L99","https://github.com/altqx/hikari/blob/20d647c4c769ab7f5d383cf3c1c33f03876a94e9/HikariSub/AudioBox.cpp#L108 ; https://github.com/altqx/hikari/blob/20d647c4c769ab7f5d383cf3c1c33f03876a94e9/HikariSub/AudioBox.cpp#L290"
"33","AUDIO_VOLUME","AudioConfig.txt","Int","integer token","legacy 1..100 volume slider, not linear gain","L""50""","Application profile","Audio timing and audition preferences — Audio volume control value","map-proposed","Copy the preference as an initial setting; PortAudio conversion, timing behavior and per-document overrides are separate contracts.","https://github.com/altqx/hikari/blob/20d647c4c769ab7f5d383cf3c1c33f03876a94e9/HikariSub/config.h#L100","https://github.com/altqx/hikari/blob/20d647c4c769ab7f5d383cf3c1c33f03876a94e9/HikariSub/AudioBox.cpp#L114 ; https://github.com/altqx/hikari/blob/20d647c4c769ab7f5d383cf3c1c33f03876a94e9/HikariSub/AudioBox.cpp#L253"
"34","AUDIO_WHEEL_DEFAULT_TO_ZOOM","AudioConfig.txt","Bool","boolean","none","L""false""","Application profile","Audio timing and audition preferences — audio wheel default to zoom","map-proposed","Copy the preference as an initial setting; PortAudio conversion, timing behavior and per-document overrides are separate contracts.","https://github.com/altqx/hikari/blob/20d647c4c769ab7f5d383cf3c1c33f03876a94e9/HikariSub/config.h#L101","https://github.com/altqx/hikari/blob/20d647c4c769ab7f5d383cf3c1c33f03876a94e9/HikariSub/AudioDisplay.cpp#L2078"
"35","ACCEPTED_AUDIO_STREAM","Config.txt","TableFromString","ordered string tokens","semicolon-delimited tokens","unset (empty string)","Application profile","Preferred audio stream languages","map-proposed","Preserve the setting for review; no invented Qt API path or accepted storage schema. Preserve language preference strings, not a runtime TrackId; both exact and general-player readers consume this policy.","https://github.com/altqx/hikari/blob/20d647c4c769ab7f5d383cf3c1c33f03876a94e9/HikariSub/config.h#L102","https://github.com/altqx/hikari/blob/20d647c4c769ab7f5d383cf3c1c33f03876a94e9/HikariSub/ProviderFFMS2.cpp#L199 ; https://github.com/altqx/hikari/blob/20d647c4c769ab7f5d383cf3c1c33f03876a94e9/HikariSub/VideoBox.cpp#L1478"
"36","AUDIO_BOX_HEIGHT","Config.txt","Int","integer token","legacy window pixels; DPI conversion unresolved","L""170""","Shared Workspace","Audio panel height","map-proposed","Retain old geometry/visibility as candidate restoration data; Hikari-owned Qt layout, DPI/screens and portable/profile scoping need reconciliation.","https://github.com/altqx/hikari/blob/20d647c4c769ab7f5d383cf3c1c33f03876a94e9/HikariSub/config.h#L103","https://github.com/altqx/hikari/blob/20d647c4c769ab7f5d383cf3c1c33f03876a94e9/HikariSub/AudioBox.cpp#L86 ; https://github.com/altqx/hikari/blob/20d647c4c769ab7f5d383cf3c1c33f03876a94e9/HikariSub/EditBox.cpp#L2148"
"37","ASS_PROPERTIES_TITLE","Config.txt","No direct typed getter","string","text","unset (empty string)","Application profile","Script-property templates — ass properties title","map-proposed","Import template text/enabled flags, not authored Script properties; do not modify an open Document.","https://github.com/altqx/hikari/blob/20d647c4c769ab7f5d383cf3c1c33f03876a94e9/HikariSub/config.h#L104","https://github.com/altqx/hikari/blob/20d647c4c769ab7f5d383cf3c1c33f03876a94e9/HikariSub/OptionsPanels.cpp#L33 ; https://github.com/altqx/hikari/blob/20d647c4c769ab7f5d383cf3c1c33f03876a94e9/HikariSub/SubsGrid.cpp#L1474 ; https://github.com/altqx/hikari/blob/20d647c4c769ab7f5d383cf3c1c33f03876a94e9/HikariSub/SubsGrid.cpp#L1472"
"38","ASS_PROPERTIES_SCRIPT","Config.txt","No direct typed getter","string","text","unset (empty string)","Application profile","Script-property templates — ass properties script","map-proposed","Import template text/enabled flags, not authored Script properties; do not modify an open Document.","https://github.com/altqx/hikari/blob/20d647c4c769ab7f5d383cf3c1c33f03876a94e9/HikariSub/config.h#L105","https://github.com/altqx/hikari/blob/20d647c4c769ab7f5d383cf3c1c33f03876a94e9/HikariSub/OptionsPanels.cpp#L33 ; https://github.com/altqx/hikari/blob/20d647c4c769ab7f5d383cf3c1c33f03876a94e9/HikariSub/SubsGrid.cpp#L1474 ; https://github.com/altqx/hikari/blob/20d647c4c769ab7f5d383cf3c1c33f03876a94e9/HikariSub/SubsGrid.cpp#L1472"
"39","ASS_PROPERTIES_TRANSLATION","Config.txt","No direct typed getter","string","text","unset (empty string)","Application profile","Script-property templates — ass properties translation","map-proposed","Import template text/enabled flags, not authored Script properties; do not modify an open Document.","https://github.com/altqx/hikari/blob/20d647c4c769ab7f5d383cf3c1c33f03876a94e9/HikariSub/config.h#L106","https://github.com/altqx/hikari/blob/20d647c4c769ab7f5d383cf3c1c33f03876a94e9/HikariSub/OptionsPanels.cpp#L33 ; https://github.com/altqx/hikari/blob/20d647c4c769ab7f5d383cf3c1c33f03876a94e9/HikariSub/SubsGrid.cpp#L1474 ; https://github.com/altqx/hikari/blob/20d647c4c769ab7f5d383cf3c1c33f03876a94e9/HikariSub/SubsGrid.cpp#L1472"
"40","ASS_PROPERTIES_EDITING","Config.txt","No direct typed getter","string","text","unset (empty string)","Application profile","Script-property templates — ass properties editing","map-proposed","Import template text/enabled flags, not authored Script properties; do not modify an open Document.","https://github.com/altqx/hikari/blob/20d647c4c769ab7f5d383cf3c1c33f03876a94e9/HikariSub/config.h#L107","https://github.com/altqx/hikari/blob/20d647c4c769ab7f5d383cf3c1c33f03876a94e9/HikariSub/OptionsPanels.cpp#L34 ; https://github.com/altqx/hikari/blob/20d647c4c769ab7f5d383cf3c1c33f03876a94e9/HikariSub/SubsGrid.cpp#L1475 ; https://github.com/altqx/hikari/blob/20d647c4c769ab7f5d383cf3c1c33f03876a94e9/HikariSub/OptionsPanels.cpp#L33 ; https://github.com/altqx/hikari/blob/20d647c4c769ab7f5d383cf3c1c33f03876a94e9/HikariSub/SubsGrid.cpp#L1472"
"41","ASS_PROPERTIES_TIMING","Config.txt","No direct typed getter","string","text","unset (empty string)","Application profile","Script-property templates — ass properties timing","map-proposed","Import template text/enabled flags, not authored Script properties; do not modify an open Document.","https://github.com/altqx/hikari/blob/20d647c4c769ab7f5d383cf3c1c33f03876a94e9/HikariSub/config.h#L108","https://github.com/altqx/hikari/blob/20d647c4c769ab7f5d383cf3c1c33f03876a94e9/HikariSub/OptionsPanels.cpp#L34 ; https://github.com/altqx/hikari/blob/20d647c4c769ab7f5d383cf3c1c33f03876a94e9/HikariSub/SubsGrid.cpp#L1475 ; https://github.com/altqx/hikari/blob/20d647c4c769ab7f5d383cf3c1c33f03876a94e9/HikariSub/OptionsPanels.cpp#L33 ; https://github.com/altqx/hikari/blob/20d647c4c769ab7f5d383cf3c1c33f03876a94e9/HikariSub/SubsGrid.cpp#L1472"
"42","ASS_PROPERTIES_UPDATE","Config.txt","No direct typed getter","string","text","unset (empty string)","Application profile","Script-property templates — ass properties update","map-proposed","Import template text/enabled flags, not authored Script properties; do not modify an open Document.","https://github.com/altqx/hikari/blob/20d647c4c769ab7f5d383cf3c1c33f03876a94e9/HikariSub/config.h#L109","https://github.com/altqx/hikari/blob/20d647c4c769ab7f5d383cf3c1c33f03876a94e9/HikariSub/OptionsPanels.cpp#L34 ; https://github.com/altqx/hikari/blob/20d647c4c769ab7f5d383cf3c1c33f03876a94e9/HikariSub/SubsGrid.cpp#L1475 ; https://github.com/altqx/hikari/blob/20d647c4c769ab7f5d383cf3c1c33f03876a94e9/HikariSub/OptionsPanels.cpp#L33 ; https://github.com/altqx/hikari/blob/20d647c4c769ab7f5d383cf3c1c33f03876a94e9/HikariSub/SubsGrid.cpp#L1472"
"43","ASS_PROPERTIES_TITLE_ON","Config.txt","No direct typed getter","boolean","none","unset (empty string)","Application profile","Script-property templates — ass properties title on","map-proposed","Import template text/enabled flags, not authored Script properties; do not modify an open Document.","https://github.com/altqx/hikari/blob/20d647c4c769ab7f5d383cf3c1c33f03876a94e9/HikariSub/config.h#L110","https://github.com/altqx/hikari/blob/20d647c4c769ab7f5d383cf3c1c33f03876a94e9/HikariSub/OptionsPanels.cpp#L35 ; https://github.com/altqx/hikari/blob/20d647c4c769ab7f5d383cf3c1c33f03876a94e9/HikariSub/SubsGrid.cpp#L1472 ; https://github.com/altqx/hikari/blob/20d647c4c769ab7f5d383cf3c1c33f03876a94e9/HikariSub/OptionsPanels.cpp#L33"
"44","ASS_PROPERTIES_SCRIPT_ON","Config.txt","No direct typed getter","boolean","none","unset (empty string)","Application profile","Script-property templates — ass properties script on","map-proposed","Import template text/enabled flags, not authored Script properties; do not modify an open Document.","https://github.com/altqx/hikari/blob/20d647c4c769ab7f5d383cf3c1c33f03876a94e9/HikariSub/config.h#L111","https://github.com/altqx/hikari/blob/20d647c4c769ab7f5d383cf3c1c33f03876a94e9/HikariSub/OptionsPanels.cpp#L35 ; https://github.com/altqx/hikari/blob/20d647c4c769ab7f5d383cf3c1c33f03876a94e9/HikariSub/SubsGrid.cpp#L1472 ; https://github.com/altqx/hikari/blob/20d647c4c769ab7f5d383cf3c1c33f03876a94e9/HikariSub/OptionsPanels.cpp#L33"
"45","ASS_PROPERTIES_TRANSLATION_ON","Config.txt","No direct typed getter","boolean","none","unset (empty string)","Application profile","Script-property templates — ass properties translation on","map-proposed","Import template text/enabled flags, not authored Script properties; do not modify an open Document.","https://github.com/altqx/hikari/blob/20d647c4c769ab7f5d383cf3c1c33f03876a94e9/HikariSub/config.h#L112","https://github.com/altqx/hikari/blob/20d647c4c769ab7f5d383cf3c1c33f03876a94e9/HikariSub/OptionsPanels.cpp#L35 ; https://github.com/altqx/hikari/blob/20d647c4c769ab7f5d383cf3c1c33f03876a94e9/HikariSub/SubsGrid.cpp#L1472 ; https://github.com/altqx/hikari/blob/20d647c4c769ab7f5d383cf3c1c33f03876a94e9/HikariSub/OptionsPanels.cpp#L33"
"46","ASS_PROPERTIES_EDITING_ON","Config.txt","No direct typed getter","boolean","none","unset (empty string)","Application profile","Script-property templates — ass properties editing on","map-proposed","Import template text/enabled flags, not authored Script properties; do not modify an open Document.","https://github.com/altqx/hikari/blob/20d647c4c769ab7f5d383cf3c1c33f03876a94e9/HikariSub/config.h#L113","https://github.com/altqx/hikari/blob/20d647c4c769ab7f5d383cf3c1c33f03876a94e9/HikariSub/OptionsPanels.cpp#L36 ; https://github.com/altqx/hikari/blob/20d647c4c769ab7f5d383cf3c1c33f03876a94e9/HikariSub/SubsGrid.cpp#L1473 ; https://github.com/altqx/hikari/blob/20d647c4c769ab7f5d383cf3c1c33f03876a94e9/HikariSub/OptionsPanels.cpp#L33 ; https://github.com/altqx/hikari/blob/20d647c4c769ab7f5d383cf3c1c33f03876a94e9/HikariSub/SubsGrid.cpp#L1472"
"47","ASS_PROPERTIES_TIMING_ON","Config.txt","No direct typed getter","boolean","none","unset (empty string)","Application profile","Script-property templates — ass properties timing on","map-proposed","Import template text/enabled flags, not authored Script properties; do not modify an open Document.","https://github.com/altqx/hikari/blob/20d647c4c769ab7f5d383cf3c1c33f03876a94e9/HikariSub/config.h#L114","https://github.com/altqx/hikari/blob/20d647c4c769ab7f5d383cf3c1c33f03876a94e9/HikariSub/OptionsPanels.cpp#L36 ; https://github.com/altqx/hikari/blob/20d647c4c769ab7f5d383cf3c1c33f03876a94e9/HikariSub/SubsGrid.cpp#L1473 ; https://github.com/altqx/hikari/blob/20d647c4c769ab7f5d383cf3c1c33f03876a94e9/HikariSub/OptionsPanels.cpp#L33 ; https://github.com/altqx/hikari/blob/20d647c4c769ab7f5d383cf3c1c33f03876a94e9/HikariSub/SubsGrid.cpp#L1472"
"48","ASS_PROPERTIES_UPDATE_ON","Config.txt","No direct typed getter","boolean","none","unset (empty string)","Application profile","Script-property templates — ass properties update on","map-proposed","Import template text/enabled flags, not authored Script properties; do not modify an open Document.","https://github.com/altqx/hikari/blob/20d647c4c769ab7f5d383cf3c1c33f03876a94e9/HikariSub/config.h#L115","https://github.com/altqx/hikari/blob/20d647c4c769ab7f5d383cf3c1c33f03876a94e9/HikariSub/OptionsPanels.cpp#L36 ; https://github.com/altqx/hikari/blob/20d647c4c769ab7f5d383cf3c1c33f03876a94e9/HikariSub/SubsGrid.cpp#L1473 ; https://github.com/altqx/hikari/blob/20d647c4c769ab7f5d383cf3c1c33f03876a94e9/HikariSub/OptionsPanels.cpp#L33 ; https://github.com/altqx/hikari/blob/20d647c4c769ab7f5d383cf3c1c33f03876a94e9/HikariSub/SubsGrid.cpp#L1472"
"49","ASS_PROPERTIES_ASK_FOR_CHANGE","Config.txt","Bool","boolean","none","unset (empty string)","Application profile","Script-property templates — ass properties ask for change","map-proposed","Import template text/enabled flags, not authored Script properties; do not modify an open Document.","https://github.com/altqx/hikari/blob/20d647c4c769ab7f5d383cf3c1c33f03876a94e9/HikariSub/config.h#L116","https://github.com/altqx/hikari/blob/20d647c4c769ab7f5d383cf3c1c33f03876a94e9/HikariSub/OptionsPanels.cpp#L56 ; https://github.com/altqx/hikari/blob/20d647c4c769ab7f5d383cf3c1c33f03876a94e9/HikariSub/SubsGrid.cpp#L1478 ; https://github.com/altqx/hikari/blob/20d647c4c769ab7f5d383cf3c1c33f03876a94e9/HikariSub/OptionsPanels.cpp#L33 ; https://github.com/altqx/hikari/blob/20d647c4c769ab7f5d383cf3c1c33f03876a94e9/HikariSub/SubsGrid.cpp#L1472"
"50","AUDIO_RECENT_FILES","Config.txt","Table","ordered token table","ordered path strings","unset (empty string)","Application profile","Ordered recent-resource history — audio recent files","map-proposed","Keep original strings and ordering; missing paths remain visible and no resource is opened automatically.","https://github.com/altqx/hikari/blob/20d647c4c769ab7f5d383cf3c1c33f03876a94e9/HikariSub/config.h#L117","https://github.com/altqx/hikari/blob/20d647c4c769ab7f5d383cf3c1c33f03876a94e9/HikariSub/HikariSubFrame.cpp#L120 ; https://github.com/altqx/hikari/blob/20d647c4c769ab7f5d383cf3c1c33f03876a94e9/HikariSub/HikariSubFrame.cpp#L533"
"51","AUTOMATION_LOADING_METHOD","Config.txt","Int","integer token","legacy loading enum","unset (empty string)","Application profile","Automation host preferences — automation loading method","map-proposed","Preserve loading, compatibility, editor and trace choices; importing does not load or run scripts.","https://github.com/altqx/hikari/blob/20d647c4c769ab7f5d383cf3c1c33f03876a94e9/HikariSub/config.h#L118","https://github.com/altqx/hikari/blob/20d647c4c769ab7f5d383cf3c1c33f03876a94e9/HikariSub/Automation.cpp#L1122 ; https://github.com/altqx/hikari/blob/20d647c4c769ab7f5d383cf3c1c33f03876a94e9/HikariSub/Automation.cpp#L1350"
"52","AUTOMATION_OLD_SCRIPTS_COMPATIBILITY","Config.txt","Bool","boolean","none","unset (empty string)","Application profile","Automation host preferences — automation old scripts compatibility","map-proposed","Preserve loading, compatibility, editor and trace choices; importing does not load or run scripts.","https://github.com/altqx/hikari/blob/20d647c4c769ab7f5d383cf3c1c33f03876a94e9/HikariSub/config.h#L119","https://github.com/altqx/hikari/blob/20d647c4c769ab7f5d383cf3c1c33f03876a94e9/HikariSub/AutomationScriptReader.cpp#L41 ; https://github.com/altqx/hikari/blob/20d647c4c769ab7f5d383cf3c1c33f03876a94e9/HikariSub/OptionsDialog.cpp#L317"
"53","AUTOMATION_RECENT_FILES","Config.txt","String","string","text","unset (empty string)","Application profile","Automation host preferences — Last selected automation filename (not a path table)","map-proposed","Preserve loading, compatibility, editor and trace choices; importing does not load or run scripts.","https://github.com/altqx/hikari/blob/20d647c4c769ab7f5d383cf3c1c33f03876a94e9/HikariSub/config.h#L120","https://github.com/altqx/hikari/blob/20d647c4c769ab7f5d383cf3c1c33f03876a94e9/HikariSub/HikariSubFrame.cpp#L902 ; https://github.com/altqx/hikari/blob/20d647c4c769ab7f5d383cf3c1c33f03876a94e9/HikariSub/HikariSubFrame.cpp#L906"
"54","AUTOMATION_SCRIPT_EDITOR","Config.txt","String","string","text","unset (empty string)","Application profile","Automation host preferences — automation script editor","map-proposed","Preserve loading, compatibility, editor and trace choices; importing does not load or run scripts.","https://github.com/altqx/hikari/blob/20d647c4c769ab7f5d383cf3c1c33f03876a94e9/HikariSub/config.h#L121","https://github.com/altqx/hikari/blob/20d647c4c769ab7f5d383cf3c1c33f03876a94e9/HikariSub/Automation.cpp#L1311 ; https://github.com/altqx/hikari/blob/20d647c4c769ab7f5d383cf3c1c33f03876a94e9/HikariSub/Automation.cpp#L1316"
"55","AUTOMATION_TRACE_LEVEL","Config.txt","Int, String","integer token","trace level integer","L""3""","Application profile","Automation host preferences — automation trace level","map-proposed","Preserve loading, compatibility, editor and trace choices; importing does not load or run scripts.","https://github.com/altqx/hikari/blob/20d647c4c769ab7f5d383cf3c1c33f03876a94e9/HikariSub/config.h#L122","https://github.com/altqx/hikari/blob/20d647c4c769ab7f5d383cf3c1c33f03876a94e9/HikariSub/AutomationProgress.cpp#L60 ; https://github.com/altqx/hikari/blob/20d647c4c769ab7f5d383cf3c1c33f03876a94e9/HikariSub/OptionsDialog.cpp#L378"
"56","AUTO_MOVE_TAGS_FROM_ORIGINAL","Config.txt","Bool","boolean","none","unset (empty string)","Application profile","Automatic original-to-translation tag transfer","map-proposed","Keep original/translated text roles and comparison criteria separate from workspace geometry; do not change a Document translation-mode serialization flag at import.","https://github.com/altqx/hikari/blob/20d647c4c769ab7f5d383cf3c1c33f03876a94e9/HikariSub/config.h#L123","https://github.com/altqx/hikari/blob/20d647c4c769ab7f5d383cf3c1c33f03876a94e9/HikariSub/EditBox.cpp#L1144 ; https://github.com/altqx/hikari/blob/20d647c4c769ab7f5d383cf3c1c33f03876a94e9/HikariSub/EditBox.cpp#L1805"
"57","AUTOSAVE_MAX_FILES","Config.txt","Int, String","integer token","files","L""3""","Application profile","Autosave retention count","map-proposed","Preference import is separate from opening legacy Sessions or recovering autosaves; there is no invented autosave index.","https://github.com/altqx/hikari/blob/20d647c4c769ab7f5d383cf3c1c33f03876a94e9/HikariSub/config.h#L124","https://github.com/altqx/hikari/blob/20d647c4c769ab7f5d383cf3c1c33f03876a94e9/HikariSub/OptionsDialog.cpp#L371 ; https://github.com/altqx/hikari/blob/20d647c4c769ab7f5d383cf3c1c33f03876a94e9/HikariSub/SubsGridBase.cpp#L1646"
"58","AUTO_SELECT_LINES_FROM_LAST_TAB","Config.txt","Bool","boolean","none","unset (empty string)","Application profile","Cross-Document selection transfer preference","map-proposed","Keep original/translated text roles and comparison criteria separate from workspace geometry; do not change a Document translation-mode serialization flag at import.","https://github.com/altqx/hikari/blob/20d647c4c769ab7f5d383cf3c1c33f03876a94e9/HikariSub/config.h#L125","https://github.com/altqx/hikari/blob/20d647c4c769ab7f5d383cf3c1c33f03876a94e9/HikariSub/HikariSubFrame.cpp#L1998 ; https://github.com/altqx/hikari/blob/20d647c4c769ab7f5d383cf3c1c33f03876a94e9/HikariSub/OptionsDialog.cpp#L311"
"59","CALC_SPACES_AND_PUNCTATION_FOR_WRAPS","Config.txt","Bool","boolean","none","unset (empty string)","Application profile","Grid interaction and view defaults — calc spaces and punctation for wraps","map-proposed","Preferences initialize a view; selection/filter results and Line identity belong to the live Document view. Do not apply filters or save at import. Preserve distinct counting toggles; do not replace legacy character counting with grapheme counting without approval.","https://github.com/altqx/hikari/blob/20d647c4c769ab7f5d383cf3c1c33f03876a94e9/HikariSub/config.h#L126","https://github.com/altqx/hikari/blob/20d647c4c769ab7f5d383cf3c1c33f03876a94e9/HikariSub/OptionsDialog.cpp#L429 ; https://github.com/altqx/hikari/blob/20d647c4c769ab7f5d383cf3c1c33f03876a94e9/HikariSub/SpellChecker.cpp#L352"
"60","CALC_SPACES_AND_PUNCTATION_FOR_CPS","Config.txt","Bool","boolean","none","unset (empty string)","Application profile","Grid interaction and view defaults — calc spaces and punctation for cps","map-proposed","Preferences initialize a view; selection/filter results and Line identity belong to the live Document view. Do not apply filters or save at import. Preserve distinct counting toggles; do not replace legacy character counting with grapheme counting without approval.","https://github.com/altqx/hikari/blob/20d647c4c769ab7f5d383cf3c1c33f03876a94e9/HikariSub/config.h#L127","https://github.com/altqx/hikari/blob/20d647c4c769ab7f5d383cf3c1c33f03876a94e9/HikariSub/OptionsDialog.cpp#L432 ; https://github.com/altqx/hikari/blob/20d647c4c769ab7f5d383cf3c1c33f03876a94e9/HikariSub/SpellChecker.cpp#L351"
"61","COLORPICKER_RECENT_COLORS","Config.txt","String","packed string","packed color strings","unset (empty string)","Application profile","Authored ASS color-picker history","preserve-unresolved","Preserve the setting for review; no invented Qt API path or accepted storage schema. Not a legacy theme: preserve order and encoded colors; new color-picker decoding needs a fixture.","https://github.com/altqx/hikari/blob/20d647c4c769ab7f5d383cf3c1c33f03876a94e9/HikariSub/config.h#L128","https://github.com/altqx/hikari/blob/20d647c4c769ab7f5d383cf3c1c33f03876a94e9/HikariSub/ColorPicker.cpp#L672 ; https://github.com/altqx/hikari/blob/20d647c4c769ab7f5d383cf3c1c33f03876a94e9/HikariSub/ColorPicker.cpp#L755"
"62","COLORPICKER_SWITCH_CLICKS","Config.txt","Bool","boolean","none","unset (empty string)","Application profile","Color-picker button gesture preference","map-proposed","Preserve the setting for review; no invented Qt API path or accepted storage schema. Not a legacy theme or Style-color exclusion.","https://github.com/altqx/hikari/blob/20d647c4c769ab7f5d383cf3c1c33f03876a94e9/HikariSub/config.h#L129","https://github.com/altqx/hikari/blob/20d647c4c769ab7f5d383cf3c1c33f03876a94e9/HikariSub/ColorPicker.cpp#L564 ; https://github.com/altqx/hikari/blob/20d647c4c769ab7f5d383cf3c1c33f03876a94e9/HikariSub/EditBox.cpp#L865"
"63","CONVERT_ASS_TAGS_TO_INSERT_IN_LINE","Config.txt","String","string","text","unset (empty string)","Application profile","Conversion tool defaults — convert ass tags to insert in line","map-proposed","Preserve operation inputs; destination format conversion, translation role, losses and C02 review remain explicit operations.","https://github.com/altqx/hikari/blob/20d647c4c769ab7f5d383cf3c1c33f03876a94e9/HikariSub/config.h#L130","https://github.com/altqx/hikari/blob/20d647c4c769ab7f5d383cf3c1c33f03876a94e9/HikariSub/OptionsDialog.cpp#L569 ; https://github.com/altqx/hikari/blob/20d647c4c769ab7f5d383cf3c1c33f03876a94e9/HikariSub/SubsGridBase.cpp#L216"
"64","CONVERT_FPS","Config.txt","Float, String","decimal token","decimal frames/second token; not inferred exact rational","L""23.976""","Application profile","Conversion tool defaults — Fallback conversion frame rate","map-proposed","Preserve operation inputs; destination format conversion, translation role, losses and C02 review remain explicit operations.","https://github.com/altqx/hikari/blob/20d647c4c769ab7f5d383cf3c1c33f03876a94e9/HikariSub/config.h#L131","https://github.com/altqx/hikari/blob/20d647c4c769ab7f5d383cf3c1c33f03876a94e9/HikariSub/OptionsDialog.cpp#L529 ; https://github.com/altqx/hikari/blob/20d647c4c769ab7f5d383cf3c1c33f03876a94e9/HikariSub/SubsGridBase.cpp#L212"
"65","CONVERT_FPS_FROM_VIDEO","Config.txt","Bool","boolean","none","unset (empty string)","Application profile","Conversion tool defaults — convert fps from video","map-proposed","Preserve operation inputs; destination format conversion, translation role, losses and C02 review remain explicit operations.","https://github.com/altqx/hikari/blob/20d647c4c769ab7f5d383cf3c1c33f03876a94e9/HikariSub/config.h#L132","https://github.com/altqx/hikari/blob/20d647c4c769ab7f5d383cf3c1c33f03876a94e9/HikariSub/SubsGridBase.cpp#L209 ; https://github.com/altqx/hikari/blob/20d647c4c769ab7f5d383cf3c1c33f03876a94e9/HikariSub/OptionsDialog.cpp#L544"
"66","CONVERT_NEW_END_TIMES","Config.txt","Bool","boolean","none","L""false""","Application profile","Conversion tool defaults — convert new end times","map-proposed","Preserve operation inputs; destination format conversion, translation role, losses and C02 review remain explicit operations.","https://github.com/altqx/hikari/blob/20d647c4c769ab7f5d383cf3c1c33f03876a94e9/HikariSub/config.h#L133","https://github.com/altqx/hikari/blob/20d647c4c769ab7f5d383cf3c1c33f03876a94e9/HikariSub/SubsGridBase.cpp#L214 ; https://github.com/altqx/hikari/blob/20d647c4c769ab7f5d383cf3c1c33f03876a94e9/HikariSub/OptionsDialog.cpp#L544"
"67","CONVERT_RESOLUTION_WIDTH","Config.txt","String","string","script coordinate width string","L""1280""","Application profile","Conversion tool defaults — convert resolution width","map-proposed","Preserve operation inputs; destination format conversion, translation role, losses and C02 review remain explicit operations.","https://github.com/altqx/hikari/blob/20d647c4c769ab7f5d383cf3c1c33f03876a94e9/HikariSub/config.h#L134","https://github.com/altqx/hikari/blob/20d647c4c769ab7f5d383cf3c1c33f03876a94e9/HikariSub/OptionsDialog.cpp#L556 ; https://github.com/altqx/hikari/blob/20d647c4c769ab7f5d383cf3c1c33f03876a94e9/HikariSub/SubsGridBase.cpp#L251"
"68","CONVERT_RESOLUTION_HEIGHT","Config.txt","String","string","script coordinate height string","L""720""","Application profile","Conversion tool defaults — convert resolution height","map-proposed","Preserve operation inputs; destination format conversion, translation role, losses and C02 review remain explicit operations.","https://github.com/altqx/hikari/blob/20d647c4c769ab7f5d383cf3c1c33f03876a94e9/HikariSub/config.h#L135","https://github.com/altqx/hikari/blob/20d647c4c769ab7f5d383cf3c1c33f03876a94e9/HikariSub/OptionsDialog.cpp#L564 ; https://github.com/altqx/hikari/blob/20d647c4c769ab7f5d383cf3c1c33f03876a94e9/HikariSub/SubsGridBase.cpp#L252"
"69","CONVERT_SHOW_SETTINGS","Config.txt","Bool","boolean","none","L""false""","Application profile","Conversion tool defaults — convert show settings","map-proposed","Preserve operation inputs; destination format conversion, translation role, losses and C02 review remain explicit operations.","https://github.com/altqx/hikari/blob/20d647c4c769ab7f5d383cf3c1c33f03876a94e9/HikariSub/config.h#L136","https://github.com/altqx/hikari/blob/20d647c4c769ab7f5d383cf3c1c33f03876a94e9/HikariSub/SubsGridBase.cpp#L201 ; https://github.com/altqx/hikari/blob/20d647c4c769ab7f5d383cf3c1c33f03876a94e9/HikariSub/OptionsDialog.cpp#L544"
"70","CONVERT_STYLE","Config.txt","String","string","text","L""Default""","Application profile","Conversion tool defaults — convert style","map-proposed","Preserve operation inputs; destination format conversion, translation role, losses and C02 review remain explicit operations.","https://github.com/altqx/hikari/blob/20d647c4c769ab7f5d383cf3c1c33f03876a94e9/HikariSub/config.h#L137","https://github.com/altqx/hikari/blob/20d647c4c769ab7f5d383cf3c1c33f03876a94e9/HikariSub/OptionsDialog.cpp#L491 ; https://github.com/altqx/hikari/blob/20d647c4c769ab7f5d383cf3c1c33f03876a94e9/HikariSub/SubsDialogue.cpp#L943"
"71","CONVERT_STYLE_CATALOG","Config.txt","String","string","text","L""Default""","Application profile","Conversion tool defaults — convert style catalog","map-proposed","Preserve operation inputs; destination format conversion, translation role, losses and C02 review remain explicit operations.","https://github.com/altqx/hikari/blob/20d647c4c769ab7f5d383cf3c1c33f03876a94e9/HikariSub/config.h#L138","https://github.com/altqx/hikari/blob/20d647c4c769ab7f5d383cf3c1c33f03876a94e9/HikariSub/OptionsDialog.cpp#L491 ; https://github.com/altqx/hikari/blob/20d647c4c769ab7f5d383cf3c1c33f03876a94e9/HikariSub/OptionsDialog.cpp#L516"
"72","CONVERT_TIME_PER_CHARACTER","Config.txt","Int, String","integer token","milliseconds per legacy Text.Len() character","L""110""","Application profile","Conversion tool defaults — Automatic duration per character in milliseconds","map-proposed","Preserve operation inputs; destination format conversion, translation role, losses and C02 review remain explicit operations.","https://github.com/altqx/hikari/blob/20d647c4c769ab7f5d383cf3c1c33f03876a94e9/HikariSub/config.h#L139","https://github.com/altqx/hikari/blob/20d647c4c769ab7f5d383cf3c1c33f03876a94e9/HikariSub/OptionsDialog.cpp#L550 ; https://github.com/altqx/hikari/blob/20d647c4c769ab7f5d383cf3c1c33f03876a94e9/HikariSub/SubsGridBase.cpp#L215"
"73","COPY_COLLUMS_SELECTIONS","Config.txt","Int","integer bit mask","column bit mask","unset (empty string)","Application profile","Grid interaction and view defaults — copy collums selections","map-proposed","Preferences initialize a view; selection/filter results and Line identity belong to the live Document view. Do not apply filters or save at import. Keep copy and paste masks distinct, spelling alias included; decode using the column dialog schema, retaining unknown bits.","https://github.com/altqx/hikari/blob/20d647c4c769ab7f5d383cf3c1c33f03876a94e9/HikariSub/config.h#L140","https://github.com/altqx/hikari/blob/20d647c4c769ab7f5d383cf3c1c33f03876a94e9/HikariSub/SubsGrid.cpp#L710 ; https://github.com/altqx/hikari/blob/20d647c4c769ab7f5d383cf3c1c33f03876a94e9/HikariSub/SubsGrid.cpp#L727"
"74","DICTIONARY_LANGUAGE","Config.txt","String","string","text","L""en_US""","Application profile","ASS text editor preferences — dictionary language","map-proposed","Preserve editing behavior inputs and view defaults; raw ASS remains authoritative and editable hidden tags/IME-safe Enter are accepted requirements. Retain language identifier and enabled state; personal dictionary contents are a separate authored resource.","https://github.com/altqx/hikari/blob/20d647c4c769ab7f5d383cf3c1c33f03876a94e9/HikariSub/config.h#L141","https://github.com/altqx/hikari/blob/20d647c4c769ab7f5d383cf3c1c33f03876a94e9/HikariSub/DialogueTextEditor.cpp#L2323 ; https://github.com/altqx/hikari/blob/20d647c4c769ab7f5d383cf3c1c33f03876a94e9/HikariSub/OptionsDialog.cpp#L351"
"75","DISABLE_LIVE_VIDEO_EDITING","Config.txt","Bool","boolean","none","unset (empty string)","Application profile","Live ASS preview update policy","map-proposed","Preserve editing behavior inputs and view defaults; raw ASS remains authoritative and editable hidden tags/IME-safe Enter are accepted requirements.","https://github.com/altqx/hikari/blob/20d647c4c769ab7f5d383cf3c1c33f03876a94e9/HikariSub/config.h#L142","https://github.com/altqx/hikari/blob/20d647c4c769ab7f5d383cf3c1c33f03876a94e9/HikariSub/AudioDisplay.cpp#L2844 ; https://github.com/altqx/hikari/blob/20d647c4c769ab7f5d383cf3c1c33f03876a94e9/HikariSub/EditBox.cpp#L343"
"76","DONT_ASK_FOR_BAD_RESOLUTION","Config.txt","Bool","boolean","none","unset (empty string)","Application profile","Conversion tool defaults — dont ask for bad resolution","map-proposed","Preserve operation inputs; destination format conversion, translation role, losses and C02 review remain explicit operations. Retain prompt/link preferences; do not treat these as consent for a resample operation.","https://github.com/altqx/hikari/blob/20d647c4c769ab7f5d383cf3c1c33f03876a94e9/HikariSub/config.h#L143","https://github.com/altqx/hikari/blob/20d647c4c769ab7f5d383cf3c1c33f03876a94e9/HikariSub/HikariSubFrame.cpp#L1400 ; https://github.com/altqx/hikari/blob/20d647c4c769ab7f5d383cf3c1c33f03876a94e9/HikariSub/HikariSubFrame.cpp#L1862"
"77","EDITBOX_SUGGESTIONS_ON_DOUBLE_CLICK","Config.txt","Bool","boolean","none","unset (empty string)","Application profile","ASS text editor preferences — editbox suggestions on double click","map-proposed","Preserve editing behavior inputs and view defaults; raw ASS remains authoritative and editable hidden tags/IME-safe Enter are accepted requirements.","https://github.com/altqx/hikari/blob/20d647c4c769ab7f5d383cf3c1c33f03876a94e9/HikariSub/config.h#L144","https://github.com/altqx/hikari/blob/20d647c4c769ab7f5d383cf3c1c33f03876a94e9/HikariSub/DialogueTextEditor.cpp#L856 ; https://github.com/altqx/hikari/blob/20d647c4c769ab7f5d383cf3c1c33f03876a94e9/HikariSub/OptionsDialog.cpp#L312"
"78","EDITBOX_TIMES_TO_FRAMES_SWITCH","Config.txt","Bool","boolean","none","unset (empty string)","Application profile","ASS text editor preferences — editbox times to frames switch","map-proposed","Preserve editing behavior inputs and view defaults; raw ASS remains authoritative and editable hidden tags/IME-safe Enter are accepted requirements.","https://github.com/altqx/hikari/blob/20d647c4c769ab7f5d383cf3c1c33f03876a94e9/HikariSub/config.h#L145","https://github.com/altqx/hikari/blob/20d647c4c769ab7f5d383cf3c1c33f03876a94e9/HikariSub/EditBox.cpp#L221 ; https://github.com/altqx/hikari/blob/20d647c4c769ab7f5d383cf3c1c33f03876a94e9/HikariSub/VideoBox.cpp#L411"
"79","EDITOR_ON","Config.txt","Bool","boolean","none","L""true""","Shared Workspace","Editor panel visibility","map-proposed","Retain old geometry/visibility as candidate restoration data; Hikari-owned Qt layout, DPI/screens and portable/profile scoping need reconciliation.","https://github.com/altqx/hikari/blob/20d647c4c769ab7f5d383cf3c1c33f03876a94e9/HikariSub/config.h#L146","https://github.com/altqx/hikari/blob/20d647c4c769ab7f5d383cf3c1c33f03876a94e9/HikariSub/HikariSubFrame.cpp#L427 ; https://github.com/altqx/hikari/blob/20d647c4c769ab7f5d383cf3c1c33f03876a94e9/HikariSub/Notebook.cpp#L176"
"80","FIND_IN_SUBS_FILTERS_RECENT","Config.txt","Table","ordered token table","ordered string tokens","unset (empty string)","Application profile","Search and select-lines defaults/history — find in subs filters recent","map-proposed","Preserve scopes, order, raw strings and bit masks; do not run a search or mutate Documents during import.","https://github.com/altqx/hikari/blob/20d647c4c769ab7f5d383cf3c1c33f03876a94e9/HikariSub/config.h#L147","https://github.com/altqx/hikari/blob/20d647c4c769ab7f5d383cf3c1c33f03876a94e9/HikariSub/findreplace.cpp#L54 ; https://github.com/altqx/hikari/blob/20d647c4c769ab7f5d383cf3c1c33f03876a94e9/HikariSub/findreplace.cpp#L1263"
"81","FIND_IN_SUBS_PATHS_RECENT","Config.txt","Table","ordered token table","ordered string tokens","unset (empty string)","Application profile","Search and select-lines defaults/history — find in subs paths recent","map-proposed","Preserve scopes, order, raw strings and bit masks; do not run a search or mutate Documents during import.","https://github.com/altqx/hikari/blob/20d647c4c769ab7f5d383cf3c1c33f03876a94e9/HikariSub/config.h#L148","https://github.com/altqx/hikari/blob/20d647c4c769ab7f5d383cf3c1c33f03876a94e9/HikariSub/findreplace.cpp#L59 ; https://github.com/altqx/hikari/blob/20d647c4c769ab7f5d383cf3c1c33f03876a94e9/HikariSub/findreplace.cpp#L1264"
"82","FIND_REPLACE_STYLES","Config.txt","String","string","text","unset (empty string)","Application profile","Search and select-lines defaults/history — find replace styles","map-proposed","Preserve scopes, order, raw strings and bit masks; do not run a search or mutate Documents during import.","https://github.com/altqx/hikari/blob/20d647c4c769ab7f5d383cf3c1c33f03876a94e9/HikariSub/config.h#L149","https://github.com/altqx/hikari/blob/20d647c4c769ab7f5d383cf3c1c33f03876a94e9/HikariSub/FindReplaceDialog.cpp#L263 ; https://github.com/altqx/hikari/blob/20d647c4c769ab7f5d383cf3c1c33f03876a94e9/HikariSub/FindReplaceDialog.cpp#L379"
"83","FIND_RECENT_FINDS","Config.txt","Table","ordered token table","ordered string tokens","unset (empty string)","Application profile","Search and select-lines defaults/history — find recent finds","map-proposed","Preserve scopes, order, raw strings and bit masks; do not run a search or mutate Documents during import.","https://github.com/altqx/hikari/blob/20d647c4c769ab7f5d383cf3c1c33f03876a94e9/HikariSub/config.h#L150","https://github.com/altqx/hikari/blob/20d647c4c769ab7f5d383cf3c1c33f03876a94e9/HikariSub/findreplace.cpp#L44 ; https://github.com/altqx/hikari/blob/20d647c4c769ab7f5d383cf3c1c33f03876a94e9/HikariSub/findreplace.cpp#L1201"
"84","FIND_REPLACE_OPTIONS","Config.txt","Int","integer bit mask","FindReplace.h bit mask","unset (empty string)","Application profile","Find/replace behavior and scope","map-proposed","Preserve scopes, order, raw strings and bit masks; do not run a search or mutate Documents during import. Preserve case/regex/field/scope/folder/comment/text/tag choices and unknown bits.","https://github.com/altqx/hikari/blob/20d647c4c769ab7f5d383cf3c1c33f03876a94e9/HikariSub/config.h#L151","https://github.com/altqx/hikari/blob/20d647c4c769ab7f5d383cf3c1c33f03876a94e9/HikariSub/FindReplaceDialog.cpp#L35 ; https://github.com/altqx/hikari/blob/20d647c4c769ab7f5d383cf3c1c33f03876a94e9/HikariSub/FindReplaceDialog.cpp#L290 ; https://github.com/altqx/hikari/blob/20d647c4c769ab7f5d383cf3c1c33f03876a94e9/HikariSub/FindReplace.h#L136"
"85","FONT_COLLECTOR_ACTION","Config.txt","Int","integer token","legacy operation enum","unset (empty string)","Application profile","Font discovery and collector defaults — font collector action","map-proposed","Keep directory and action choices; paths can be unavailable and selected font instances require renderer evidence.","https://github.com/altqx/hikari/blob/20d647c4c769ab7f5d383cf3c1c33f03876a94e9/HikariSub/config.h#L152","https://github.com/altqx/hikari/blob/20d647c4c769ab7f5d383cf3c1c33f03876a94e9/HikariSub/FontCollector.cpp#L158 ; https://github.com/altqx/hikari/blob/20d647c4c769ab7f5d383cf3c1c33f03876a94e9/HikariSub/FontCollector.cpp#L160"
"86","FONT_COLLECTOR_DIRECTORY","Config.txt","String","string","text","unset (empty string)","Application profile","Font discovery and collector defaults — font collector directory","map-proposed","Keep directory and action choices; paths can be unavailable and selected font instances require renderer evidence.","https://github.com/altqx/hikari/blob/20d647c4c769ab7f5d383cf3c1c33f03876a94e9/HikariSub/config.h#L153","https://github.com/altqx/hikari/blob/20d647c4c769ab7f5d383cf3c1c33f03876a94e9/HikariSub/FontCollector.cpp#L157 ; https://github.com/altqx/hikari/blob/20d647c4c769ab7f5d383cf3c1c33f03876a94e9/HikariSub/FontCollector.cpp#L430"
"87","FONT_COLLECTOR_FROM_MKV","Config.txt","Bool","boolean","none","unset (empty string)","Application profile","Font discovery and collector defaults — font collector from mkv","map-proposed","Keep directory and action choices; paths can be unavailable and selected font instances require renderer evidence.","https://github.com/altqx/hikari/blob/20d647c4c769ab7f5d383cf3c1c33f03876a94e9/HikariSub/config.h#L154","https://github.com/altqx/hikari/blob/20d647c4c769ab7f5d383cf3c1c33f03876a94e9/HikariSub/FontCollector.cpp#L183"
"88","FONT_COLLECTOR_USE_SUBS_DIRECTORY","Config.txt","Bool","boolean","none","unset (empty string)","Application profile","Font discovery and collector defaults — font collector use subs directory","map-proposed","Keep directory and action choices; paths can be unavailable and selected font instances require renderer evidence.","https://github.com/altqx/hikari/blob/20d647c4c769ab7f5d383cf3c1c33f03876a94e9/HikariSub/config.h#L155","https://github.com/altqx/hikari/blob/20d647c4c769ab7f5d383cf3c1c33f03876a94e9/HikariSub/FontCollector.cpp#L178 ; https://github.com/altqx/hikari/blob/20d647c4c769ab7f5d383cf3c1c33f03876a94e9/HikariSub/FontCollector.cpp#L551"
"89","EXTERNAL_FONTS_DIRECTORY","Config.txt","String","string","path string","unset (empty string)","Application profile","External font directory","map-proposed","Keep directory and action choices; paths can be unavailable and selected font instances require renderer evidence.","https://github.com/altqx/hikari/blob/20d647c4c769ab7f5d383cf3c1c33f03876a94e9/HikariSub/config.h#L156","https://github.com/altqx/hikari/blob/20d647c4c769ab7f5d383cf3c1c33f03876a94e9/HikariSub/FontCollector.cpp#L770 ; https://github.com/altqx/hikari/blob/20d647c4c769ab7f5d383cf3c1c33f03876a94e9/HikariSub/FontEnumerator.cpp#L376"
"90","FFMS2_VIDEO_SEEKING","Config.txt","Int","integer enum","legacy integer enum","L""2""","Application profile","Exact-media seek mode candidate","preserve-unresolved","Preserve the setting for review; no invented Qt API path or accepted storage schema. Keep raw mode; FFMS2 enum to adapter capability mapping needs explicit qualification.","https://github.com/altqx/hikari/blob/20d647c4c769ab7f5d383cf3c1c33f03876a94e9/HikariSub/config.h#L157","https://github.com/altqx/hikari/blob/20d647c4c769ab7f5d383cf3c1c33f03876a94e9/HikariSub/ProviderFFMS2.cpp#L340 ; https://github.com/altqx/hikari/blob/20d647c4c769ab7f5d383cf3c1c33f03876a94e9/HikariSub/OptionsDialog.cpp#L584"
"91","GRID_CHANGE_ACTIVE_ON_SELECTION","Config.txt","Bool","boolean","none","L""true""","Application profile","Grid interaction and view defaults — grid change active on selection","map-proposed","Preferences initialize a view; selection/filter results and Line identity belong to the live Document view. Do not apply filters or save at import.","https://github.com/altqx/hikari/blob/20d647c4c769ab7f5d383cf3c1c33f03876a94e9/HikariSub/config.h#L158","https://github.com/altqx/hikari/blob/20d647c4c769ab7f5d383cf3c1c33f03876a94e9/HikariSub/SubsGridPreview.cpp#L719 ; https://github.com/altqx/hikari/blob/20d647c4c769ab7f5d383cf3c1c33f03876a94e9/HikariSub/SubsGridWindow.cpp#L1596"
"92","GRID_FONT","Config.txt","String","string","text","L""Tahoma""","Application profile","Application preferences — grid font","map-proposed","Preserve the setting for review; no invented Qt API path or accepted storage schema. Font face/size preferences are not excluded by the legacy-theme decision; unresolved font substitution and DPI translation require review.","https://github.com/altqx/hikari/blob/20d647c4c769ab7f5d383cf3c1c33f03876a94e9/HikariSub/config.h#L159","https://github.com/altqx/hikari/blob/20d647c4c769ab7f5d383cf3c1c33f03876a94e9/HikariSub/OptionsDialog.cpp#L414 ; https://github.com/altqx/hikari/blob/20d647c4c769ab7f5d383cf3c1c33f03876a94e9/HikariSub/SubsGridWindow.cpp#L91"
"93","GRID_FONT_SIZE","Config.txt","Int","integer token","legacy font point size","L""10""","Application profile","Application preferences — grid font size","map-proposed","Preserve the setting for review; no invented Qt API path or accepted storage schema. Font face/size preferences are not excluded by the legacy-theme decision; unresolved font substitution and DPI translation require review.","https://github.com/altqx/hikari/blob/20d647c4c769ab7f5d383cf3c1c33f03876a94e9/HikariSub/config.h#L160","https://github.com/altqx/hikari/blob/20d647c4c769ab7f5d383cf3c1c33f03876a94e9/HikariSub/OptionsDialog.cpp#L414 ; https://github.com/altqx/hikari/blob/20d647c4c769ab7f5d383cf3c1c33f03876a94e9/HikariSub/OptionsDialog.cpp#L1347"
"94","GRID_ADD_TO_FILTER","Config.txt","Bool","boolean","none","unset (empty string)","Application profile","Grid interaction and view defaults — grid add to filter","map-proposed","Preferences initialize a view; selection/filter results and Line identity belong to the live Document view. Do not apply filters or save at import.","https://github.com/altqx/hikari/blob/20d647c4c769ab7f5d383cf3c1c33f03876a94e9/HikariSub/config.h#L161","https://github.com/altqx/hikari/blob/20d647c4c769ab7f5d383cf3c1c33f03876a94e9/HikariSub/SubsGrid.cpp#L230 ; https://github.com/altqx/hikari/blob/20d647c4c769ab7f5d383cf3c1c33f03876a94e9/HikariSub/SubsGrid.cpp#L925"
"95","GRID_FILTER_AFTER_LOAD","Config.txt","Bool","boolean","none","unset (empty string)","Application profile","Grid interaction and view defaults — grid filter after load","map-proposed","Preferences initialize a view; selection/filter results and Line identity belong to the live Document view. Do not apply filters or save at import.","https://github.com/altqx/hikari/blob/20d647c4c769ab7f5d383cf3c1c33f03876a94e9/HikariSub/config.h#L162","https://github.com/altqx/hikari/blob/20d647c4c769ab7f5d383cf3c1c33f03876a94e9/HikariSub/SubsGrid.cpp#L228 ; https://github.com/altqx/hikari/blob/20d647c4c769ab7f5d383cf3c1c33f03876a94e9/HikariSub/SubsGrid.cpp#L928"
"96","GRID_FILTER_BY","Config.txt","Int","integer token","filter criterion bits; preserve unknown bits","unset (empty string)","Application profile","Grid interaction and view defaults — grid filter by","map-proposed","Preferences initialize a view; selection/filter results and Line identity belong to the live Document view. Do not apply filters or save at import.","https://github.com/altqx/hikari/blob/20d647c4c769ab7f5d383cf3c1c33f03876a94e9/HikariSub/config.h#L163","https://github.com/altqx/hikari/blob/20d647c4c769ab7f5d383cf3c1c33f03876a94e9/HikariSub/SubsGrid.cpp#L105 ; https://github.com/altqx/hikari/blob/20d647c4c769ab7f5d383cf3c1c33f03876a94e9/HikariSub/SubsGrid.cpp#L116"
"97","GRID_FILTER_INVERTED","Config.txt","Bool","boolean","none","unset (empty string)","Application profile","Grid interaction and view defaults — grid filter inverted","map-proposed","Preferences initialize a view; selection/filter results and Line identity belong to the live Document view. Do not apply filters or save at import.","https://github.com/altqx/hikari/blob/20d647c4c769ab7f5d383cf3c1c33f03876a94e9/HikariSub/config.h#L164","https://github.com/altqx/hikari/blob/20d647c4c769ab7f5d383cf3c1c33f03876a94e9/HikariSub/SubsGrid.cpp#L102"
"98","GRID_FILTER_STYLES","Config.txt","Table","ordered token table","ordered string tokens","unset (empty string)","Application profile","Grid interaction and view defaults — grid filter styles","map-proposed","Preferences initialize a view; selection/filter results and Line identity belong to the live Document view. Do not apply filters or save at import.","https://github.com/altqx/hikari/blob/20d647c4c769ab7f5d383cf3c1c33f03876a94e9/HikariSub/config.h#L165","https://github.com/altqx/hikari/blob/20d647c4c769ab7f5d383cf3c1c33f03876a94e9/HikariSub/SubsGrid.cpp#L216 ; https://github.com/altqx/hikari/blob/20d647c4c769ab7f5d383cf3c1c33f03876a94e9/HikariSub/SubsGridFiltering.cpp#L48"
"99","GRID_HIDE_COLUMNS","Config.txt","Int","integer token","column visibility bit mask","unset (empty string)","Application profile","Grid interaction and view defaults — grid hide columns","map-proposed","Preferences initialize a view; selection/filter results and Line identity belong to the live Document view. Do not apply filters or save at import.","https://github.com/altqx/hikari/blob/20d647c4c769ab7f5d383cf3c1c33f03876a94e9/HikariSub/config.h#L166","https://github.com/altqx/hikari/blob/20d647c4c769ab7f5d383cf3c1c33f03876a94e9/HikariSub/SubsGrid.cpp#L59 ; https://github.com/altqx/hikari/blob/20d647c4c769ab7f5d383cf3c1c33f03876a94e9/HikariSub/SubsGrid.cpp#L98"
"100","GRID_HIDE_TAGS","Config.txt","Bool","boolean","none","unset (empty string)","Application profile","Grid interaction and view defaults — grid hide tags","map-proposed","Preferences initialize a view; selection/filter results and Line identity belong to the live Document view. Do not apply filters or save at import.","https://github.com/altqx/hikari/blob/20d647c4c769ab7f5d383cf3c1c33f03876a94e9/HikariSub/config.h#L167","https://github.com/altqx/hikari/blob/20d647c4c769ab7f5d383cf3c1c33f03876a94e9/HikariSub/SubsGrid.cpp#L60 ; https://github.com/altqx/hikari/blob/20d647c4c769ab7f5d383cf3c1c33f03876a94e9/HikariSub/SubsGridWindow.cpp#L1962"
"101","GRID_IGNORE_FILTERING","Config.txt","Bool","boolean","none","unset (empty string)","Application profile","Grid interaction and view defaults — grid ignore filtering","map-proposed","Preferences initialize a view; selection/filter results and Line identity belong to the live Document view. Do not apply filters or save at import.","https://github.com/altqx/hikari/blob/20d647c4c769ab7f5d383cf3c1c33f03876a94e9/HikariSub/config.h#L168","https://github.com/altqx/hikari/blob/20d647c4c769ab7f5d383cf3c1c33f03876a94e9/HikariSub/SubsGrid.cpp#L86 ; https://github.com/altqx/hikari/blob/20d647c4c769ab7f5d383cf3c1c33f03876a94e9/HikariSub/SubsGrid.cpp#L931"
"102","GRID_LOAD_SORTED_SUBS","Config.txt","Bool","boolean","none","unset (empty string)","Application profile","Grid interaction and view defaults — grid load sorted subs","map-proposed","Preferences initialize a view; selection/filter results and Line identity belong to the live Document view. Do not apply filters or save at import.","https://github.com/altqx/hikari/blob/20d647c4c769ab7f5d383cf3c1c33f03876a94e9/HikariSub/config.h#L169","https://github.com/altqx/hikari/blob/20d647c4c769ab7f5d383cf3c1c33f03876a94e9/HikariSub/SubsGridBase.cpp#L1240 ; https://github.com/altqx/hikari/blob/20d647c4c769ab7f5d383cf3c1c33f03876a94e9/HikariSub/OptionsDialog.cpp#L311"
"103","GRID_SAVE_AFTER_CHARACTER_COUNT","Config.txt","Int, String","integer token","legacy edit-event counter, not a disk-save interval","L""1""","Application profile","Editor typing-change submission threshold","map-proposed","Keep counter and 0/unset distinct. EditBox submits typing changes to the Document through Send; this is not a promise of periodic filesystem saves. Draft/transaction policies remain proposed.","https://github.com/altqx/hikari/blob/20d647c4c769ab7f5d383cf3c1c33f03876a94e9/HikariSub/config.h#L170","https://github.com/altqx/hikari/blob/20d647c4c769ab7f5d383cf3c1c33f03876a94e9/HikariSub/EditBox.cpp#L383 ; https://github.com/altqx/hikari/blob/20d647c4c769ab7f5d383cf3c1c33f03876a94e9/HikariSub/EditBox.cpp#L1562 ; https://github.com/altqx/hikari/blob/20d647c4c769ab7f5d383cf3c1c33f03876a94e9/HikariSub/EditBox.cpp#L1562"
"104","GRID_TAGS_SWAP_CHARACTER","Config.txt","String","string","text","L""☀""","Application profile","Grid interaction and view defaults — grid tags swap character","map-proposed","Preferences initialize a view; selection/filter results and Line identity belong to the live Document view. Do not apply filters or save at import.","https://github.com/altqx/hikari/blob/20d647c4c769ab7f5d383cf3c1c33f03876a94e9/HikariSub/config.h#L171","https://github.com/altqx/hikari/blob/20d647c4c769ab7f5d383cf3c1c33f03876a94e9/HikariSub/OptionsDialog.cpp#L381 ; https://github.com/altqx/hikari/blob/20d647c4c769ab7f5d383cf3c1c33f03876a94e9/HikariSub/SubsGridPreview.cpp#L184"
"105","GRID_INSERT_END_OFFSET","Config.txt","Int, String","integer token","milliseconds","L""0""","Application profile","Grid interaction and view defaults — grid insert end offset","map-proposed","Preferences initialize a view; selection/filter results and Line identity belong to the live Document view. Do not apply filters or save at import.","https://github.com/altqx/hikari/blob/20d647c4c769ab7f5d383cf3c1c33f03876a94e9/HikariSub/config.h#L172","https://github.com/altqx/hikari/blob/20d647c4c769ab7f5d383cf3c1c33f03876a94e9/HikariSub/HikariSubFrame.cpp#L757 ; https://github.com/altqx/hikari/blob/20d647c4c769ab7f5d383cf3c1c33f03876a94e9/HikariSub/OptionsDialog.cpp#L380"
"106","GRID_INSERT_START_OFFSET","Config.txt","Int, String","integer token","milliseconds","L""0""","Application profile","Grid interaction and view defaults — grid insert start offset","map-proposed","Preferences initialize a view; selection/filter results and Line identity belong to the live Document view. Do not apply filters or save at import.","https://github.com/altqx/hikari/blob/20d647c4c769ab7f5d383cf3c1c33f03876a94e9/HikariSub/config.h#L173","https://github.com/altqx/hikari/blob/20d647c4c769ab7f5d383cf3c1c33f03876a94e9/HikariSub/HikariSubFrame.cpp#L753 ; https://github.com/altqx/hikari/blob/20d647c4c769ab7f5d383cf3c1c33f03876a94e9/HikariSub/OptionsDialog.cpp#L379"
"107","GRID_DUPLICATION_DONT_CHANGE_SELECTION","Config.txt","Bool","boolean","none","unset (empty string)","Application profile","Grid interaction and view defaults — grid duplication dont change selection","map-proposed","Preferences initialize a view; selection/filter results and Line identity belong to the live Document view. Do not apply filters or save at import.","https://github.com/altqx/hikari/blob/20d647c4c769ab7f5d383cf3c1c33f03876a94e9/HikariSub/config.h#L174","https://github.com/altqx/hikari/blob/20d647c4c769ab7f5d383cf3c1c33f03876a94e9/HikariSub/SubsGrid.cpp#L404 ; https://github.com/altqx/hikari/blob/20d647c4c769ab7f5d383cf3c1c33f03876a94e9/HikariSub/OptionsDialog.cpp#L315"
"108","GRID_DONT_CENTER_ACTIVE_LINE","Config.txt","Bool","boolean","none","unset (empty string)","Application profile","Grid interaction and view defaults — grid dont center active line","map-proposed","Preferences initialize a view; selection/filter results and Line identity belong to the live Document view. Do not apply filters or save at import.","https://github.com/altqx/hikari/blob/20d647c4c769ab7f5d383cf3c1c33f03876a94e9/HikariSub/config.h#L175","https://github.com/altqx/hikari/blob/20d647c4c769ab7f5d383cf3c1c33f03876a94e9/HikariSub/SubsGridBase.cpp#L1113 ; https://github.com/altqx/hikari/blob/20d647c4c769ab7f5d383cf3c1c33f03876a94e9/HikariSub/SubsGridBase.cpp#L1403"
"109","KEYFRAMES_RECENT","Config.txt","Table","ordered token table","ordered path strings","unset (empty string)","Application profile","Ordered recent-resource history — keyframes recent","map-proposed","Keep original strings and ordering; missing paths remain visible and no resource is opened automatically.","https://github.com/altqx/hikari/blob/20d647c4c769ab7f5d383cf3c1c33f03876a94e9/HikariSub/config.h#L176","https://github.com/altqx/hikari/blob/20d647c4c769ab7f5d383cf3c1c33f03876a94e9/HikariSub/HikariSubFrame.cpp#L121 ; https://github.com/altqx/hikari/blob/20d647c4c769ab7f5d383cf3c1c33f03876a94e9/HikariSub/HikariSubFrame.cpp#L1530"
"110","LAST_SESSION_CONFIG","Config.txt","Int","integer enum","0 no restore; 1 ask; 2 restore at startup","unset (empty string)","Application profile","Startup Session restore policy","map-proposed","Retain startup restore choice (0/1/2) without opening a Session during import; unknown values remain unresolved. Session resource readers and pending drafts are separate contracts.","https://github.com/altqx/hikari/blob/20d647c4c769ab7f5d383cf3c1c33f03876a94e9/HikariSub/config.h#L177","https://github.com/altqx/hikari/blob/20d647c4c769ab7f5d383cf3c1c33f03876a94e9/HikariSub/HikariSubFrame.cpp#L167 ; https://github.com/altqx/hikari/blob/20d647c4c769ab7f5d383cf3c1c33f03876a94e9/HikariSub/hikarisubApp.cpp#L507 ; https://github.com/altqx/hikari/blob/20d647c4c769ab7f5d383cf3c1c33f03876a94e9/HikariSub/HikariSubFrame.cpp#L965"
"111","SHIFT_TIMES_BY_TIME","Config.txt","No direct typed getter","boolean","none","L""false""","Application profile","Timing tool defaults — Legacy time-versus-frame shifting setting","preserve-unresolved","Keep raw timing values and companion mode fields together. Do not assume frame counts are milliseconds or change representative-time behavior. Explicit old default exists but current live UI uses SHIFT_TIMES_OPTIONS. Retain token and classify precedence against the packed replacement before enabling.","https://github.com/altqx/hikari/blob/20d647c4c769ab7f5d383cf3c1c33f03876a94e9/HikariSub/config.h#L178","No direct consumer found; registry/default evidence only"
"112","SHIFT_TIMES_CHANGE_VALUES_WITH_TAB","Config.txt","Bool","boolean","none","unset (empty string)","Application profile","Timing tool defaults — shift times change values with tab","map-proposed","Keep raw timing values and companion mode fields together. Do not assume frame counts are milliseconds or change representative-time behavior.","https://github.com/altqx/hikari/blob/20d647c4c769ab7f5d383cf3c1c33f03876a94e9/HikariSub/config.h#L179","https://github.com/altqx/hikari/blob/20d647c4c769ab7f5d383cf3c1c33f03876a94e9/HikariSub/HikariSubFrame.cpp#L1994 ; https://github.com/altqx/hikari/blob/20d647c4c769ab7f5d383cf3c1c33f03876a94e9/HikariSub/OptionsDialog.cpp#L313"
"113","SHIFT_TIMES_CORRECT_END_TIMES","Config.txt","Int","integer token","legacy correction enum","unset (empty string)","Application profile","Timing tool defaults — shift times correct end times","map-proposed","Keep raw timing values and companion mode fields together. Do not assume frame counts are milliseconds or change representative-time behavior.","https://github.com/altqx/hikari/blob/20d647c4c769ab7f5d383cf3c1c33f03876a94e9/HikariSub/config.h#L180","https://github.com/altqx/hikari/blob/20d647c4c769ab7f5d383cf3c1c33f03876a94e9/HikariSub/ShiftTimes.cpp#L645 ; https://github.com/altqx/hikari/blob/20d647c4c769ab7f5d383cf3c1c33f03876a94e9/HikariSub/SubsGridBase.cpp#L438"
"114","SHIFT_TIMES_MOVE_FORWARD","Config.txt","No direct typed getter","boolean","none","L""true""","Application profile","Timing tool defaults — Legacy direction setting; packed SHIFT_TIMES_OPTIONS controls current panel","preserve-unresolved","Keep raw timing values and companion mode fields together. Do not assume frame counts are milliseconds or change representative-time behavior. Explicit old default exists but current live UI uses SHIFT_TIMES_OPTIONS. Retain token and classify precedence against the packed replacement before enabling.","https://github.com/altqx/hikari/blob/20d647c4c769ab7f5d383cf3c1c33f03876a94e9/HikariSub/config.h#L181","No direct consumer found; registry/default evidence only"
"115","SHIFT_TIMES_DISPLAY_FRAMES","Config.txt","Int","integer token","stored shift offset in frames","unset (empty string)","Application profile","Timing tool defaults — separately retained frame shift offset","map-proposed","Retain this cached frame offset separately from SHIFT_TIMES_TIME milliseconds. SHIFT_TIMES_OPTIONS bit16 selects frame display; do not interpret this value as a format discriminator or boolean. Applying a frame shift requires the accepted qualified timebase contract.","https://github.com/altqx/hikari/blob/20d647c4c769ab7f5d383cf3c1c33f03876a94e9/HikariSub/config.h#L182","https://github.com/altqx/hikari/blob/20d647c4c769ab7f5d383cf3c1c33f03876a94e9/HikariSub/ShiftTimes.cpp#L216 ; https://github.com/altqx/hikari/blob/20d647c4c769ab7f5d383cf3c1c33f03876a94e9/HikariSub/ShiftTimes.cpp#L764 ; https://github.com/altqx/hikari/blob/20d647c4c769ab7f5d383cf3c1c33f03876a94e9/HikariSub/SubsTime.cpp#L30"
"116","SHIFT_TIMES_ON","Config.txt","Bool","boolean","none","L""true""","Application profile","Timing tool defaults — shift times on","map-proposed","Keep raw timing values and companion mode fields together. Do not assume frame counts are milliseconds or change representative-time behavior.","https://github.com/altqx/hikari/blob/20d647c4c769ab7f5d383cf3c1c33f03876a94e9/HikariSub/config.h#L183","https://github.com/altqx/hikari/blob/20d647c4c769ab7f5d383cf3c1c33f03876a94e9/HikariSub/HikariSubFrame.cpp#L880 ; https://github.com/altqx/hikari/blob/20d647c4c769ab7f5d383cf3c1c33f03876a94e9/HikariSub/HikariSubFrame.cpp#L2035"
"117","SHIFT_TIMES_OPTIONS","Config.txt","Int","integer bit mask","bits 1 forward; 2 start anchor; 4 video; 8 audio; 16 frames; 32 tag times","unset (empty string)","Application profile","Time-shift mode flags","map-proposed","Keep raw timing values and companion mode fields together. Do not assume frame counts are milliseconds or change representative-time behavior. Retain unknown bits; modern typed time projection must use companion display/type fields and qualified timebase.","https://github.com/altqx/hikari/blob/20d647c4c769ab7f5d383cf3c1c33f03876a94e9/HikariSub/config.h#L184","https://github.com/altqx/hikari/blob/20d647c4c769ab7f5d383cf3c1c33f03876a94e9/HikariSub/ShiftTimes.cpp#L604 ; https://github.com/altqx/hikari/blob/20d647c4c769ab7f5d383cf3c1c33f03876a94e9/HikariSub/SubsGridBase.cpp#L433"
"118","SHIFT_TIMES_WHICH_LINES","Config.txt","Int","integer token","legacy affected-Line scope enum","L""0""","Application profile","Timing tool defaults — shift times which lines","map-proposed","Keep raw timing values and companion mode fields together. Do not assume frame counts are milliseconds or change representative-time behavior.","https://github.com/altqx/hikari/blob/20d647c4c769ab7f5d383cf3c1c33f03876a94e9/HikariSub/config.h#L185","https://github.com/altqx/hikari/blob/20d647c4c769ab7f5d383cf3c1c33f03876a94e9/HikariSub/ShiftTimes.cpp#L636 ; https://github.com/altqx/hikari/blob/20d647c4c769ab7f5d383cf3c1c33f03876a94e9/HikariSub/SubsGridBase.cpp#L436"
"119","SHIFT_TIMES_WHICH_TIMES","Config.txt","Int","integer token","legacy start/end/both enum","L""0""","Application profile","Timing tool defaults — shift times which times","map-proposed","Keep raw timing values and companion mode fields together. Do not assume frame counts are milliseconds or change representative-time behavior.","https://github.com/altqx/hikari/blob/20d647c4c769ab7f5d383cf3c1c33f03876a94e9/HikariSub/config.h#L186","https://github.com/altqx/hikari/blob/20d647c4c769ab7f5d383cf3c1c33f03876a94e9/HikariSub/ShiftTimes.cpp#L640 ; https://github.com/altqx/hikari/blob/20d647c4c769ab7f5d383cf3c1c33f03876a94e9/HikariSub/SubsGridBase.cpp#L437"
"120","SHIFT_TIMES_STYLES","Config.txt","String","string","text","emptyString","Application profile","Timing tool defaults — shift times styles","map-proposed","Keep raw timing values and companion mode fields together. Do not assume frame counts are milliseconds or change representative-time behavior.","https://github.com/altqx/hikari/blob/20d647c4c769ab7f5d383cf3c1c33f03876a94e9/HikariSub/config.h#L187","https://github.com/altqx/hikari/blob/20d647c4c769ab7f5d383cf3c1c33f03876a94e9/HikariSub/ShiftTimes.cpp#L634 ; https://github.com/altqx/hikari/blob/20d647c4c769ab7f5d383cf3c1c33f03876a94e9/HikariSub/SubsGridBase.cpp#L440"
"121","SHIFT_TIMES_TIME","Config.txt","Int","integer token","stored shift offset in milliseconds","L""2000""","Application profile","Timing tool defaults — separately retained millisecond shift offset","map-proposed","Retain this cached millisecond offset separately from SHIFT_TIMES_DISPLAY_FRAMES frames. SHIFT_TIMES_OPTIONS bit16 selects frame display. Changing display mode restores its own saved offset; do not collapse both values into one inferred format/value.","https://github.com/altqx/hikari/blob/20d647c4c769ab7f5d383cf3c1c33f03876a94e9/HikariSub/config.h#L188","https://github.com/altqx/hikari/blob/20d647c4c769ab7f5d383cf3c1c33f03876a94e9/HikariSub/ShiftTimes.cpp#L219 ; https://github.com/altqx/hikari/blob/20d647c4c769ab7f5d383cf3c1c33f03876a94e9/HikariSub/ShiftTimes.cpp#L759 ; https://github.com/altqx/hikari/blob/20d647c4c769ab7f5d383cf3c1c33f03876a94e9/HikariSub/SubsTime.cpp#L30"
"122","MOVE_VIDEO_TO_ACTIVE_LINE","Config.txt","Int","integer enum","legacy integer enum","unset (empty string)","Application profile","Video navigation after active-Line change","map-proposed","Preserve the setting for review; no invented Qt API path or accepted storage schema.","https://github.com/altqx/hikari/blob/20d647c4c769ab7f5d383cf3c1c33f03876a94e9/HikariSub/config.h#L189","https://github.com/altqx/hikari/blob/20d647c4c769ab7f5d383cf3c1c33f03876a94e9/HikariSub/VideoToolbar.cpp#L136 ; https://github.com/altqx/hikari/blob/20d647c4c769ab7f5d383cf3c1c33f03876a94e9/HikariSub/VideoToolbar.cpp#L146"
"123","EDITBOX_DONT_GO_TO_NEXT_LINE_ON_TIMES_EDIT","Config.txt","Bool","boolean","none","unset (empty string)","Application profile","ASS text editor preferences — editbox dont go to next line on times edit","map-proposed","Preserve editing behavior inputs and view defaults; raw ASS remains authoritative and editable hidden tags/IME-safe Enter are accepted requirements.","https://github.com/altqx/hikari/blob/20d647c4c769ab7f5d383cf3c1c33f03876a94e9/HikariSub/config.h#L190","https://github.com/altqx/hikari/blob/20d647c4c769ab7f5d383cf3c1c33f03876a94e9/HikariSub/EditBox.cpp#L994 ; https://github.com/altqx/hikari/blob/20d647c4c769ab7f5d383cf3c1c33f03876a94e9/HikariSub/OptionsDialog.cpp#L312"
"124","OPEN_SUBS_IN_NEW_TAB","Config.txt","Bool","boolean","none","unset (empty string)","Application profile","Subtitle-open destination policy","map-proposed","Preserve the setting for review; no invented Qt API path or accepted storage schema.","https://github.com/altqx/hikari/blob/20d647c4c769ab7f5d383cf3c1c33f03876a94e9/HikariSub/config.h#L191","https://github.com/altqx/hikari/blob/20d647c4c769ab7f5d383cf3c1c33f03876a94e9/HikariSub/HikariSubFrame.cpp#L1363 ; https://github.com/altqx/hikari/blob/20d647c4c769ab7f5d383cf3c1c33f03876a94e9/HikariSub/OptionsDialog.cpp#L312"
"125","OPEN_VIDEO_AT_ACTIVE_LINE","Config.txt","Bool","boolean","none","unset (empty string)","Application profile","Application preferences — open video at active line","map-proposed","Preserve the setting for review; no invented Qt API path or accepted storage schema. Preserve media navigation/play policy; no playback side effect at import.","https://github.com/altqx/hikari/blob/20d647c4c769ab7f5d383cf3c1c33f03876a94e9/HikariSub/config.h#L192","https://github.com/altqx/hikari/blob/20d647c4c769ab7f5d383cf3c1c33f03876a94e9/HikariSub/VideoBox.cpp#L408 ; https://github.com/altqx/hikari/blob/20d647c4c769ab7f5d383cf3c1c33f03876a94e9/HikariSub/OptionsDialog.cpp#L583"
"126","PASTE_COLUMNS_SELECTION","Config.txt","Int","integer bit mask","column bit mask","unset (empty string)","Application profile","Grid interaction and view defaults — paste columns selection","map-proposed","Preferences initialize a view; selection/filter results and Line identity belong to the live Document view. Do not apply filters or save at import. Keep copy and paste masks distinct, spelling alias included; decode using the column dialog schema, retaining unknown bits.","https://github.com/altqx/hikari/blob/20d647c4c769ab7f5d383cf3c1c33f03876a94e9/HikariSub/config.h#L193","https://github.com/altqx/hikari/blob/20d647c4c769ab7f5d383cf3c1c33f03876a94e9/HikariSub/SubsGrid.cpp#L547 ; https://github.com/altqx/hikari/blob/20d647c4c769ab7f5d383cf3c1c33f03876a94e9/HikariSub/SubsGrid.cpp#L563"
"127","VIDEO_PLAY_AFTER_SELECTION","Config.txt","Int","integer token","legacy playback enum","L""0""","Application profile","Application preferences — video play after selection","map-proposed","Preserve the setting for review; no invented Qt API path or accepted storage schema. Preserve media navigation/play policy; no playback side effect at import.","https://github.com/altqx/hikari/blob/20d647c4c769ab7f5d383cf3c1c33f03876a94e9/HikariSub/config.h#L194","https://github.com/altqx/hikari/blob/20d647c4c769ab7f5d383cf3c1c33f03876a94e9/HikariSub/VideoToolbar.cpp#L140 ; https://github.com/altqx/hikari/blob/20d647c4c769ab7f5d383cf3c1c33f03876a94e9/HikariSub/VideoToolbar.cpp#L150"
"128","POSTPROCESSOR_ON","Config.txt","Int","integer bit mask","bits 1 lead-in; 2 lead-out; 4 continuity; 8 keyframe","unset (empty string)","Application profile","Enabled postprocessor stages","map-proposed","Keep raw timing values and companion mode fields together. Do not assume frame counts are milliseconds or change representative-time behavior. Imported enabled bits do not authorize running the operation.","https://github.com/altqx/hikari/blob/20d647c4c769ab7f5d383cf3c1c33f03876a94e9/HikariSub/config.h#L195","https://github.com/altqx/hikari/blob/20d647c4c769ab7f5d383cf3c1c33f03876a94e9/HikariSub/ShiftTimes.cpp#L123 ; https://github.com/altqx/hikari/blob/20d647c4c769ab7f5d383cf3c1c33f03876a94e9/HikariSub/ShiftTimes.cpp#L390 ; https://github.com/altqx/hikari/blob/20d647c4c769ab7f5d383cf3c1c33f03876a94e9/HikariSub/ShiftTimes.cpp#L604"
"129","POSTPROCESSOR_KEYFRAME_BEFORE_START","Config.txt","Int, String","integer token","milliseconds window","unset (empty string)","Application profile","Timing tool defaults — postprocessor keyframe before start","map-proposed","Keep raw timing values and companion mode fields together. Do not assume frame counts are milliseconds or change representative-time behavior.","https://github.com/altqx/hikari/blob/20d647c4c769ab7f5d383cf3c1c33f03876a94e9/HikariSub/config.h#L196","https://github.com/altqx/hikari/blob/20d647c4c769ab7f5d383cf3c1c33f03876a94e9/HikariSub/ShiftTimes.cpp#L440 ; https://github.com/altqx/hikari/blob/20d647c4c769ab7f5d383cf3c1c33f03876a94e9/HikariSub/ShiftTimes.cpp#L659"
"130","POSTPROCESSOR_KEYFRAME_AFTER_START","Config.txt","Int, String","integer token","milliseconds window","unset (empty string)","Application profile","Timing tool defaults — postprocessor keyframe after start","map-proposed","Keep raw timing values and companion mode fields together. Do not assume frame counts are milliseconds or change representative-time behavior.","https://github.com/altqx/hikari/blob/20d647c4c769ab7f5d383cf3c1c33f03876a94e9/HikariSub/config.h#L197","https://github.com/altqx/hikari/blob/20d647c4c769ab7f5d383cf3c1c33f03876a94e9/HikariSub/ShiftTimes.cpp#L441 ; https://github.com/altqx/hikari/blob/20d647c4c769ab7f5d383cf3c1c33f03876a94e9/HikariSub/ShiftTimes.cpp#L660"
"131","POSTPROCESSOR_KEYFRAME_BEFORE_END","Config.txt","Int, String","integer token","milliseconds window","unset (empty string)","Application profile","Timing tool defaults — postprocessor keyframe before end","map-proposed","Keep raw timing values and companion mode fields together. Do not assume frame counts are milliseconds or change representative-time behavior.","https://github.com/altqx/hikari/blob/20d647c4c769ab7f5d383cf3c1c33f03876a94e9/HikariSub/config.h#L198","https://github.com/altqx/hikari/blob/20d647c4c769ab7f5d383cf3c1c33f03876a94e9/HikariSub/ShiftTimes.cpp#L442 ; https://github.com/altqx/hikari/blob/20d647c4c769ab7f5d383cf3c1c33f03876a94e9/HikariSub/ShiftTimes.cpp#L661"
"132","POSTPROCESSOR_KEYFRAME_AFTER_END","Config.txt","Int, String","integer token","milliseconds window","unset (empty string)","Application profile","Timing tool defaults — postprocessor keyframe after end","map-proposed","Keep raw timing values and companion mode fields together. Do not assume frame counts are milliseconds or change representative-time behavior.","https://github.com/altqx/hikari/blob/20d647c4c769ab7f5d383cf3c1c33f03876a94e9/HikariSub/config.h#L199","https://github.com/altqx/hikari/blob/20d647c4c769ab7f5d383cf3c1c33f03876a94e9/HikariSub/ShiftTimes.cpp#L443 ; https://github.com/altqx/hikari/blob/20d647c4c769ab7f5d383cf3c1c33f03876a94e9/HikariSub/ShiftTimes.cpp#L662"
"133","POSTPROCESSOR_LEAD_IN","Config.txt","Int, String","integer token","milliseconds","unset (empty string)","Application profile","Timing tool defaults — postprocessor lead in","map-proposed","Keep raw timing values and companion mode fields together. Do not assume frame counts are milliseconds or change representative-time behavior.","https://github.com/altqx/hikari/blob/20d647c4c769ab7f5d383cf3c1c33f03876a94e9/HikariSub/config.h#L200","https://github.com/altqx/hikari/blob/20d647c4c769ab7f5d383cf3c1c33f03876a94e9/HikariSub/ShiftTimes.cpp#L398 ; https://github.com/altqx/hikari/blob/20d647c4c769ab7f5d383cf3c1c33f03876a94e9/HikariSub/ShiftTimes.cpp#L655"
"134","POSTPROCESSOR_LEAD_OUT","Config.txt","Int, String","integer token","milliseconds","unset (empty string)","Application profile","Timing tool defaults — postprocessor lead out","map-proposed","Keep raw timing values and companion mode fields together. Do not assume frame counts are milliseconds or change representative-time behavior.","https://github.com/altqx/hikari/blob/20d647c4c769ab7f5d383cf3c1c33f03876a94e9/HikariSub/config.h#L201","https://github.com/altqx/hikari/blob/20d647c4c769ab7f5d383cf3c1c33f03876a94e9/HikariSub/ShiftTimes.cpp#L401 ; https://github.com/altqx/hikari/blob/20d647c4c769ab7f5d383cf3c1c33f03876a94e9/HikariSub/ShiftTimes.cpp#L656"
"135","POSTPROCESSOR_THRESHOLD_START","Config.txt","Int, String","integer token","milliseconds continuity threshold","unset (empty string)","Application profile","Timing tool defaults — postprocessor threshold start","map-proposed","Keep raw timing values and companion mode fields together. Do not assume frame counts are milliseconds or change representative-time behavior.","https://github.com/altqx/hikari/blob/20d647c4c769ab7f5d383cf3c1c33f03876a94e9/HikariSub/config.h#L202","https://github.com/altqx/hikari/blob/20d647c4c769ab7f5d383cf3c1c33f03876a94e9/HikariSub/ShiftTimes.cpp#L419 ; https://github.com/altqx/hikari/blob/20d647c4c769ab7f5d383cf3c1c33f03876a94e9/HikariSub/ShiftTimes.cpp#L657"
"136","POSTPROCESSOR_THRESHOLD_END","Config.txt","Int, String","integer token","milliseconds continuity threshold","unset (empty string)","Application profile","Timing tool defaults — postprocessor threshold end","map-proposed","Keep raw timing values and companion mode fields together. Do not assume frame counts are milliseconds or change representative-time behavior.","https://github.com/altqx/hikari/blob/20d647c4c769ab7f5d383cf3c1c33f03876a94e9/HikariSub/config.h#L203","https://github.com/altqx/hikari/blob/20d647c4c769ab7f5d383cf3c1c33f03876a94e9/HikariSub/ShiftTimes.cpp#L420 ; https://github.com/altqx/hikari/blob/20d647c4c769ab7f5d383cf3c1c33f03876a94e9/HikariSub/ShiftTimes.cpp#L658"
"137","STYLE_PREVIEW_TEXT","Config.txt","String","string","text","L""Podgląd""","Application profile","Styles tool preferences — style preview text","map-proposed","Keep Style-manager controls, preview and font filtering separate from authored Styles and catalogs.","https://github.com/altqx/hikari/blob/20d647c4c769ab7f5d383cf3c1c33f03876a94e9/HikariSub/config.h#L204","https://github.com/altqx/hikari/blob/20d647c4c769ab7f5d383cf3c1c33f03876a94e9/HikariSub/FontCatalogList.cpp#L233 ; https://github.com/altqx/hikari/blob/20d647c4c769ab7f5d383cf3c1c33f03876a94e9/HikariSub/ListControls.cpp#L952"
"138","PROGRAM_FONT","Config.txt","String","string","text","L""Tahoma""","Application profile","Application preferences — program font","map-proposed","Preserve the setting for review; no invented Qt API path or accepted storage schema. Font face/size preferences are not excluded by the legacy-theme decision; unresolved font substitution and DPI translation require review.","https://github.com/altqx/hikari/blob/20d647c4c769ab7f5d383cf3c1c33f03876a94e9/HikariSub/config.h#L205","https://github.com/altqx/hikari/blob/20d647c4c769ab7f5d383cf3c1c33f03876a94e9/HikariSub/OptionsDialog.cpp#L421 ; https://github.com/altqx/hikari/blob/20d647c4c769ab7f5d383cf3c1c33f03876a94e9/HikariSub/OptionsDialog.cpp#L1347"
"139","PROGRAM_FONT_SIZE","Config.txt","Int","integer token","legacy font point size","L""10""","Application profile","Application preferences — program font size","map-proposed","Preserve the setting for review; no invented Qt API path or accepted storage schema. Font face/size preferences are not excluded by the legacy-theme decision; unresolved font substitution and DPI translation require review.","https://github.com/altqx/hikari/blob/20d647c4c769ab7f5d383cf3c1c33f03876a94e9/HikariSub/config.h#L206","https://github.com/altqx/hikari/blob/20d647c4c769ab7f5d383cf3c1c33f03876a94e9/HikariSub/AudioDisplay.cpp#L108 ; https://github.com/altqx/hikari/blob/20d647c4c769ab7f5d383cf3c1c33f03876a94e9/HikariSub/OptionsDialog.cpp#L421"
"140","PROGRAM_LANGUAGE","Config.txt","String","string","legacy language identifier","unset (empty string)","Application profile","Interface language selection","map-proposed","Preserve the setting for review; no invented Qt API path or accepted storage schema. Resolve against shipped TS/QM languages; retain missing language choice and show fallback.","https://github.com/altqx/hikari/blob/20d647c4c769ab7f5d383cf3c1c33f03876a94e9/HikariSub/config.h#L207","https://github.com/altqx/hikari/blob/20d647c4c769ab7f5d383cf3c1c33f03876a94e9/HikariSub/OptionsDialog.cpp#L336 ; https://github.com/altqx/hikari/blob/20d647c4c769ab7f5d383cf3c1c33f03876a94e9/HikariSub/hikarisubApp.cpp#L328"
"141","PROGRAM_THEME","Config.txt","String","string","theme name","L""DarkSentro""","Application profile","No legacy-theme destination","exclude-accepted-theme","Preserve the setting for review; no invented Qt API path or accepted storage schema. Accepted exclusion: retain in migration report only; do not generate Qt colors/tokens.","https://github.com/altqx/hikari/blob/20d647c4c769ab7f5d383cf3c1c33f03876a94e9/HikariSub/config.h#L208","https://github.com/altqx/hikari/blob/20d647c4c769ab7f5d383cf3c1c33f03876a94e9/HikariSub/OptionsDialog.cpp#L840 ; https://github.com/altqx/hikari/blob/20d647c4c769ab7f5d383cf3c1c33f03876a94e9/HikariSub/OptionsDialog.cpp#L906"
"142","REPLACE_RECENT_REPLACEMENTS","Config.txt","Table","ordered token table","ordered string tokens","unset (empty string)","Application profile","Search and select-lines defaults/history — replace recent replacements","map-proposed","Preserve scopes, order, raw strings and bit masks; do not run a search or mutate Documents during import.","https://github.com/altqx/hikari/blob/20d647c4c769ab7f5d383cf3c1c33f03876a94e9/HikariSub/config.h#L209","https://github.com/altqx/hikari/blob/20d647c4c769ab7f5d383cf3c1c33f03876a94e9/HikariSub/findreplace.cpp#L49 ; https://github.com/altqx/hikari/blob/20d647c4c769ab7f5d383cf3c1c33f03876a94e9/HikariSub/findreplace.cpp#L1224"
"143","SELECT_LINES_RECENT_SELECTIONS","Config.txt","Table","ordered token table","ordered string tokens","unset (empty string)","Application profile","Search and select-lines defaults/history — select lines recent selections","map-proposed","Preserve scopes, order, raw strings and bit masks; do not run a search or mutate Documents during import.","https://github.com/altqx/hikari/blob/20d647c4c769ab7f5d383cf3c1c33f03876a94e9/HikariSub/config.h#L210","https://github.com/altqx/hikari/blob/20d647c4c769ab7f5d383cf3c1c33f03876a94e9/HikariSub/SelectLines.cpp#L36 ; https://github.com/altqx/hikari/blob/20d647c4c769ab7f5d383cf3c1c33f03876a94e9/HikariSub/SelectLines.cpp#L450"
"144","SELECT_LINES_OPTIONS","Config.txt","Int","integer bit mask","SelectLines.h bit mask","unset (empty string)","Application profile","Select-lines predicates and result action","map-proposed","Preserve scopes, order, raw strings and bit masks; do not run a search or mutate Documents during import. Preserve select/add/deselect and copy/cut/move/comment/delete action choices; no execution during import.","https://github.com/altqx/hikari/blob/20d647c4c769ab7f5d383cf3c1c33f03876a94e9/HikariSub/config.h#L211","https://github.com/altqx/hikari/blob/20d647c4c769ab7f5d383cf3c1c33f03876a94e9/HikariSub/SelectLines.cpp#L37 ; https://github.com/altqx/hikari/blob/20d647c4c769ab7f5d383cf3c1c33f03876a94e9/HikariSub/SelectLines.cpp#L206 ; https://github.com/altqx/hikari/blob/20d647c4c769ab7f5d383cf3c1c33f03876a94e9/HikariSub/SelectLines.h#L78"
"145","GRID_SET_VISIBLE_LINE_AFTER_FULL_SCREEN","Config.txt","Bool","boolean","none","unset (empty string)","Application profile","Grid interaction and view defaults — grid set visible line after full screen","map-proposed","Preferences initialize a view; selection/filter results and Line identity belong to the live Document view. Do not apply filters or save at import.","https://github.com/altqx/hikari/blob/20d647c4c769ab7f5d383cf3c1c33f03876a94e9/HikariSub/config.h#L212","https://github.com/altqx/hikari/blob/20d647c4c769ab7f5d383cf3c1c33f03876a94e9/HikariSub/VideoBox.cpp#L556 ; https://github.com/altqx/hikari/blob/20d647c4c769ab7f5d383cf3c1c33f03876a94e9/HikariSub/VideoBox.cpp#L641"
"146","SHIFT_TIMES_PROFILES","Config.txt","Table","ordered packed strings","ordered packed profile strings","unset (empty string)","Application profile","Named authored timing presets","preserve-unresolved","Keep raw timing values and companion mode fields together. Do not assume frame counts are milliseconds or change representative-time behavior. Preserve labels/field order and duplicates. Legacy writer repeats MoveToVideoTime for audio; reader is positional. Do not normalize without an independently reviewed parser.","https://github.com/altqx/hikari/blob/20d647c4c769ab7f5d383cf3c1c33f03876a94e9/HikariSub/config.h#L213","https://github.com/altqx/hikari/blob/20d647c4c769ab7f5d383cf3c1c33f03876a94e9/HikariSub/ShiftTimes.cpp#L772 ; https://github.com/altqx/hikari/blob/20d647c4c769ab7f5d383cf3c1c33f03876a94e9/HikariSub/ShiftTimes.cpp#L785 ; https://github.com/altqx/hikari/blob/20d647c4c769ab7f5d383cf3c1c33f03876a94e9/HikariSub/ShiftTimes.cpp#L800 ; https://github.com/altqx/hikari/blob/20d647c4c769ab7f5d383cf3c1c33f03876a94e9/HikariSub/ShiftTimes.cpp#L846"
"147","SPELLCHECKER_ON","Config.txt","Bool","boolean","none","L""true""","Application profile","ASS text editor preferences — spellchecker on","map-proposed","Preserve editing behavior inputs and view defaults; raw ASS remains authoritative and editable hidden tags/IME-safe Enter are accepted requirements. Retain language identifier and enabled state; personal dictionary contents are a separate authored resource.","https://github.com/altqx/hikari/blob/20d647c4c769ab7f5d383cf3c1c33f03876a94e9/HikariSub/config.h#L214","https://github.com/altqx/hikari/blob/20d647c4c769ab7f5d383cf3c1c33f03876a94e9/HikariSub/DialogueTextEditor.cpp#L42 ; https://github.com/altqx/hikari/blob/20d647c4c769ab7f5d383cf3c1c33f03876a94e9/HikariSub/DialogueTextEditor.cpp#L2326"
"148","STYLE_EDIT_FILTER_TEXT","Config.txt","String","string","text","L""ĄĆĘŁŃÓŚŹŻąćęłńóśźż""","Application profile","Styles tool preferences — style edit filter text","map-proposed","Keep Style-manager controls, preview and font filtering separate from authored Styles and catalogs.","https://github.com/altqx/hikari/blob/20d647c4c769ab7f5d383cf3c1c33f03876a94e9/HikariSub/config.h#L215","https://github.com/altqx/hikari/blob/20d647c4c769ab7f5d383cf3c1c33f03876a94e9/HikariSub/FontCatalogList.cpp#L116 ; https://github.com/altqx/hikari/blob/20d647c4c769ab7f5d383cf3c1c33f03876a94e9/HikariSub/FontDialog.cpp#L717"
"149","STYLE_EDIT_FILTER_TEXT_ON","Config.txt","Bool","boolean","none","unset (empty string)","Application profile","Styles tool preferences — style edit filter text on","map-proposed","Keep Style-manager controls, preview and font filtering separate from authored Styles and catalogs.","https://github.com/altqx/hikari/blob/20d647c4c769ab7f5d383cf3c1c33f03876a94e9/HikariSub/config.h#L216","https://github.com/altqx/hikari/blob/20d647c4c769ab7f5d383cf3c1c33f03876a94e9/HikariSub/FontDialog.cpp#L431 ; https://github.com/altqx/hikari/blob/20d647c4c769ab7f5d383cf3c1c33f03876a94e9/HikariSub/StyleChange.cpp#L75"
"150","STYLE_MANAGER_POSITION","Config.txt","Coords","integer pair","legacy window/screen pixels; DPI conversion unresolved","unset (empty string)","Shared Workspace","Window and panel restoration candidates — style manager position","map-proposed","Retain old geometry/visibility as candidate restoration data; Hikari-owned Qt layout, DPI/screens and portable/profile scoping need reconciliation. Keep restoration candidates for the accepted movable/floating Styles tool; old dialog coordinates are not valid Qt docking state.","https://github.com/altqx/hikari/blob/20d647c4c769ab7f5d383cf3c1c33f03876a94e9/HikariSub/config.h#L217","https://github.com/altqx/hikari/blob/20d647c4c769ab7f5d383cf3c1c33f03876a94e9/HikariSub/hikarisubApp.cpp#L392 ; https://github.com/altqx/hikari/blob/20d647c4c769ab7f5d383cf3c1c33f03876a94e9/HikariSub/stylestore.cpp#L979"
"151","STYLE_MANAGER_DETACH_EDIT_WINDOW","Config.txt","Bool","boolean","none","unset (empty string)","Shared Workspace","Window and panel restoration candidates — style manager detach edit window","map-proposed","Retain old geometry/visibility as candidate restoration data; Hikari-owned Qt layout, DPI/screens and portable/profile scoping need reconciliation. Keep restoration candidates for the accepted movable/floating Styles tool; old dialog coordinates are not valid Qt docking state.","https://github.com/altqx/hikari/blob/20d647c4c769ab7f5d383cf3c1c33f03876a94e9/HikariSub/config.h#L218","https://github.com/altqx/hikari/blob/20d647c4c769ab7f5d383cf3c1c33f03876a94e9/HikariSub/stylestore.cpp#L45 ; https://github.com/altqx/hikari/blob/20d647c4c769ab7f5d383cf3c1c33f03876a94e9/HikariSub/stylestore.cpp#L925"
"152","SUBS_AUTONAMING","Config.txt","Bool","boolean","none","unset (empty string)","Application profile","Save-name derivation preference","map-proposed","Preserve the setting for review; no invented Qt API path or accepted storage schema.","https://github.com/altqx/hikari/blob/20d647c4c769ab7f5d383cf3c1c33f03876a94e9/HikariSub/config.h#L219","https://github.com/altqx/hikari/blob/20d647c4c769ab7f5d383cf3c1c33f03876a94e9/HikariSub/HikariSubFrame.cpp#L194 ; https://github.com/altqx/hikari/blob/20d647c4c769ab7f5d383cf3c1c33f03876a94e9/HikariSub/HikariSubFrame.cpp#L1265"
"153","SUBS_COMPARISON_TYPE","Config.txt","Int","integer token","comparison bit mask","unset (empty string)","Application profile","Translation and comparison defaults — subs comparison type","map-proposed","Keep original/translated text roles and comparison criteria separate from workspace geometry; do not change a Document translation-mode serialization flag at import. Keep timing/visibility/selection/Style criteria and Style list; they do not imply accepted linked-navigation defaults.","https://github.com/altqx/hikari/blob/20d647c4c769ab7f5d383cf3c1c33f03876a94e9/HikariSub/config.h#L220","https://github.com/altqx/hikari/blob/20d647c4c769ab7f5d383cf3c1c33f03876a94e9/HikariSub/Notebook.cpp#L82 ; https://github.com/altqx/hikari/blob/20d647c4c769ab7f5d383cf3c1c33f03876a94e9/HikariSub/Notebook.cpp#L930"
"154","SUBS_COMPARISON_STYLES","Config.txt","Table","ordered token table","ordered string tokens","unset (empty string)","Application profile","Translation and comparison defaults — subs comparison styles","map-proposed","Keep original/translated text roles and comparison criteria separate from workspace geometry; do not change a Document translation-mode serialization flag at import. Keep timing/visibility/selection/Style criteria and Style list; they do not imply accepted linked-navigation defaults.","https://github.com/altqx/hikari/blob/20d647c4c769ab7f5d383cf3c1c33f03876a94e9/HikariSub/config.h#L221","https://github.com/altqx/hikari/blob/20d647c4c769ab7f5d383cf3c1c33f03876a94e9/HikariSub/Notebook.cpp#L921 ; https://github.com/altqx/hikari/blob/20d647c4c769ab7f5d383cf3c1c33f03876a94e9/HikariSub/Notebook.cpp#L112"
"155","SUBS_RECENT_FILES","Config.txt","Table","ordered token table","ordered path strings","unset (empty string)","Application profile","Ordered recent-resource history — subs recent files","map-proposed","Keep original strings and ordering; missing paths remain visible and no resource is opened automatically.","https://github.com/altqx/hikari/blob/20d647c4c769ab7f5d383cf3c1c33f03876a94e9/HikariSub/config.h#L222","https://github.com/altqx/hikari/blob/20d647c4c769ab7f5d383cf3c1c33f03876a94e9/HikariSub/HikariSubFrame.cpp#L118 ; https://github.com/altqx/hikari/blob/20d647c4c769ab7f5d383cf3c1c33f03876a94e9/HikariSub/HikariSubFrame.cpp#L531"
"156","TAB_TEXT_MAX_CHARS","Config.txt","Int","integer token","characters as counted by legacy string","unset (empty string)","Shared Workspace","Document-tab caption limit","map-proposed","Retain old geometry/visibility as candidate restoration data; Hikari-owned Qt layout, DPI/screens and portable/profile scoping need reconciliation.","https://github.com/altqx/hikari/blob/20d647c4c769ab7f5d383cf3c1c33f03876a94e9/HikariSub/config.h#L223","https://github.com/altqx/hikari/blob/20d647c4c769ab7f5d383cf3c1c33f03876a94e9/HikariSub/Notebook.cpp#L53 ; https://github.com/altqx/hikari/blob/20d647c4c769ab7f5d383cf3c1c33f03876a94e9/HikariSub/OptionsDialog.cpp#L373"
"157","TEXT_EDITOR_FONT_SIZE","Config.txt","Int","integer token","legacy font point size","unset (empty string)","Application profile","Application preferences — text editor font size","map-proposed","Preserve the setting for review; no invented Qt API path or accepted storage schema. Font face/size preferences are not excluded by the legacy-theme decision; unresolved font substitution and DPI translation require review.","https://github.com/altqx/hikari/blob/20d647c4c769ab7f5d383cf3c1c33f03876a94e9/HikariSub/config.h#L224","https://github.com/altqx/hikari/blob/20d647c4c769ab7f5d383cf3c1c33f03876a94e9/HikariSub/DialogueTextEditor.cpp#L106 ; https://github.com/altqx/hikari/blob/20d647c4c769ab7f5d383cf3c1c33f03876a94e9/HikariSub/DialogueTextEditor.cpp#L2931"
"158","TEXT_EDITOR_HIDE_STATUS_BAR","Config.txt","Bool","boolean","none","unset (empty string)","Application profile","ASS text editor preferences — text editor hide status bar","map-proposed","Preserve editing behavior inputs and view defaults; raw ASS remains authoritative and editable hidden tags/IME-safe Enter are accepted requirements.","https://github.com/altqx/hikari/blob/20d647c4c769ab7f5d383cf3c1c33f03876a94e9/HikariSub/config.h#L225","https://github.com/altqx/hikari/blob/20d647c4c769ab7f5d383cf3c1c33f03876a94e9/HikariSub/DialogueTextEditor.cpp#L119 ; https://github.com/altqx/hikari/blob/20d647c4c769ab7f5d383cf3c1c33f03876a94e9/HikariSub/DialogueTextEditor.cpp#L1022"
"159","TEXT_EDITOR_CHANGE_QUOTES","Config.txt","Bool","boolean","none","unset (empty string)","Application profile","ASS text editor preferences — text editor change quotes","map-proposed","Preserve editing behavior inputs and view defaults; raw ASS remains authoritative and editable hidden tags/IME-safe Enter are accepted requirements.","https://github.com/altqx/hikari/blob/20d647c4c769ab7f5d383cf3c1c33f03876a94e9/HikariSub/config.h#L226","https://github.com/altqx/hikari/blob/20d647c4c769ab7f5d383cf3c1c33f03876a94e9/HikariSub/DialogueTextEditor.cpp#L120 ; https://github.com/altqx/hikari/blob/20d647c4c769ab7f5d383cf3c1c33f03876a94e9/HikariSub/DialogueTextEditor.cpp#L2342"
"160","TEXT_EDITOR_TAG_LIST_OPTIONS","Config.txt","Int","integer token","bits 1 all/visual-tool tags; 2 VSFiltermod tags; 4 descriptions","unset (empty string)","Application profile","ASS text editor preferences — text editor tag list options","map-proposed","Keep tag-list mask and unknown bits. Source menu IDs map to these three flags; no capability removal or silently rewritten tag syntax.","https://github.com/altqx/hikari/blob/20d647c4c769ab7f5d383cf3c1c33f03876a94e9/HikariSub/config.h#L227","https://github.com/altqx/hikari/blob/20d647c4c769ab7f5d383cf3c1c33f03876a94e9/HikariSub/TextEditorTagList.cpp#L131 ; https://github.com/altqx/hikari/blob/20d647c4c769ab7f5d383cf3c1c33f03876a94e9/HikariSub/TextEditorTagList.cpp#L250 ; https://github.com/altqx/hikari/blob/20d647c4c769ab7f5d383cf3c1c33f03876a94e9/HikariSub/TextEditorTagList.cpp#L131 ; https://github.com/altqx/hikari/blob/20d647c4c769ab7f5d383cf3c1c33f03876a94e9/HikariSub/TextEditorTagList.h#L24"
"161","TEXT_FIELD_ALLOW_NUMPAD_HOTKEYS","Config.txt","Bool","boolean","none","unset (empty string)","Application profile","ASS text editor preferences — text field allow numpad hotkeys","map-proposed","Preserve editing behavior inputs and view defaults; raw ASS remains authoritative and editable hidden tags/IME-safe Enter are accepted requirements.","https://github.com/altqx/hikari/blob/20d647c4c769ab7f5d383cf3c1c33f03876a94e9/HikariSub/config.h#L228","https://github.com/altqx/hikari/blob/20d647c4c769ab7f5d383cf3c1c33f03876a94e9/HikariSub/DialogueTextEditor.cpp#L76 ; https://github.com/altqx/hikari/blob/20d647c4c769ab7f5d383cf3c1c33f03876a94e9/HikariSub/HikariTextCtrl.cpp#L92"
"162","TL_MODE_SHOW_ORIGINAL","Config.txt","Bool","boolean","none","unset (empty string)","Application profile","Translation and comparison defaults — tl mode show original","map-proposed","Keep original/translated text roles and comparison criteria separate from workspace geometry; do not change a Document translation-mode serialization flag at import.","https://github.com/altqx/hikari/blob/20d647c4c769ab7f5d383cf3c1c33f03876a94e9/HikariSub/config.h#L229","https://github.com/altqx/hikari/blob/20d647c4c769ab7f5d383cf3c1c33f03876a94e9/HikariSub/SubsGridBase.cpp#L997 ; https://github.com/altqx/hikari/blob/20d647c4c769ab7f5d383cf3c1c33f03876a94e9/HikariSub/SubsGridBase.cpp#L1214"
"163","TL_MODE_HIDE_ORIGINAL_ON_VIDEO","Config.txt","Bool","boolean","none","unset (empty string)","Application profile","Translation and comparison defaults — tl mode hide original on video","map-proposed","Keep original/translated text roles and comparison criteria separate from workspace geometry; do not change a Document translation-mode serialization flag at import.","https://github.com/altqx/hikari/blob/20d647c4c769ab7f5d383cf3c1c33f03876a94e9/HikariSub/config.h#L230","https://github.com/altqx/hikari/blob/20d647c4c769ab7f5d383cf3c1c33f03876a94e9/HikariSub/SubsGridBase.cpp#L313 ; https://github.com/altqx/hikari/blob/20d647c4c769ab7f5d383cf3c1c33f03876a94e9/HikariSub/SubsGridBase.cpp#L1520"
"164","TOOLBAR_IDS","Config.txt","Table","ordered token table","ordered action symbols/aliases","unset (empty string)","Shared Workspace","Ordered command-strip contents","map-proposed","Retain old geometry/visibility as candidate restoration data; Hikari-owned Qt layout, DPI/screens and portable/profile scoping need reconciliation. Resolve each entry through actions/legacy-aliases; keep unknown and dynamic entries explicit, order and duplicates retained.","https://github.com/altqx/hikari/blob/20d647c4c769ab7f5d383cf3c1c33f03876a94e9/HikariSub/config.h#L231","https://github.com/altqx/hikari/blob/20d647c4c769ab7f5d383cf3c1c33f03876a94e9/HikariSub/Toolbar.cpp#L66 ; https://github.com/altqx/hikari/blob/20d647c4c769ab7f5d383cf3c1c33f03876a94e9/HikariSub/Toolbar.cpp#L58"
"165","TOOLBAR_ALIGNMENT","Config.txt","Int","integer enum","legacy orientation enum","unset (empty string)","Shared Workspace","Command-strip placement candidate","map-proposed","Retain old geometry/visibility as candidate restoration data; Hikari-owned Qt layout, DPI/screens and portable/profile scoping need reconciliation. Map to Classic shell placement only after review; do not inject an obsolete toolbar dock coordinate.","https://github.com/altqx/hikari/blob/20d647c4c769ab7f5d383cf3c1c33f03876a94e9/HikariSub/config.h#L232","https://github.com/altqx/hikari/blob/20d647c4c769ab7f5d383cf3c1c33f03876a94e9/HikariSub/HikariSubFrame.cpp#L1664 ; https://github.com/altqx/hikari/blob/20d647c4c769ab7f5d383cf3c1c33f03876a94e9/HikariSub/Toolbar.cpp#L42"
"166","UPDATER_AUTO_CHECK","Config.txt","Bool","boolean","none","unset (empty string)","Application profile","Application preferences — updater auto check","map-proposed","Preserve the setting for review; no invented Qt API path or accepted storage schema. Notification-only update contract remains accepted; importing must not install or trigger a network check.","https://github.com/altqx/hikari/blob/20d647c4c769ab7f5d383cf3c1c33f03876a94e9/HikariSub/config.h#L233","https://github.com/altqx/hikari/blob/20d647c4c769ab7f5d383cf3c1c33f03876a94e9/HikariSub/UpdateChecker.cpp#L110 ; https://github.com/altqx/hikari/blob/20d647c4c769ab7f5d383cf3c1c33f03876a94e9/HikariSub/UpdateChecker.cpp#L224"
"167","UPDATER_CHECK_FOR_STABLE","Config.txt","Bool","boolean","none","L""true""","Application profile","Application preferences — updater check for stable","map-proposed","Preserve the setting for review; no invented Qt API path or accepted storage schema. Notification-only update contract remains accepted; importing must not install or trigger a network check.","https://github.com/altqx/hikari/blob/20d647c4c769ab7f5d383cf3c1c33f03876a94e9/HikariSub/config.h#L234","https://github.com/altqx/hikari/blob/20d647c4c769ab7f5d383cf3c1c33f03876a94e9/HikariSub/UpdateChecker.cpp#L114 ; https://github.com/altqx/hikari/blob/20d647c4c769ab7f5d383cf3c1c33f03876a94e9/HikariSub/UpdateChecker.cpp#L190"
"168","UPDATER_NEXT_CHECK","Config.txt","Int","integer token","Unix epoch seconds","unset (empty string)","Application profile","Application preferences — updater next check","map-proposed","Preserve the setting for review; no invented Qt API path or accepted storage schema. Notification-only update contract remains accepted; importing must not install or trigger a network check.","https://github.com/altqx/hikari/blob/20d647c4c769ab7f5d383cf3c1c33f03876a94e9/HikariSub/config.h#L235","https://github.com/altqx/hikari/blob/20d647c4c769ab7f5d383cf3c1c33f03876a94e9/HikariSub/UpdateChecker.cpp#L226 ; https://github.com/altqx/hikari/blob/20d647c4c769ab7f5d383cf3c1c33f03876a94e9/HikariSub/UpdateChecker.cpp#L134"
"169","VIDEO_FULL_SCREEN_ON_START","Config.txt","Bool","boolean","none","unset (empty string)","Application profile","Application preferences — video full screen on start","map-proposed","Preserve the setting for review; no invented Qt API path or accepted storage schema. Keep exact and general-player behavior distinguished; importing does not play media or alter operating-system volume.","https://github.com/altqx/hikari/blob/20d647c4c769ab7f5d383cf3c1c33f03876a94e9/HikariSub/config.h#L236","https://github.com/altqx/hikari/blob/20d647c4c769ab7f5d383cf3c1c33f03876a94e9/HikariSub/HikariSubFrame.cpp#L1857 ; https://github.com/altqx/hikari/blob/20d647c4c769ab7f5d383cf3c1c33f03876a94e9/HikariSub/hikarisubApp.cpp#L485"
"170","VIDEO_GPU_CONVERSION","Config.txt","Bool","boolean","none","L""true""","Application profile","Video color-conversion backend preference candidate","preserve-unresolved","Preserve the setting for review; no invented Qt API path or accepted storage schema. Retain raw request; Qt render-thread/GPU capability equivalence is unproven.","https://github.com/altqx/hikari/blob/20d647c4c769ab7f5d383cf3c1c33f03876a94e9/HikariSub/config.h#L237","https://github.com/altqx/hikari/blob/20d647c4c769ab7f5d383cf3c1c33f03876a94e9/HikariSub/ProviderFFMS2.cpp#L419 ; https://github.com/altqx/hikari/blob/20d647c4c769ab7f5d383cf3c1c33f03876a94e9/HikariSub/OptionsDialog.cpp#L584"
"171","VIDEO_INDEX","Config.txt","Bool","boolean","none","L""true""","Application profile","Exact-media indexing preference","map-proposed","Preserve the setting for review; no invented Qt API path or accepted storage schema.","https://github.com/altqx/hikari/blob/20d647c4c769ab7f5d383cf3c1c33f03876a94e9/HikariSub/config.h#L238","https://github.com/altqx/hikari/blob/20d647c4c769ab7f5d383cf3c1c33f03876a94e9/HikariSub/HikariSubFrame.cpp#L285 ; https://github.com/altqx/hikari/blob/20d647c4c769ab7f5d383cf3c1c33f03876a94e9/HikariSub/HikariSubFrame.cpp#L775"
"172","VIDEO_PAUSE_ON_CLICK","Config.txt","Bool","boolean","none","unset (empty string)","Application profile","Application preferences — video pause on click","map-proposed","Preserve the setting for review; no invented Qt API path or accepted storage schema. Keep exact and general-player behavior distinguished; importing does not play media or alter operating-system volume.","https://github.com/altqx/hikari/blob/20d647c4c769ab7f5d383cf3c1c33f03876a94e9/HikariSub/config.h#L239","https://github.com/altqx/hikari/blob/20d647c4c769ab7f5d383cf3c1c33f03876a94e9/HikariSub/VideoBox.cpp#L617 ; https://github.com/altqx/hikari/blob/20d647c4c769ab7f5d383cf3c1c33f03876a94e9/HikariSub/OptionsDialog.cpp#L583"
"173","VIDEO_PROGRESS_BAR","Config.txt","Bool","boolean","none","L""true""","Application profile","Application preferences — video progress bar","map-proposed","Preserve the setting for review; no invented Qt API path or accepted storage schema. Keep exact and general-player behavior distinguished; importing does not play media or alter operating-system volume.","https://github.com/altqx/hikari/blob/20d647c4c769ab7f5d383cf3c1c33f03876a94e9/HikariSub/config.h#L240","https://github.com/altqx/hikari/blob/20d647c4c769ab7f5d383cf3c1c33f03876a94e9/HikariSub/RendererVideo.cpp#L221 ; https://github.com/altqx/hikari/blob/20d647c4c769ab7f5d383cf3c1c33f03876a94e9/HikariSub/VideoBox.cpp#L1067"
"174","VIDEO_RECENT_FILES","Config.txt","Table","ordered token table","ordered path strings","unset (empty string)","Application profile","Ordered recent-resource history — video recent files","map-proposed","Keep original strings and ordering; missing paths remain visible and no resource is opened automatically.","https://github.com/altqx/hikari/blob/20d647c4c769ab7f5d383cf3c1c33f03876a94e9/HikariSub/config.h#L241","https://github.com/altqx/hikari/blob/20d647c4c769ab7f5d383cf3c1c33f03876a94e9/HikariSub/HikariSubFrame.cpp#L119 ; https://github.com/altqx/hikari/blob/20d647c4c769ab7f5d383cf3c1c33f03876a94e9/HikariSub/HikariSubFrame.cpp#L532"
"175","VIDEO_VOLUME","Config.txt","Int","integer token","legacy player volume integer; backend gain conversion unresolved","unset (empty string)","Application profile","Application preferences — video volume","map-proposed","Preserve the setting for review; no invented Qt API path or accepted storage schema. Keep exact and general-player behavior distinguished; importing does not play media or alter operating-system volume.","https://github.com/altqx/hikari/blob/20d647c4c769ab7f5d383cf3c1c33f03876a94e9/HikariSub/config.h#L242","https://github.com/altqx/hikari/blob/20d647c4c769ab7f5d383cf3c1c33f03876a94e9/HikariSub/VideoBox.cpp#L167 ; https://github.com/altqx/hikari/blob/20d647c4c769ab7f5d383cf3c1c33f03876a94e9/HikariSub/VideoBox.cpp#L389"
"176","VIDEO_WINDOW_SIZE","Config.txt","Coords","integer pair","legacy window/screen pixels; DPI conversion unresolved","L""500,350""","Shared Workspace","Window and panel restoration candidates — video window size","map-proposed","Retain old geometry/visibility as candidate restoration data; Hikari-owned Qt layout, DPI/screens and portable/profile scoping need reconciliation. Retain original coordinates plus source-monitor metadata; safe-screen clamp/DPI adaptation and layout-reset consent remain proposed.","https://github.com/altqx/hikari/blob/20d647c4c769ab7f5d383cf3c1c33f03876a94e9/HikariSub/config.h#L243","https://github.com/altqx/hikari/blob/20d647c4c769ab7f5d383cf3c1c33f03876a94e9/HikariSub/HikariFrame.cpp#L497 ; https://github.com/altqx/hikari/blob/20d647c4c769ab7f5d383cf3c1c33f03876a94e9/HikariSub/HikariSubFrame.cpp#L883"
"177","VIDEO_VISUAL_WARNINGS_OFF","Config.txt","Bool","boolean","none","unset (empty string)","Application profile","Application preferences — video visual warnings off","map-proposed","Preserve the setting for review; no invented Qt API path or accepted storage schema. Keep exact and general-player behavior distinguished; importing does not play media or alter operating-system volume.","https://github.com/altqx/hikari/blob/20d647c4c769ab7f5d383cf3c1c33f03876a94e9/HikariSub/config.h#L244","https://github.com/altqx/hikari/blob/20d647c4c769ab7f5d383cf3c1c33f03876a94e9/HikariSub/Visuals.cpp#L481 ; https://github.com/altqx/hikari/blob/20d647c4c769ab7f5d383cf3c1c33f03876a94e9/HikariSub/Visuals.cpp#L533"
"178","VIDEO_ZOOM_PERCENT","Config.txt","Int","integer token","percent","unset (empty string)","Application profile","Application preferences — video zoom percent","map-proposed","Preserve the setting for review; no invented Qt API path or accepted storage schema. Keep exact and general-player behavior distinguished; importing does not play media or alter operating-system volume.","https://github.com/altqx/hikari/blob/20d647c4c769ab7f5d383cf3c1c33f03876a94e9/HikariSub/config.h#L245","https://github.com/altqx/hikari/blob/20d647c4c769ab7f5d383cf3c1c33f03876a94e9/HikariSub/RendererVideo.cpp#L745 ; https://github.com/altqx/hikari/blob/20d647c4c769ab7f5d383cf3c1c33f03876a94e9/HikariSub/OptionsDialog.cpp#L584"
"179","VSFILTER_INSTANCE","Config.txt","String","string","provider name","unset (empty string)","Application profile","Subtitle renderer preference candidate","preserve-unresolved","Preserve the setting for review; no invented Qt API path or accepted storage schema. Retain unavailable provider choice; do not silently reinterpret old CSRI/VSFilter instance as libass.","https://github.com/altqx/hikari/blob/20d647c4c769ab7f5d383cf3c1c33f03876a94e9/HikariSub/config.h#L246","https://github.com/altqx/hikari/blob/20d647c4c769ab7f5d383cf3c1c33f03876a94e9/HikariSub/SubtitlesProviderManager.cpp#L31 ; https://github.com/altqx/hikari/blob/20d647c4c769ab7f5d383cf3c1c33f03876a94e9/HikariSub/SubtitlesProviderManager.cpp#L136"
"180","WINDOW_MAXIMIZED","Config.txt","Bool","boolean","none","unset (empty string)","Shared Workspace","Window and panel restoration candidates — window maximized","map-proposed","Retain old geometry/visibility as candidate restoration data; Hikari-owned Qt layout, DPI/screens and portable/profile scoping need reconciliation. Retain original coordinates plus source-monitor metadata; safe-screen clamp/DPI adaptation and layout-reset consent remain proposed.","https://github.com/altqx/hikari/blob/20d647c4c769ab7f5d383cf3c1c33f03876a94e9/HikariSub/config.h#L247","https://github.com/altqx/hikari/blob/20d647c4c769ab7f5d383cf3c1c33f03876a94e9/HikariSub/HikariSubFrame.cpp#L424 ; https://github.com/altqx/hikari/blob/20d647c4c769ab7f5d383cf3c1c33f03876a94e9/HikariSub/HikariSubFrame.cpp#L425"
"181","WINDOW_POSITION","Config.txt","Coords","integer pair","legacy window/screen pixels; DPI conversion unresolved","unset (empty string)","Shared Workspace","Window and panel restoration candidates — window position","map-proposed","Retain old geometry/visibility as candidate restoration data; Hikari-owned Qt layout, DPI/screens and portable/profile scoping need reconciliation. Retain original coordinates plus source-monitor metadata; safe-screen clamp/DPI adaptation and layout-reset consent remain proposed.","https://github.com/altqx/hikari/blob/20d647c4c769ab7f5d383cf3c1c33f03876a94e9/HikariSub/config.h#L248","https://github.com/altqx/hikari/blob/20d647c4c769ab7f5d383cf3c1c33f03876a94e9/HikariSub/HikariFrame.cpp#L317 ; https://github.com/altqx/hikari/blob/20d647c4c769ab7f5d383cf3c1c33f03876a94e9/HikariSub/hikarisubApp.cpp#L389"
"182","WINDOW_SIZE","Config.txt","Coords","integer pair","legacy window/screen pixels; DPI conversion unresolved","L""1000,700""","Shared Workspace","Window and panel restoration candidates — window size","map-proposed","Retain old geometry/visibility as candidate restoration data; Hikari-owned Qt layout, DPI/screens and portable/profile scoping need reconciliation. Retain original coordinates plus source-monitor metadata; safe-screen clamp/DPI adaptation and layout-reset consent remain proposed.","https://github.com/altqx/hikari/blob/20d647c4c769ab7f5d383cf3c1c33f03876a94e9/HikariSub/config.h#L249","https://github.com/altqx/hikari/blob/20d647c4c769ab7f5d383cf3c1c33f03876a94e9/HikariSub/HikariFrame.cpp#L341 ; https://github.com/altqx/hikari/blob/20d647c4c769ab7f5d383cf3c1c33f03876a94e9/HikariSub/hikarisubApp.cpp#L390"
"183","MONITOR_POSITION","Config.txt","Coords","integer pair","legacy window/screen pixels; DPI conversion unresolved","unset (empty string)","Shared Workspace","Window and panel restoration candidates — monitor position","map-proposed","Retain old geometry/visibility as candidate restoration data; Hikari-owned Qt layout, DPI/screens and portable/profile scoping need reconciliation. Retain original coordinates plus source-monitor metadata; safe-screen clamp/DPI adaptation and layout-reset consent remain proposed.","https://github.com/altqx/hikari/blob/20d647c4c769ab7f5d383cf3c1c33f03876a94e9/HikariSub/config.h#L250","https://github.com/altqx/hikari/blob/20d647c4c769ab7f5d383cf3c1c33f03876a94e9/HikariSub/HikariFrame.cpp#L437 ; https://github.com/altqx/hikari/blob/20d647c4c769ab7f5d383cf3c1c33f03876a94e9/HikariSub/hikarisubApp.cpp#L413"
"184","MONITOR_SIZE","Config.txt","Coords","integer pair","legacy window/screen pixels; DPI conversion unresolved","unset (empty string)","Shared Workspace","Window and panel restoration candidates — monitor size","map-proposed","Retain old geometry/visibility as candidate restoration data; Hikari-owned Qt layout, DPI/screens and portable/profile scoping need reconciliation. Retain original coordinates plus source-monitor metadata; safe-screen clamp/DPI adaptation and layout-reset consent remain proposed.","https://github.com/altqx/hikari/blob/20d647c4c769ab7f5d383cf3c1c33f03876a94e9/HikariSub/config.h#L251","https://github.com/altqx/hikari/blob/20d647c4c769ab7f5d383cf3c1c33f03876a94e9/HikariSub/HikariFrame.cpp#L436 ; https://github.com/altqx/hikari/blob/20d647c4c769ab7f5d383cf3c1c33f03876a94e9/HikariSub/hikarisubApp.cpp#L391"
"185","DONT_SHOW_CRASH_INFO","Config.txt","No direct typed getter","unresolved raw string","unresolved","unset (empty string)","Application profile","Unresolved legacy crash-notice preference","preserve-unresolved","Preserve the setting for review; no invented Qt API path or accepted storage schema. Registry entry found, but no direct consumer in this source audit. Preserve token; do not invent behavior or discard it.","https://github.com/altqx/hikari/blob/20d647c4c769ab7f5d383cf3c1c33f03876a94e9/HikariSub/config.h#L252","No direct consumer found; registry/default evidence only"
"186","LINK_RESOLUTIONS","Config.txt","Bool","boolean","none","unset (empty string)","Application profile","Conversion tool defaults — link resolutions","map-proposed","Preserve operation inputs; destination format conversion, translation role, losses and C02 review remain explicit operations. Retain prompt/link preferences; do not treat these as consent for a resample operation.","https://github.com/altqx/hikari/blob/20d647c4c769ab7f5d383cf3c1c33f03876a94e9/HikariSub/config.h#L253","https://github.com/altqx/hikari/blob/20d647c4c769ab7f5d383cf3c1c33f03876a94e9/HikariSub/HikariSubFrame.cpp#L1236 ; https://github.com/altqx/hikari/blob/20d647c4c769ab7f5d383cf3c1c33f03876a94e9/HikariSub/ScriptInfo.cpp#L92"
"187","EDITBOX_TAG_BUTTONS","Config.txt","Int, String","integer token","slots (legacy 0..20)","unset (empty string)","Authored preference collection","Visible tag-button count","map-proposed","Retain all 20 slots and order, including hidden slots. Each legacy table stores tag text, insertion mode and display name; do not flatten to tag text.","https://github.com/altqx/hikari/blob/20d647c4c769ab7f5d383cf3c1c33f03876a94e9/HikariSub/config.h#L254","https://github.com/altqx/hikari/blob/20d647c4c769ab7f5d383cf3c1c33f03876a94e9/HikariSub/EditBox.cpp#L1749 ; https://github.com/altqx/hikari/blob/20d647c4c769ab7f5d383cf3c1c33f03876a94e9/HikariSub/EditBox.cpp#L2014"
"188","EDITBOX_TAG_BUTTON_VALUE1","Config.txt","No direct typed getter","legacy table","ordered tag/insertion-mode/name fields","unset (empty string)","Authored preference collection","Tag-button slot 1","map-proposed","Retain all 20 slots and order, including hidden slots. Each legacy table stores tag text, insertion mode and display name; do not flatten to tag text.","https://github.com/altqx/hikari/blob/20d647c4c769ab7f5d383cf3c1c33f03876a94e9/HikariSub/config.h#L255","https://github.com/altqx/hikari/blob/20d647c4c769ab7f5d383cf3c1c33f03876a94e9/HikariSub/EditBox.cpp#L1650 ; https://github.com/altqx/hikari/blob/20d647c4c769ab7f5d383cf3c1c33f03876a94e9/HikariSub/EditBox.cpp#L2020 ; https://github.com/altqx/hikari/blob/20d647c4c769ab7f5d383cf3c1c33f03876a94e9/HikariSub/EditBox.cpp#L1794"
"189","EDITBOX_TAG_BUTTON_VALUE2","Config.txt","No direct typed getter","legacy table","ordered tag/insertion-mode/name fields","unset (empty string)","Authored preference collection","Tag-button slot 2","map-proposed","Retain all 20 slots and order, including hidden slots. Each legacy table stores tag text, insertion mode and display name; do not flatten to tag text.","https://github.com/altqx/hikari/blob/20d647c4c769ab7f5d383cf3c1c33f03876a94e9/HikariSub/config.h#L256","https://github.com/altqx/hikari/blob/20d647c4c769ab7f5d383cf3c1c33f03876a94e9/HikariSub/EditBox.cpp#L1650 ; https://github.com/altqx/hikari/blob/20d647c4c769ab7f5d383cf3c1c33f03876a94e9/HikariSub/EditBox.cpp#L2020 ; https://github.com/altqx/hikari/blob/20d647c4c769ab7f5d383cf3c1c33f03876a94e9/HikariSub/EditBox.cpp#L1794"
"190","EDITBOX_TAG_BUTTON_VALUE3","Config.txt","No direct typed getter","legacy table","ordered tag/insertion-mode/name fields","unset (empty string)","Authored preference collection","Tag-button slot 3","map-proposed","Retain all 20 slots and order, including hidden slots. Each legacy table stores tag text, insertion mode and display name; do not flatten to tag text.","https://github.com/altqx/hikari/blob/20d647c4c769ab7f5d383cf3c1c33f03876a94e9/HikariSub/config.h#L257","https://github.com/altqx/hikari/blob/20d647c4c769ab7f5d383cf3c1c33f03876a94e9/HikariSub/EditBox.cpp#L1650 ; https://github.com/altqx/hikari/blob/20d647c4c769ab7f5d383cf3c1c33f03876a94e9/HikariSub/EditBox.cpp#L2020 ; https://github.com/altqx/hikari/blob/20d647c4c769ab7f5d383cf3c1c33f03876a94e9/HikariSub/EditBox.cpp#L1794"
"191","EDITBOX_TAG_BUTTON_VALUE4","Config.txt","No direct typed getter","legacy table","ordered tag/insertion-mode/name fields","unset (empty string)","Authored preference collection","Tag-button slot 4","map-proposed","Retain all 20 slots and order, including hidden slots. Each legacy table stores tag text, insertion mode and display name; do not flatten to tag text.","https://github.com/altqx/hikari/blob/20d647c4c769ab7f5d383cf3c1c33f03876a94e9/HikariSub/config.h#L258","https://github.com/altqx/hikari/blob/20d647c4c769ab7f5d383cf3c1c33f03876a94e9/HikariSub/EditBox.cpp#L1650 ; https://github.com/altqx/hikari/blob/20d647c4c769ab7f5d383cf3c1c33f03876a94e9/HikariSub/EditBox.cpp#L2020 ; https://github.com/altqx/hikari/blob/20d647c4c769ab7f5d383cf3c1c33f03876a94e9/HikariSub/EditBox.cpp#L1794"
"192","EDITBOX_TAG_BUTTON_VALUE5","Config.txt","No direct typed getter","legacy table","ordered tag/insertion-mode/name fields","unset (empty string)","Authored preference collection","Tag-button slot 5","map-proposed","Retain all 20 slots and order, including hidden slots. Each legacy table stores tag text, insertion mode and display name; do not flatten to tag text.","https://github.com/altqx/hikari/blob/20d647c4c769ab7f5d383cf3c1c33f03876a94e9/HikariSub/config.h#L259","https://github.com/altqx/hikari/blob/20d647c4c769ab7f5d383cf3c1c33f03876a94e9/HikariSub/EditBox.cpp#L1650 ; https://github.com/altqx/hikari/blob/20d647c4c769ab7f5d383cf3c1c33f03876a94e9/HikariSub/EditBox.cpp#L2020 ; https://github.com/altqx/hikari/blob/20d647c4c769ab7f5d383cf3c1c33f03876a94e9/HikariSub/EditBox.cpp#L1794"
"193","EDITBOX_TAG_BUTTON_VALUE6","Config.txt","No direct typed getter","legacy table","ordered tag/insertion-mode/name fields","unset (empty string)","Authored preference collection","Tag-button slot 6","map-proposed","Retain all 20 slots and order, including hidden slots. Each legacy table stores tag text, insertion mode and display name; do not flatten to tag text.","https://github.com/altqx/hikari/blob/20d647c4c769ab7f5d383cf3c1c33f03876a94e9/HikariSub/config.h#L260","https://github.com/altqx/hikari/blob/20d647c4c769ab7f5d383cf3c1c33f03876a94e9/HikariSub/EditBox.cpp#L1650 ; https://github.com/altqx/hikari/blob/20d647c4c769ab7f5d383cf3c1c33f03876a94e9/HikariSub/EditBox.cpp#L2020 ; https://github.com/altqx/hikari/blob/20d647c4c769ab7f5d383cf3c1c33f03876a94e9/HikariSub/EditBox.cpp#L1794"
"194","EDITBOX_TAG_BUTTON_VALUE7","Config.txt","No direct typed getter","legacy table","ordered tag/insertion-mode/name fields","unset (empty string)","Authored preference collection","Tag-button slot 7","map-proposed","Retain all 20 slots and order, including hidden slots. Each legacy table stores tag text, insertion mode and display name; do not flatten to tag text.","https://github.com/altqx/hikari/blob/20d647c4c769ab7f5d383cf3c1c33f03876a94e9/HikariSub/config.h#L261","https://github.com/altqx/hikari/blob/20d647c4c769ab7f5d383cf3c1c33f03876a94e9/HikariSub/EditBox.cpp#L1650 ; https://github.com/altqx/hikari/blob/20d647c4c769ab7f5d383cf3c1c33f03876a94e9/HikariSub/EditBox.cpp#L2020 ; https://github.com/altqx/hikari/blob/20d647c4c769ab7f5d383cf3c1c33f03876a94e9/HikariSub/EditBox.cpp#L1794"
"195","EDITBOX_TAG_BUTTON_VALUE8","Config.txt","No direct typed getter","legacy table","ordered tag/insertion-mode/name fields","unset (empty string)","Authored preference collection","Tag-button slot 8","map-proposed","Retain all 20 slots and order, including hidden slots. Each legacy table stores tag text, insertion mode and display name; do not flatten to tag text.","https://github.com/altqx/hikari/blob/20d647c4c769ab7f5d383cf3c1c33f03876a94e9/HikariSub/config.h#L262","https://github.com/altqx/hikari/blob/20d647c4c769ab7f5d383cf3c1c33f03876a94e9/HikariSub/EditBox.cpp#L1650 ; https://github.com/altqx/hikari/blob/20d647c4c769ab7f5d383cf3c1c33f03876a94e9/HikariSub/EditBox.cpp#L2020 ; https://github.com/altqx/hikari/blob/20d647c4c769ab7f5d383cf3c1c33f03876a94e9/HikariSub/EditBox.cpp#L1794"
"196","EDITBOX_TAG_BUTTON_VALUE9","Config.txt","No direct typed getter","legacy table","ordered tag/insertion-mode/name fields","unset (empty string)","Authored preference collection","Tag-button slot 9","map-proposed","Retain all 20 slots and order, including hidden slots. Each legacy table stores tag text, insertion mode and display name; do not flatten to tag text.","https://github.com/altqx/hikari/blob/20d647c4c769ab7f5d383cf3c1c33f03876a94e9/HikariSub/config.h#L263","https://github.com/altqx/hikari/blob/20d647c4c769ab7f5d383cf3c1c33f03876a94e9/HikariSub/EditBox.cpp#L1650 ; https://github.com/altqx/hikari/blob/20d647c4c769ab7f5d383cf3c1c33f03876a94e9/HikariSub/EditBox.cpp#L2020 ; https://github.com/altqx/hikari/blob/20d647c4c769ab7f5d383cf3c1c33f03876a94e9/HikariSub/EditBox.cpp#L1794"
"197","EDITBOX_TAG_BUTTON_VALUE10","Config.txt","No direct typed getter","legacy table","ordered tag/insertion-mode/name fields","unset (empty string)","Authored preference collection","Tag-button slot 10","map-proposed","Retain all 20 slots and order, including hidden slots. Each legacy table stores tag text, insertion mode and display name; do not flatten to tag text.","https://github.com/altqx/hikari/blob/20d647c4c769ab7f5d383cf3c1c33f03876a94e9/HikariSub/config.h#L264","https://github.com/altqx/hikari/blob/20d647c4c769ab7f5d383cf3c1c33f03876a94e9/HikariSub/EditBox.cpp#L1650 ; https://github.com/altqx/hikari/blob/20d647c4c769ab7f5d383cf3c1c33f03876a94e9/HikariSub/EditBox.cpp#L2020 ; https://github.com/altqx/hikari/blob/20d647c4c769ab7f5d383cf3c1c33f03876a94e9/HikariSub/EditBox.cpp#L1794"
"198","EDITBOX_TAG_BUTTON_VALUE11","Config.txt","No direct typed getter","legacy table","ordered tag/insertion-mode/name fields","unset (empty string)","Authored preference collection","Tag-button slot 11","map-proposed","Retain all 20 slots and order, including hidden slots. Each legacy table stores tag text, insertion mode and display name; do not flatten to tag text.","https://github.com/altqx/hikari/blob/20d647c4c769ab7f5d383cf3c1c33f03876a94e9/HikariSub/config.h#L265","https://github.com/altqx/hikari/blob/20d647c4c769ab7f5d383cf3c1c33f03876a94e9/HikariSub/EditBox.cpp#L1650 ; https://github.com/altqx/hikari/blob/20d647c4c769ab7f5d383cf3c1c33f03876a94e9/HikariSub/EditBox.cpp#L2020 ; https://github.com/altqx/hikari/blob/20d647c4c769ab7f5d383cf3c1c33f03876a94e9/HikariSub/EditBox.cpp#L1794"
"199","EDITBOX_TAG_BUTTON_VALUE12","Config.txt","No direct typed getter","legacy table","ordered tag/insertion-mode/name fields","unset (empty string)","Authored preference collection","Tag-button slot 12","map-proposed","Retain all 20 slots and order, including hidden slots. Each legacy table stores tag text, insertion mode and display name; do not flatten to tag text.","https://github.com/altqx/hikari/blob/20d647c4c769ab7f5d383cf3c1c33f03876a94e9/HikariSub/config.h#L266","https://github.com/altqx/hikari/blob/20d647c4c769ab7f5d383cf3c1c33f03876a94e9/HikariSub/EditBox.cpp#L1650 ; https://github.com/altqx/hikari/blob/20d647c4c769ab7f5d383cf3c1c33f03876a94e9/HikariSub/EditBox.cpp#L2020 ; https://github.com/altqx/hikari/blob/20d647c4c769ab7f5d383cf3c1c33f03876a94e9/HikariSub/EditBox.cpp#L1794"
"200","EDITBOX_TAG_BUTTON_VALUE13","Config.txt","No direct typed getter","legacy table","ordered tag/insertion-mode/name fields","unset (empty string)","Authored preference collection","Tag-button slot 13","map-proposed","Retain all 20 slots and order, including hidden slots. Each legacy table stores tag text, insertion mode and display name; do not flatten to tag text.","https://github.com/altqx/hikari/blob/20d647c4c769ab7f5d383cf3c1c33f03876a94e9/HikariSub/config.h#L267","https://github.com/altqx/hikari/blob/20d647c4c769ab7f5d383cf3c1c33f03876a94e9/HikariSub/EditBox.cpp#L1650 ; https://github.com/altqx/hikari/blob/20d647c4c769ab7f5d383cf3c1c33f03876a94e9/HikariSub/EditBox.cpp#L2020 ; https://github.com/altqx/hikari/blob/20d647c4c769ab7f5d383cf3c1c33f03876a94e9/HikariSub/EditBox.cpp#L1794"
"201","EDITBOX_TAG_BUTTON_VALUE14","Config.txt","No direct typed getter","legacy table","ordered tag/insertion-mode/name fields","unset (empty string)","Authored preference collection","Tag-button slot 14","map-proposed","Retain all 20 slots and order, including hidden slots. Each legacy table stores tag text, insertion mode and display name; do not flatten to tag text.","https://github.com/altqx/hikari/blob/20d647c4c769ab7f5d383cf3c1c33f03876a94e9/HikariSub/config.h#L268","https://github.com/altqx/hikari/blob/20d647c4c769ab7f5d383cf3c1c33f03876a94e9/HikariSub/EditBox.cpp#L1650 ; https://github.com/altqx/hikari/blob/20d647c4c769ab7f5d383cf3c1c33f03876a94e9/HikariSub/EditBox.cpp#L2020 ; https://github.com/altqx/hikari/blob/20d647c4c769ab7f5d383cf3c1c33f03876a94e9/HikariSub/EditBox.cpp#L1794"
"202","EDITBOX_TAG_BUTTON_VALUE15","Config.txt","No direct typed getter","legacy table","ordered tag/insertion-mode/name fields","unset (empty string)","Authored preference collection","Tag-button slot 15","map-proposed","Retain all 20 slots and order, including hidden slots. Each legacy table stores tag text, insertion mode and display name; do not flatten to tag text.","https://github.com/altqx/hikari/blob/20d647c4c769ab7f5d383cf3c1c33f03876a94e9/HikariSub/config.h#L269","https://github.com/altqx/hikari/blob/20d647c4c769ab7f5d383cf3c1c33f03876a94e9/HikariSub/EditBox.cpp#L1650 ; https://github.com/altqx/hikari/blob/20d647c4c769ab7f5d383cf3c1c33f03876a94e9/HikariSub/EditBox.cpp#L2020 ; https://github.com/altqx/hikari/blob/20d647c4c769ab7f5d383cf3c1c33f03876a94e9/HikariSub/EditBox.cpp#L1794"
"203","EDITBOX_TAG_BUTTON_VALUE16","Config.txt","No direct typed getter","legacy table","ordered tag/insertion-mode/name fields","unset (empty string)","Authored preference collection","Tag-button slot 16","map-proposed","Retain all 20 slots and order, including hidden slots. Each legacy table stores tag text, insertion mode and display name; do not flatten to tag text.","https://github.com/altqx/hikari/blob/20d647c4c769ab7f5d383cf3c1c33f03876a94e9/HikariSub/config.h#L270","https://github.com/altqx/hikari/blob/20d647c4c769ab7f5d383cf3c1c33f03876a94e9/HikariSub/EditBox.cpp#L1650 ; https://github.com/altqx/hikari/blob/20d647c4c769ab7f5d383cf3c1c33f03876a94e9/HikariSub/EditBox.cpp#L2020 ; https://github.com/altqx/hikari/blob/20d647c4c769ab7f5d383cf3c1c33f03876a94e9/HikariSub/EditBox.cpp#L1794"
"204","EDITBOX_TAG_BUTTON_VALUE17","Config.txt","No direct typed getter","legacy table","ordered tag/insertion-mode/name fields","unset (empty string)","Authored preference collection","Tag-button slot 17","map-proposed","Retain all 20 slots and order, including hidden slots. Each legacy table stores tag text, insertion mode and display name; do not flatten to tag text.","https://github.com/altqx/hikari/blob/20d647c4c769ab7f5d383cf3c1c33f03876a94e9/HikariSub/config.h#L271","https://github.com/altqx/hikari/blob/20d647c4c769ab7f5d383cf3c1c33f03876a94e9/HikariSub/EditBox.cpp#L1650 ; https://github.com/altqx/hikari/blob/20d647c4c769ab7f5d383cf3c1c33f03876a94e9/HikariSub/EditBox.cpp#L2020 ; https://github.com/altqx/hikari/blob/20d647c4c769ab7f5d383cf3c1c33f03876a94e9/HikariSub/EditBox.cpp#L1794"
"205","EDITBOX_TAG_BUTTON_VALUE18","Config.txt","No direct typed getter","legacy table","ordered tag/insertion-mode/name fields","unset (empty string)","Authored preference collection","Tag-button slot 18","map-proposed","Retain all 20 slots and order, including hidden slots. Each legacy table stores tag text, insertion mode and display name; do not flatten to tag text.","https://github.com/altqx/hikari/blob/20d647c4c769ab7f5d383cf3c1c33f03876a94e9/HikariSub/config.h#L272","https://github.com/altqx/hikari/blob/20d647c4c769ab7f5d383cf3c1c33f03876a94e9/HikariSub/EditBox.cpp#L1650 ; https://github.com/altqx/hikari/blob/20d647c4c769ab7f5d383cf3c1c33f03876a94e9/HikariSub/EditBox.cpp#L2020 ; https://github.com/altqx/hikari/blob/20d647c4c769ab7f5d383cf3c1c33f03876a94e9/HikariSub/EditBox.cpp#L1794"
"206","EDITBOX_TAG_BUTTON_VALUE19","Config.txt","No direct typed getter","legacy table","ordered tag/insertion-mode/name fields","unset (empty string)","Authored preference collection","Tag-button slot 19","map-proposed","Retain all 20 slots and order, including hidden slots. Each legacy table stores tag text, insertion mode and display name; do not flatten to tag text.","https://github.com/altqx/hikari/blob/20d647c4c769ab7f5d383cf3c1c33f03876a94e9/HikariSub/config.h#L273","https://github.com/altqx/hikari/blob/20d647c4c769ab7f5d383cf3c1c33f03876a94e9/HikariSub/EditBox.cpp#L1650 ; https://github.com/altqx/hikari/blob/20d647c4c769ab7f5d383cf3c1c33f03876a94e9/HikariSub/EditBox.cpp#L2020 ; https://github.com/altqx/hikari/blob/20d647c4c769ab7f5d383cf3c1c33f03876a94e9/HikariSub/EditBox.cpp#L1794"
"207","EDITBOX_TAG_BUTTON_VALUE20","Config.txt","No direct typed getter","legacy table","ordered tag/insertion-mode/name fields","unset (empty string)","Authored preference collection","Tag-button slot 20","map-proposed","Retain all 20 slots and order, including hidden slots. Each legacy table stores tag text, insertion mode and display name; do not flatten to tag text.","https://github.com/altqx/hikari/blob/20d647c4c769ab7f5d383cf3c1c33f03876a94e9/HikariSub/config.h#L274","https://github.com/altqx/hikari/blob/20d647c4c769ab7f5d383cf3c1c33f03876a94e9/HikariSub/EditBox.cpp#L1650 ; https://github.com/altqx/hikari/blob/20d647c4c769ab7f5d383cf3c1c33f03876a94e9/HikariSub/EditBox.cpp#L2020 ; https://github.com/altqx/hikari/blob/20d647c4c769ab7f5d383cf3c1c33f03876a94e9/HikariSub/EditBox.cpp#L1794"
